{
	"parent": "item/generated",
	"textures": {
		"layer0": "item/carrot_on_a_stick"
	},
 
	"overrides": [
	 {"predicate": {"custom_model_data":1}, "model": "item/kit_1"},
	 {"predicate": {"custom_model_data":2}, "model": "item/kit_2"},
	 {"predicate": {"custom_model_data":3}, "model": "item/kit_3"},
	 {"predicate": {"custom_model_data":4}, "model": "item/kit_4"},
	 {"predicate": {"custom_model_data":5}, "model": "item/kit_5"},
	 {"predicate": {"custom_model_data":6}, "model": "item/kit_6"},
	 {"predicate": {"custom_model_data":7}, "model": "item/kit_7"},
	 {"predicate": {"custom_model_data":8}, "model": "item/kit_8"}
	]
}