{
	"credit": "Made with Blockbench",
	"textures": {
		"2": "block/extended_barrel",
		"particle": "block/extended_barrel"
	},
	"elements": [
		{
			"name": "voxel",
			"from": [7.5, 14.06316, 7.01053],
			"to": [8.76316, 14.48421, 7.43158],
			"faces": {
				"north": {"uv": [0.25, 0.25, 0.75, 0.75], "rotation": 180, "texture": "#2"},
				"east": {"uv": [0.25, 0.25, 0.75, 0.75], "rotation": 90, "texture": "#2"},
				"south": {"uv": [0.25, 0.25, 0.75, 0.75], "texture": "#2"},
				"west": {"uv": [0.25, 0.25, 0.75, 0.75], "rotation": 270, "texture": "#2"},
				"up": {"uv": [0.25, 0.25, 0.75, 0.75], "texture": "#2"},
				"down": {"uv": [0.25, 0.25, 0.75, 0.75], "rotation": 180, "texture": "#2"}
			}
		},
		{
			"name": "voxel",
			"from": [8.76316, 14.06316, 7.43158],
			"to": [9.18421, 14.48421, 8.69474],
			"faces": {
				"north": {"uv": [0.25, 0.25, 0.75, 0.75], "rotation": 180, "texture": "#2"},
				"east": {"uv": [0.25, 0.25, 0.75, 0.75], "rotation": 90, "texture": "#2"},
				"south": {"uv": [0.25, 0.25, 0.75, 0.75], "texture": "#2"},
				"west": {"uv": [0.25, 0.25, 0.75, 0.75], "rotation": 270, "texture": "#2"},
				"up": {"uv": [0.25, 0.25, 0.75, 0.75], "texture": "#2"},
				"down": {"uv": [0.25, 0.25, 0.75, 0.75], "rotation": 180, "texture": "#2"}
			}
		},
		{
			"name": "voxel",
			"from": [7.07895, 14.06316, 7.43158],
			"to": [7.5, 14.48421, 8.69474],
			"faces": {
				"north": {"uv": [0.25, 0.25, 0.75, 0.75], "rotation": 180, "texture": "#2"},
				"east": {"uv": [0.25, 0.25, 0.75, 0.75], "rotation": 90, "texture": "#2"},
				"south": {"uv": [0.25, 0.25, 0.75, 0.75], "texture": "#2"},
				"west": {"uv": [0.25, 0.25, 0.75, 0.75], "rotation": 270, "texture": "#2"},
				"up": {"uv": [0.25, 0.25, 0.75, 0.75], "texture": "#2"},
				"down": {"uv": [0.25, 0.25, 0.75, 0.75], "rotation": 180, "texture": "#2"}
			}
		},
		{
			"name": "voxel",
			"from": [7.5, 14.06316, 8.69474],
			"to": [8.76316, 14.48421, 9.11579],
			"faces": {
				"north": {"uv": [0.25, 0.25, 0.75, 0.75], "rotation": 180, "texture": "#2"},
				"east": {"uv": [0.25, 0.25, 0.75, 0.75], "rotation": 90, "texture": "#2"},
				"south": {"uv": [0.25, 0.25, 0.75, 0.75], "texture": "#2"},
				"west": {"uv": [0.25, 0.25, 0.75, 0.75], "rotation": 270, "texture": "#2"},
				"up": {"uv": [0.25, 0.25, 0.75, 0.75], "texture": "#2"},
				"down": {"uv": [0.25, 0.25, 0.75, 0.75], "rotation": 180, "texture": "#2"}
			}
		},
		{
			"name": "voxel",
			"from": [7.92105, 13.64211, 7.01053],
			"to": [8.34211, 14.06316, 7.43158],
			"faces": {
				"north": {"uv": [5.25, 0.25, 5.75, 0.75], "rotation": 180, "texture": "#2"},
				"east": {"uv": [5.25, 0.25, 5.75, 0.75], "rotation": 90, "texture": "#2"},
				"south": {"uv": [5.25, 0.25, 5.75, 0.75], "texture": "#2"},
				"west": {"uv": [5.25, 0.25, 5.75, 0.75], "rotation": 270, "texture": "#2"},
				"up": {"uv": [5.25, 0.25, 5.75, 0.75], "texture": "#2"},
				"down": {"uv": [5.25, 0.25, 5.75, 0.75], "rotation": 180, "texture": "#2"}
			}
		},
		{
			"name": "voxel",
			"from": [8.76316, 13.64211, 7.85263],
			"to": [9.18421, 14.06316, 8.27368],
			"faces": {
				"north": {"uv": [5.25, 0.25, 5.75, 0.75], "rotation": 180, "texture": "#2"},
				"east": {"uv": [5.25, 0.25, 5.75, 0.75], "rotation": 90, "texture": "#2"},
				"south": {"uv": [5.25, 0.25, 5.75, 0.75], "texture": "#2"},
				"west": {"uv": [5.25, 0.25, 5.75, 0.75], "rotation": 270, "texture": "#2"},
				"up": {"uv": [5.25, 0.25, 5.75, 0.75], "texture": "#2"},
				"down": {"uv": [5.25, 0.25, 5.75, 0.75], "rotation": 180, "texture": "#2"}
			}
		},
		{
			"name": "voxel",
			"from": [7.07895, 13.64211, 7.85263],
			"to": [7.5, 14.06316, 8.27368],
			"faces": {
				"north": {"uv": [5.25, 0.25, 5.75, 0.75], "rotation": 180, "texture": "#2"},
				"east": {"uv": [5.25, 0.25, 5.75, 0.75], "rotation": 90, "texture": "#2"},
				"south": {"uv": [5.25, 0.25, 5.75, 0.75], "texture": "#2"},
				"west": {"uv": [5.25, 0.25, 5.75, 0.75], "rotation": 270, "texture": "#2"},
				"up": {"uv": [5.25, 0.25, 5.75, 0.75], "texture": "#2"},
				"down": {"uv": [5.25, 0.25, 5.75, 0.75], "rotation": 180, "texture": "#2"}
			}
		},
		{
			"name": "voxel",
			"from": [7.92105, 13.64211, 8.69474],
			"to": [8.34211, 14.06316, 9.11579],
			"faces": {
				"north": {"uv": [5.25, 0.25, 5.75, 0.75], "rotation": 180, "texture": "#2"},
				"east": {"uv": [5.25, 0.25, 5.75, 0.75], "rotation": 90, "texture": "#2"},
				"south": {"uv": [5.25, 0.25, 5.75, 0.75], "texture": "#2"},
				"west": {"uv": [5.25, 0.25, 5.75, 0.75], "rotation": 270, "texture": "#2"},
				"up": {"uv": [5.25, 0.25, 5.75, 0.75], "texture": "#2"},
				"down": {"uv": [5.25, 0.25, 5.75, 0.75], "rotation": 180, "texture": "#2"}
			}
		},
		{
			"name": "voxel",
			"from": [8.34211, 13.22105, 7.01053],
			"to": [8.76316, 14.06316, 7.43158],
			"faces": {
				"north": {"uv": [3.25, 0.25, 3.75, 0.75], "rotation": 180, "texture": "#2"},
				"east": {"uv": [3.25, 0.25, 3.75, 0.75], "rotation": 90, "texture": "#2"},
				"south": {"uv": [3.25, 0.25, 3.75, 0.75], "texture": "#2"},
				"west": {"uv": [3.25, 0.25, 3.75, 0.75], "rotation": 270, "texture": "#2"},
				"up": {"uv": [3.25, 0.25, 3.75, 0.75], "texture": "#2"},
				"down": {"uv": [3.25, 0.25, 3.75, 0.75], "rotation": 180, "texture": "#2"}
			}
		},
		{
			"name": "voxel",
			"from": [8.76316, 13.22105, 7.43158],
			"to": [9.18421, 14.06316, 7.85263],
			"faces": {
				"north": {"uv": [3.25, 0.25, 3.75, 0.75], "rotation": 180, "texture": "#2"},
				"east": {"uv": [3.25, 0.25, 3.75, 0.75], "rotation": 90, "texture": "#2"},
				"south": {"uv": [3.25, 0.25, 3.75, 0.75], "texture": "#2"},
				"west": {"uv": [3.25, 0.25, 3.75, 0.75], "rotation": 270, "texture": "#2"},
				"up": {"uv": [3.25, 0.25, 3.75, 0.75], "texture": "#2"},
				"down": {"uv": [3.25, 0.25, 3.75, 0.75], "rotation": 180, "texture": "#2"}
			}
		},
		{
			"name": "voxel",
			"from": [7.07895, 13.22105, 7.43158],
			"to": [7.5, 14.06316, 7.85263],
			"faces": {
				"north": {"uv": [3.25, 0.25, 3.75, 0.75], "rotation": 180, "texture": "#2"},
				"east": {"uv": [3.25, 0.25, 3.75, 0.75], "rotation": 90, "texture": "#2"},
				"south": {"uv": [3.25, 0.25, 3.75, 0.75], "texture": "#2"},
				"west": {"uv": [3.25, 0.25, 3.75, 0.75], "rotation": 270, "texture": "#2"},
				"up": {"uv": [3.25, 0.25, 3.75, 0.75], "texture": "#2"},
				"down": {"uv": [3.25, 0.25, 3.75, 0.75], "rotation": 180, "texture": "#2"}
			}
		},
		{
			"name": "voxel",
			"from": [8.34211, 13.22105, 7.43158],
			"to": [8.76316, 14.27368, 8.69474],
			"faces": {
				"north": {"uv": [1.25, 0.25, 1.75, 0.75], "rotation": 180, "texture": "#2"},
				"east": {"uv": [1.25, 0.25, 1.75, 0.75], "rotation": 90, "texture": "#2"},
				"south": {"uv": [1.25, 0.25, 1.75, 0.75], "texture": "#2"},
				"west": {"uv": [1.25, 0.25, 1.75, 0.75], "rotation": 270, "texture": "#2"},
				"up": {"uv": [1.25, 0.25, 1.75, 0.75], "texture": "#2"},
				"down": {"uv": [1.25, 0.25, 1.75, 0.75], "rotation": 180, "texture": "#2"}
			}
		},
		{
			"name": "voxel",
			"from": [8.34211, 13.22105, 8.69474],
			"to": [8.76316, 14.06316, 9.11579],
			"faces": {
				"north": {"uv": [3.25, 0.25, 3.75, 0.75], "rotation": 180, "texture": "#2"},
				"east": {"uv": [3.25, 0.25, 3.75, 0.75], "rotation": 90, "texture": "#2"},
				"south": {"uv": [3.25, 0.25, 3.75, 0.75], "texture": "#2"},
				"west": {"uv": [3.25, 0.25, 3.75, 0.75], "rotation": 270, "texture": "#2"},
				"up": {"uv": [3.25, 0.25, 3.75, 0.75], "texture": "#2"},
				"down": {"uv": [3.25, 0.25, 3.75, 0.75], "rotation": 180, "texture": "#2"}
			}
		},
		{
			"name": "voxel",
			"from": [7.5, 12.8, 7.01053],
			"to": [7.92105, 14.06316, 7.43158],
			"faces": {
				"north": {"uv": [5.25, 0.25, 5.75, 0.75], "rotation": 180, "texture": "#2"},
				"east": {"uv": [5.25, 0.25, 5.75, 0.75], "rotation": 90, "texture": "#2"},
				"south": {"uv": [5.25, 0.25, 5.75, 0.75], "texture": "#2"},
				"west": {"uv": [5.25, 0.25, 5.75, 0.75], "rotation": 270, "texture": "#2"},
				"up": {"uv": [5.25, 0.25, 5.75, 0.75], "texture": "#2"},
				"down": {"uv": [5.25, 0.25, 5.75, 0.75], "rotation": 180, "texture": "#2"}
			}
		},
		{
			"name": "voxel",
			"from": [8.76316, 12.8, 8.27368],
			"to": [9.18421, 14.06316, 8.69474],
			"faces": {
				"north": {"uv": [5.25, 0.25, 5.75, 0.75], "rotation": 180, "texture": "#2"},
				"east": {"uv": [5.25, 0.25, 5.75, 0.75], "rotation": 90, "texture": "#2"},
				"south": {"uv": [5.25, 0.25, 5.75, 0.75], "texture": "#2"},
				"west": {"uv": [5.25, 0.25, 5.75, 0.75], "rotation": 270, "texture": "#2"},
				"up": {"uv": [5.25, 0.25, 5.75, 0.75], "texture": "#2"},
				"down": {"uv": [5.25, 0.25, 5.75, 0.75], "rotation": 180, "texture": "#2"}
			}
		},
		{
			"name": "voxel",
			"from": [7.07895, 12.8, 8.27368],
			"to": [7.5, 14.06316, 8.69474],
			"faces": {
				"north": {"uv": [5.25, 0.25, 5.75, 0.75], "rotation": 180, "texture": "#2"},
				"east": {"uv": [5.25, 0.25, 5.75, 0.75], "rotation": 90, "texture": "#2"},
				"south": {"uv": [5.25, 0.25, 5.75, 0.75], "texture": "#2"},
				"west": {"uv": [5.25, 0.25, 5.75, 0.75], "rotation": 270, "texture": "#2"},
				"up": {"uv": [5.25, 0.25, 5.75, 0.75], "texture": "#2"},
				"down": {"uv": [5.25, 0.25, 5.75, 0.75], "rotation": 180, "texture": "#2"}
			}
		},
		{
			"name": "voxel",
			"from": [7.5, 12.8, 8.69474],
			"to": [7.92105, 14.06316, 9.11579],
			"faces": {
				"north": {"uv": [5.25, 0.25, 5.75, 0.75], "rotation": 180, "texture": "#2"},
				"east": {"uv": [5.25, 0.25, 5.75, 0.75], "rotation": 90, "texture": "#2"},
				"south": {"uv": [5.25, 0.25, 5.75, 0.75], "texture": "#2"},
				"west": {"uv": [5.25, 0.25, 5.75, 0.75], "rotation": 270, "texture": "#2"},
				"up": {"uv": [5.25, 0.25, 5.75, 0.75], "texture": "#2"},
				"down": {"uv": [5.25, 0.25, 5.75, 0.75], "rotation": 180, "texture": "#2"}
			}
		},
		{
			"name": "voxel",
			"from": [8.34211, 12.37895, 7.01053],
			"to": [8.76316, 13.22105, 7.43158],
			"faces": {
				"north": {"uv": [4.25, 0.25, 4.75, 0.75], "rotation": 180, "texture": "#2"},
				"east": {"uv": [4.25, 0.25, 4.75, 0.75], "rotation": 90, "texture": "#2"},
				"south": {"uv": [4.25, 0.25, 4.75, 0.75], "texture": "#2"},
				"west": {"uv": [4.25, 0.25, 4.75, 0.75], "rotation": 270, "texture": "#2"},
				"up": {"uv": [4.25, 0.25, 4.75, 0.75], "texture": "#2"},
				"down": {"uv": [4.25, 0.25, 4.75, 0.75], "rotation": 180, "texture": "#2"}
			}
		},
		{
			"name": "voxel",
			"from": [7.92105, 12.37895, 7.01053],
			"to": [8.34211, 13.64211, 7.43158],
			"faces": {
				"north": {"uv": [3.25, 0.25, 3.75, 0.75], "rotation": 180, "texture": "#2"},
				"east": {"uv": [3.25, 0.25, 3.75, 0.75], "rotation": 90, "texture": "#2"},
				"south": {"uv": [3.25, 0.25, 3.75, 0.75], "texture": "#2"},
				"west": {"uv": [3.25, 0.25, 3.75, 0.75], "rotation": 270, "texture": "#2"},
				"up": {"uv": [3.25, 0.25, 3.75, 0.75], "texture": "#2"},
				"down": {"uv": [3.25, 0.25, 3.75, 0.75], "rotation": 180, "texture": "#2"}
			}
		},
		{
			"name": "voxel",
			"from": [8.76316, 12.37895, 7.43158],
			"to": [9.18421, 13.22105, 7.85263],
			"faces": {
				"north": {"uv": [4.25, 0.25, 4.75, 0.75], "rotation": 180, "texture": "#2"},
				"east": {"uv": [4.25, 0.25, 4.75, 0.75], "rotation": 90, "texture": "#2"},
				"south": {"uv": [4.25, 0.25, 4.75, 0.75], "texture": "#2"},
				"west": {"uv": [4.25, 0.25, 4.75, 0.75], "rotation": 270, "texture": "#2"},
				"up": {"uv": [4.25, 0.25, 4.75, 0.75], "texture": "#2"},
				"down": {"uv": [4.25, 0.25, 4.75, 0.75], "rotation": 180, "texture": "#2"}
			}
		},
		{
			"name": "voxel",
			"from": [7.07895, 12.37895, 7.43158],
			"to": [7.5, 13.22105, 7.85263],
			"faces": {
				"north": {"uv": [4.25, 0.25, 4.75, 0.75], "rotation": 180, "texture": "#2"},
				"east": {"uv": [4.25, 0.25, 4.75, 0.75], "rotation": 90, "texture": "#2"},
				"south": {"uv": [4.25, 0.25, 4.75, 0.75], "texture": "#2"},
				"west": {"uv": [4.25, 0.25, 4.75, 0.75], "rotation": 270, "texture": "#2"},
				"up": {"uv": [4.25, 0.25, 4.75, 0.75], "texture": "#2"},
				"down": {"uv": [4.25, 0.25, 4.75, 0.75], "rotation": 180, "texture": "#2"}
			}
		},
		{
			"name": "voxel",
			"from": [8.76316, 12.37895, 7.85263],
			"to": [9.18421, 13.64211, 8.27368],
			"faces": {
				"north": {"uv": [3.25, 0.25, 3.75, 0.75], "rotation": 180, "texture": "#2"},
				"east": {"uv": [3.25, 0.25, 3.75, 0.75], "rotation": 90, "texture": "#2"},
				"south": {"uv": [3.25, 0.25, 3.75, 0.75], "texture": "#2"},
				"west": {"uv": [3.25, 0.25, 3.75, 0.75], "rotation": 270, "texture": "#2"},
				"up": {"uv": [3.25, 0.25, 3.75, 0.75], "texture": "#2"},
				"down": {"uv": [3.25, 0.25, 3.75, 0.75], "rotation": 180, "texture": "#2"}
			}
		},
		{
			"name": "voxel",
			"from": [7.07895, 12.37895, 7.85263],
			"to": [7.5, 13.64211, 8.27368],
			"faces": {
				"north": {"uv": [3.25, 0.25, 3.75, 0.75], "rotation": 180, "texture": "#2"},
				"east": {"uv": [3.25, 0.25, 3.75, 0.75], "rotation": 90, "texture": "#2"},
				"south": {"uv": [3.25, 0.25, 3.75, 0.75], "texture": "#2"},
				"west": {"uv": [3.25, 0.25, 3.75, 0.75], "rotation": 270, "texture": "#2"},
				"up": {"uv": [3.25, 0.25, 3.75, 0.75], "texture": "#2"},
				"down": {"uv": [3.25, 0.25, 3.75, 0.75], "rotation": 180, "texture": "#2"}
			}
		},
		{
			"name": "voxel",
			"from": [7.92105, 12.37895, 7.43158],
			"to": [8.34211, 14.27368, 8.69474],
			"faces": {
				"north": {"uv": [1.25, 0.25, 1.75, 0.75], "rotation": 180, "texture": "#2"},
				"east": {"uv": [1.25, 0.25, 1.75, 0.75], "rotation": 90, "texture": "#2"},
				"south": {"uv": [1.25, 0.25, 1.75, 0.75], "texture": "#2"},
				"west": {"uv": [1.25, 0.25, 1.75, 0.75], "rotation": 270, "texture": "#2"},
				"up": {"uv": [1.25, 0.25, 1.75, 0.75], "texture": "#2"},
				"down": {"uv": [1.25, 0.25, 1.75, 0.75], "rotation": 180, "texture": "#2"}
			}
		},
		{
			"name": "voxel",
			"from": [8.34211, 12.37895, 8.69474],
			"to": [8.76316, 13.22105, 9.11579],
			"faces": {
				"north": {"uv": [4.25, 0.25, 4.75, 0.75], "rotation": 180, "texture": "#2"},
				"east": {"uv": [4.25, 0.25, 4.75, 0.75], "rotation": 90, "texture": "#2"},
				"south": {"uv": [4.25, 0.25, 4.75, 0.75], "texture": "#2"},
				"west": {"uv": [4.25, 0.25, 4.75, 0.75], "rotation": 270, "texture": "#2"},
				"up": {"uv": [4.25, 0.25, 4.75, 0.75], "texture": "#2"},
				"down": {"uv": [4.25, 0.25, 4.75, 0.75], "rotation": 180, "texture": "#2"}
			}
		},
		{
			"name": "voxel",
			"from": [7.92105, 12.37895, 8.69474],
			"to": [8.34211, 13.64211, 9.11579],
			"faces": {
				"north": {"uv": [3.25, 0.25, 3.75, 0.75], "rotation": 180, "texture": "#2"},
				"east": {"uv": [3.25, 0.25, 3.75, 0.75], "rotation": 90, "texture": "#2"},
				"south": {"uv": [3.25, 0.25, 3.75, 0.75], "texture": "#2"},
				"west": {"uv": [3.25, 0.25, 3.75, 0.75], "rotation": 270, "texture": "#2"},
				"up": {"uv": [3.25, 0.25, 3.75, 0.75], "texture": "#2"},
				"down": {"uv": [3.25, 0.25, 3.75, 0.75], "rotation": 180, "texture": "#2"}
			}
		},
		{
			"name": "voxel",
			"from": [8.76316, 11.53684, 7.01053],
			"to": [9.18421, 14.48421, 7.43158],
			"faces": {
				"north": {"uv": [0.25, 0.25, 0.75, 0.75], "rotation": 180, "texture": "#2"},
				"east": {"uv": [0.25, 0.25, 0.75, 0.75], "rotation": 90, "texture": "#2"},
				"south": {"uv": [0.25, 0.25, 0.75, 0.75], "texture": "#2"},
				"west": {"uv": [0.25, 0.25, 0.75, 0.75], "rotation": 270, "texture": "#2"},
				"up": {"uv": [0.25, 0.25, 0.75, 0.75], "texture": "#2"},
				"down": {"uv": [0.25, 0.25, 0.75, 0.75], "rotation": 180, "texture": "#2"}
			}
		},
		{
			"name": "voxel",
			"from": [7.92105, 11.53684, 7.01053],
			"to": [8.76316, 12.37895, 7.43158],
			"faces": {
				"north": {"uv": [4.25, 0.25, 4.75, 0.75], "rotation": 180, "texture": "#2"},
				"east": {"uv": [4.25, 0.25, 4.75, 0.75], "rotation": 90, "texture": "#2"},
				"south": {"uv": [4.25, 0.25, 4.75, 0.75], "texture": "#2"},
				"west": {"uv": [4.25, 0.25, 4.75, 0.75], "rotation": 270, "texture": "#2"},
				"up": {"uv": [4.25, 0.25, 4.75, 0.75], "texture": "#2"},
				"down": {"uv": [4.25, 0.25, 4.75, 0.75], "rotation": 180, "texture": "#2"}
			}
		},
		{
			"name": "voxel",
			"from": [7.5, 11.53684, 7.01053],
			"to": [7.92105, 12.8, 7.43158],
			"faces": {
				"north": {"uv": [3.25, 0.25, 3.75, 0.75], "rotation": 180, "texture": "#2"},
				"east": {"uv": [3.25, 0.25, 3.75, 0.75], "rotation": 90, "texture": "#2"},
				"south": {"uv": [3.25, 0.25, 3.75, 0.75], "texture": "#2"},
				"west": {"uv": [3.25, 0.25, 3.75, 0.75], "rotation": 270, "texture": "#2"},
				"up": {"uv": [3.25, 0.25, 3.75, 0.75], "texture": "#2"},
				"down": {"uv": [3.25, 0.25, 3.75, 0.75], "rotation": 180, "texture": "#2"}
			}
		},
		{
			"name": "voxel",
			"from": [7.07895, 11.53684, 7.01053],
			"to": [7.5, 14.48421, 7.43158],
			"faces": {
				"north": {"uv": [0.25, 0.25, 0.75, 0.75], "rotation": 180, "texture": "#2"},
				"east": {"uv": [0.25, 0.25, 0.75, 0.75], "rotation": 90, "texture": "#2"},
				"south": {"uv": [0.25, 0.25, 0.75, 0.75], "texture": "#2"},
				"west": {"uv": [0.25, 0.25, 0.75, 0.75], "rotation": 270, "texture": "#2"},
				"up": {"uv": [0.25, 0.25, 0.75, 0.75], "texture": "#2"},
				"down": {"uv": [0.25, 0.25, 0.75, 0.75], "rotation": 180, "texture": "#2"}
			}
		},
		{
			"name": "voxel",
			"from": [8.76316, 11.53684, 7.43158],
			"to": [9.18421, 12.37895, 8.27368],
			"faces": {
				"north": {"uv": [4.25, 0.25, 4.75, 0.75], "rotation": 180, "texture": "#2"},
				"east": {"uv": [4.25, 0.25, 4.75, 0.75], "rotation": 90, "texture": "#2"},
				"south": {"uv": [4.25, 0.25, 4.75, 0.75], "texture": "#2"},
				"west": {"uv": [4.25, 0.25, 4.75, 0.75], "rotation": 270, "texture": "#2"},
				"up": {"uv": [4.25, 0.25, 4.75, 0.75], "texture": "#2"},
				"down": {"uv": [4.25, 0.25, 4.75, 0.75], "rotation": 180, "texture": "#2"}
			}
		},
		{
			"name": "voxel",
			"from": [7.07895, 11.53684, 7.43158],
			"to": [7.5, 12.37895, 8.27368],
			"faces": {
				"north": {"uv": [4.25, 0.25, 4.75, 0.75], "rotation": 180, "texture": "#2"},
				"east": {"uv": [4.25, 0.25, 4.75, 0.75], "rotation": 90, "texture": "#2"},
				"south": {"uv": [4.25, 0.25, 4.75, 0.75], "texture": "#2"},
				"west": {"uv": [4.25, 0.25, 4.75, 0.75], "rotation": 270, "texture": "#2"},
				"up": {"uv": [4.25, 0.25, 4.75, 0.75], "texture": "#2"},
				"down": {"uv": [4.25, 0.25, 4.75, 0.75], "rotation": 180, "texture": "#2"}
			}
		},
		{
			"name": "voxel",
			"from": [8.76316, 11.53684, 8.27368],
			"to": [9.18421, 12.8, 8.69474],
			"faces": {
				"north": {"uv": [3.25, 0.25, 3.75, 0.75], "rotation": 180, "texture": "#2"},
				"east": {"uv": [3.25, 0.25, 3.75, 0.75], "rotation": 90, "texture": "#2"},
				"south": {"uv": [3.25, 0.25, 3.75, 0.75], "texture": "#2"},
				"west": {"uv": [3.25, 0.25, 3.75, 0.75], "rotation": 270, "texture": "#2"},
				"up": {"uv": [3.25, 0.25, 3.75, 0.75], "texture": "#2"},
				"down": {"uv": [3.25, 0.25, 3.75, 0.75], "rotation": 180, "texture": "#2"}
			}
		},
		{
			"name": "voxel",
			"from": [7.5, 11.53684, 7.43158],
			"to": [7.92105, 14.27368, 8.69474],
			"faces": {
				"north": {"uv": [1.25, 0.25, 1.75, 0.75], "rotation": 180, "texture": "#2"},
				"east": {"uv": [1.25, 0.25, 1.75, 0.75], "rotation": 90, "texture": "#2"},
				"south": {"uv": [1.25, 0.25, 1.75, 0.75], "texture": "#2"},
				"west": {"uv": [1.25, 0.25, 1.75, 0.75], "rotation": 270, "texture": "#2"},
				"up": {"uv": [1.25, 0.25, 1.75, 0.75], "texture": "#2"},
				"down": {"uv": [1.25, 0.25, 1.75, 0.75], "rotation": 180, "texture": "#2"}
			}
		},
		{
			"name": "voxel",
			"from": [7.07895, 11.53684, 8.27368],
			"to": [7.5, 12.8, 8.69474],
			"faces": {
				"north": {"uv": [3.25, 0.25, 3.75, 0.75], "rotation": 180, "texture": "#2"},
				"east": {"uv": [3.25, 0.25, 3.75, 0.75], "rotation": 90, "texture": "#2"},
				"south": {"uv": [3.25, 0.25, 3.75, 0.75], "texture": "#2"},
				"west": {"uv": [3.25, 0.25, 3.75, 0.75], "rotation": 270, "texture": "#2"},
				"up": {"uv": [3.25, 0.25, 3.75, 0.75], "texture": "#2"},
				"down": {"uv": [3.25, 0.25, 3.75, 0.75], "rotation": 180, "texture": "#2"}
			}
		},
		{
			"name": "voxel",
			"from": [8.76316, 11.53684, 8.69474],
			"to": [9.18421, 14.48421, 9.11579],
			"faces": {
				"north": {"uv": [0.25, 0.25, 0.75, 0.75], "rotation": 180, "texture": "#2"},
				"east": {"uv": [0.25, 0.25, 0.75, 0.75], "rotation": 90, "texture": "#2"},
				"south": {"uv": [0.25, 0.25, 0.75, 0.75], "texture": "#2"},
				"west": {"uv": [0.25, 0.25, 0.75, 0.75], "rotation": 270, "texture": "#2"},
				"up": {"uv": [0.25, 0.25, 0.75, 0.75], "texture": "#2"},
				"down": {"uv": [0.25, 0.25, 0.75, 0.75], "rotation": 180, "texture": "#2"}
			}
		},
		{
			"name": "voxel",
			"from": [7.92105, 11.53684, 8.69474],
			"to": [8.76316, 12.37895, 9.11579],
			"faces": {
				"north": {"uv": [4.25, 0.25, 4.75, 0.75], "rotation": 180, "texture": "#2"},
				"east": {"uv": [4.25, 0.25, 4.75, 0.75], "rotation": 90, "texture": "#2"},
				"south": {"uv": [4.25, 0.25, 4.75, 0.75], "texture": "#2"},
				"west": {"uv": [4.25, 0.25, 4.75, 0.75], "rotation": 270, "texture": "#2"},
				"up": {"uv": [4.25, 0.25, 4.75, 0.75], "texture": "#2"},
				"down": {"uv": [4.25, 0.25, 4.75, 0.75], "rotation": 180, "texture": "#2"}
			}
		},
		{
			"name": "voxel",
			"from": [7.5, 11.53684, 8.69474],
			"to": [7.92105, 12.8, 9.11579],
			"faces": {
				"north": {"uv": [3.25, 0.25, 3.75, 0.75], "rotation": 180, "texture": "#2"},
				"east": {"uv": [3.25, 0.25, 3.75, 0.75], "rotation": 90, "texture": "#2"},
				"south": {"uv": [3.25, 0.25, 3.75, 0.75], "texture": "#2"},
				"west": {"uv": [3.25, 0.25, 3.75, 0.75], "rotation": 270, "texture": "#2"},
				"up": {"uv": [3.25, 0.25, 3.75, 0.75], "texture": "#2"},
				"down": {"uv": [3.25, 0.25, 3.75, 0.75], "rotation": 180, "texture": "#2"}
			}
		},
		{
			"name": "voxel",
			"from": [7.07895, 11.53684, 8.69474],
			"to": [7.5, 14.48421, 9.11579],
			"faces": {
				"north": {"uv": [0.25, 0.25, 0.75, 0.75], "rotation": 180, "texture": "#2"},
				"east": {"uv": [0.25, 0.25, 0.75, 0.75], "rotation": 90, "texture": "#2"},
				"south": {"uv": [0.25, 0.25, 0.75, 0.75], "texture": "#2"},
				"west": {"uv": [0.25, 0.25, 0.75, 0.75], "rotation": 270, "texture": "#2"},
				"up": {"uv": [0.25, 0.25, 0.75, 0.75], "texture": "#2"},
				"down": {"uv": [0.25, 0.25, 0.75, 0.75], "rotation": 180, "texture": "#2"}
			}
		},
		{
			"name": "voxel",
			"from": [7.5, 11.11579, 7.01053],
			"to": [8.76316, 11.53684, 7.43158],
			"faces": {
				"north": {"uv": [0.25, 0.25, 0.75, 0.75], "rotation": 180, "texture": "#2"},
				"east": {"uv": [0.25, 0.25, 0.75, 0.75], "rotation": 90, "texture": "#2"},
				"south": {"uv": [0.25, 0.25, 0.75, 0.75], "texture": "#2"},
				"west": {"uv": [0.25, 0.25, 0.75, 0.75], "rotation": 270, "texture": "#2"},
				"up": {"uv": [0.25, 0.25, 0.75, 0.75], "texture": "#2"},
				"down": {"uv": [0.25, 0.25, 0.75, 0.75], "rotation": 180, "texture": "#2"}
			}
		},
		{
			"name": "voxel",
			"from": [8.34211, 11.11579, 7.43158],
			"to": [8.76316, 11.53684, 7.85263],
			"faces": {
				"north": {"uv": [2.25, 0.25, 2.75, 0.75], "rotation": 180, "texture": "#2"},
				"east": {"uv": [2.25, 0.25, 2.75, 0.75], "rotation": 90, "texture": "#2"},
				"south": {"uv": [2.25, 0.25, 2.75, 0.75], "texture": "#2"},
				"west": {"uv": [2.25, 0.25, 2.75, 0.75], "rotation": 270, "texture": "#2"},
				"up": {"uv": [2.25, 0.25, 2.75, 0.75], "texture": "#2"},
				"down": {"uv": [2.25, 0.25, 2.75, 0.75], "rotation": 180, "texture": "#2"}
			}
		},
		{
			"name": "voxel",
			"from": [7.5, 11.11579, 7.43158],
			"to": [7.92105, 11.53684, 7.85263],
			"faces": {
				"north": {"uv": [2.25, 0.25, 2.75, 0.75], "rotation": 180, "texture": "#2"},
				"east": {"uv": [2.25, 0.25, 2.75, 0.75], "rotation": 90, "texture": "#2"},
				"south": {"uv": [2.25, 0.25, 2.75, 0.75], "texture": "#2"},
				"west": {"uv": [2.25, 0.25, 2.75, 0.75], "rotation": 270, "texture": "#2"},
				"up": {"uv": [2.25, 0.25, 2.75, 0.75], "texture": "#2"},
				"down": {"uv": [2.25, 0.25, 2.75, 0.75], "rotation": 180, "texture": "#2"}
			}
		},
		{
			"name": "voxel",
			"from": [7.92105, 11.11579, 7.85263],
			"to": [8.34211, 11.53684, 8.27368],
			"faces": {
				"north": {"uv": [2.25, 0.25, 2.75, 0.75], "rotation": 180, "texture": "#2"},
				"east": {"uv": [2.25, 0.25, 2.75, 0.75], "rotation": 90, "texture": "#2"},
				"south": {"uv": [2.25, 0.25, 2.75, 0.75], "texture": "#2"},
				"west": {"uv": [2.25, 0.25, 2.75, 0.75], "rotation": 270, "texture": "#2"},
				"up": {"uv": [2.25, 0.25, 2.75, 0.75], "texture": "#2"},
				"down": {"uv": [2.25, 0.25, 2.75, 0.75], "rotation": 180, "texture": "#2"}
			}
		},
		{
			"name": "voxel",
			"from": [8.76316, 11.11579, 7.01053],
			"to": [9.18421, 11.53684, 8.69474],
			"faces": {
				"north": {"uv": [0.25, 0.25, 0.75, 0.75], "rotation": 180, "texture": "#2"},
				"east": {"uv": [0.25, 0.25, 0.75, 0.75], "rotation": 90, "texture": "#2"},
				"south": {"uv": [0.25, 0.25, 0.75, 0.75], "texture": "#2"},
				"west": {"uv": [0.25, 0.25, 0.75, 0.75], "rotation": 270, "texture": "#2"},
				"up": {"uv": [0.25, 0.25, 0.75, 0.75], "texture": "#2"},
				"down": {"uv": [0.25, 0.25, 0.75, 0.75], "rotation": 180, "texture": "#2"}
			}
		},
		{
			"name": "voxel",
			"from": [8.34211, 11.11579, 8.27368],
			"to": [8.76316, 11.53684, 8.69474],
			"faces": {
				"north": {"uv": [2.25, 0.25, 2.75, 0.75], "rotation": 180, "texture": "#2"},
				"east": {"uv": [2.25, 0.25, 2.75, 0.75], "rotation": 90, "texture": "#2"},
				"south": {"uv": [2.25, 0.25, 2.75, 0.75], "texture": "#2"},
				"west": {"uv": [2.25, 0.25, 2.75, 0.75], "rotation": 270, "texture": "#2"},
				"up": {"uv": [2.25, 0.25, 2.75, 0.75], "texture": "#2"},
				"down": {"uv": [2.25, 0.25, 2.75, 0.75], "rotation": 180, "texture": "#2"}
			}
		},
		{
			"name": "voxel",
			"from": [7.5, 11.11579, 8.27368],
			"to": [7.92105, 11.53684, 8.69474],
			"faces": {
				"north": {"uv": [2.25, 0.25, 2.75, 0.75], "rotation": 180, "texture": "#2"},
				"east": {"uv": [2.25, 0.25, 2.75, 0.75], "rotation": 90, "texture": "#2"},
				"south": {"uv": [2.25, 0.25, 2.75, 0.75], "texture": "#2"},
				"west": {"uv": [2.25, 0.25, 2.75, 0.75], "rotation": 270, "texture": "#2"},
				"up": {"uv": [2.25, 0.25, 2.75, 0.75], "texture": "#2"},
				"down": {"uv": [2.25, 0.25, 2.75, 0.75], "rotation": 180, "texture": "#2"}
			}
		},
		{
			"name": "voxel",
			"from": [7.07895, 11.11579, 7.01053],
			"to": [7.5, 11.53684, 8.69474],
			"faces": {
				"north": {"uv": [0.25, 0.25, 0.75, 0.75], "rotation": 180, "texture": "#2"},
				"east": {"uv": [0.25, 0.25, 0.75, 0.75], "rotation": 90, "texture": "#2"},
				"south": {"uv": [0.25, 0.25, 0.75, 0.75], "texture": "#2"},
				"west": {"uv": [0.25, 0.25, 0.75, 0.75], "rotation": 270, "texture": "#2"},
				"up": {"uv": [0.25, 0.25, 0.75, 0.75], "texture": "#2"},
				"down": {"uv": [0.25, 0.25, 0.75, 0.75], "rotation": 180, "texture": "#2"}
			}
		},
		{
			"name": "voxel",
			"from": [7.07895, 11.11579, 8.69474],
			"to": [9.18421, 11.53684, 9.11579],
			"faces": {
				"north": {"uv": [0.25, 0.25, 0.75, 0.75], "rotation": 180, "texture": "#2"},
				"east": {"uv": [0.25, 0.25, 0.75, 0.75], "rotation": 90, "texture": "#2"},
				"south": {"uv": [0.25, 0.25, 0.75, 0.75], "texture": "#2"},
				"west": {"uv": [0.25, 0.25, 0.75, 0.75], "rotation": 270, "texture": "#2"},
				"up": {"uv": [0.25, 0.25, 0.75, 0.75], "texture": "#2"},
				"down": {"uv": [0.25, 0.25, 0.75, 0.75], "rotation": 180, "texture": "#2"}
			}
		},
		{
			"name": "voxel",
			"from": [7.92105, 9.01053, 7.43158],
			"to": [8.34211, 11.53684, 7.85263],
			"faces": {
				"north": {"uv": [2.25, 0.25, 2.75, 0.75], "rotation": 180, "texture": "#2"},
				"east": {"uv": [2.25, 0.25, 2.75, 0.75], "rotation": 90, "texture": "#2"},
				"south": {"uv": [2.25, 0.25, 2.75, 0.75], "texture": "#2"},
				"west": {"uv": [2.25, 0.25, 2.75, 0.75], "rotation": 270, "texture": "#2"},
				"up": {"uv": [2.25, 0.25, 2.75, 0.75], "texture": "#2"},
				"down": {"uv": [2.25, 0.25, 2.75, 0.75], "rotation": 180, "texture": "#2"}
			}
		},
		{
			"name": "voxel",
			"from": [8.34211, 9.01053, 7.85263],
			"to": [8.76316, 11.53684, 8.27368],
			"faces": {
				"north": {"uv": [2.25, 0.25, 2.75, 0.75], "rotation": 180, "texture": "#2"},
				"east": {"uv": [2.25, 0.25, 2.75, 0.75], "rotation": 90, "texture": "#2"},
				"south": {"uv": [2.25, 0.25, 2.75, 0.75], "texture": "#2"},
				"west": {"uv": [2.25, 0.25, 2.75, 0.75], "rotation": 270, "texture": "#2"},
				"up": {"uv": [2.25, 0.25, 2.75, 0.75], "texture": "#2"},
				"down": {"uv": [2.25, 0.25, 2.75, 0.75], "rotation": 180, "texture": "#2"}
			}
		},
		{
			"name": "voxel",
			"from": [7.5, 9.01053, 7.85263],
			"to": [7.92105, 11.53684, 8.27368],
			"faces": {
				"north": {"uv": [2.25, 0.25, 2.75, 0.75], "rotation": 180, "texture": "#2"},
				"east": {"uv": [2.25, 0.25, 2.75, 0.75], "rotation": 90, "texture": "#2"},
				"south": {"uv": [2.25, 0.25, 2.75, 0.75], "texture": "#2"},
				"west": {"uv": [2.25, 0.25, 2.75, 0.75], "rotation": 270, "texture": "#2"},
				"up": {"uv": [2.25, 0.25, 2.75, 0.75], "texture": "#2"},
				"down": {"uv": [2.25, 0.25, 2.75, 0.75], "rotation": 180, "texture": "#2"}
			}
		},
		{
			"name": "voxel",
			"from": [7.92105, 9.01053, 8.27368],
			"to": [8.34211, 11.53684, 8.69474],
			"faces": {
				"north": {"uv": [2.25, 0.25, 2.75, 0.75], "rotation": 180, "texture": "#2"},
				"east": {"uv": [2.25, 0.25, 2.75, 0.75], "rotation": 90, "texture": "#2"},
				"south": {"uv": [2.25, 0.25, 2.75, 0.75], "texture": "#2"},
				"west": {"uv": [2.25, 0.25, 2.75, 0.75], "rotation": 270, "texture": "#2"},
				"up": {"uv": [2.25, 0.25, 2.75, 0.75], "texture": "#2"},
				"down": {"uv": [2.25, 0.25, 2.75, 0.75], "rotation": 180, "texture": "#2"}
			}
		},
		{
			"name": "voxel",
			"from": [7.92105, 6.90526, 7.43158],
			"to": [8.34211, 9.01053, 7.85263],
			"faces": {
				"north": {"uv": [5.25, 0.25, 5.75, 0.75], "rotation": 180, "texture": "#2"},
				"east": {"uv": [5.25, 0.25, 5.75, 0.75], "rotation": 90, "texture": "#2"},
				"south": {"uv": [5.25, 0.25, 5.75, 0.75], "texture": "#2"},
				"west": {"uv": [5.25, 0.25, 5.75, 0.75], "rotation": 270, "texture": "#2"},
				"up": {"uv": [5.25, 0.25, 5.75, 0.75], "texture": "#2"},
				"down": {"uv": [5.25, 0.25, 5.75, 0.75], "rotation": 180, "texture": "#2"}
			}
		},
		{
			"name": "voxel",
			"from": [8.34211, 6.90526, 7.85263],
			"to": [8.76316, 9.01053, 8.27368],
			"faces": {
				"north": {"uv": [5.25, 0.25, 5.75, 0.75], "rotation": 180, "texture": "#2"},
				"east": {"uv": [5.25, 0.25, 5.75, 0.75], "rotation": 90, "texture": "#2"},
				"south": {"uv": [5.25, 0.25, 5.75, 0.75], "texture": "#2"},
				"west": {"uv": [5.25, 0.25, 5.75, 0.75], "rotation": 270, "texture": "#2"},
				"up": {"uv": [5.25, 0.25, 5.75, 0.75], "texture": "#2"},
				"down": {"uv": [5.25, 0.25, 5.75, 0.75], "rotation": 180, "texture": "#2"}
			}
		},
		{
			"name": "voxel",
			"from": [7.5, 6.90526, 7.85263],
			"to": [7.92105, 9.01053, 8.27368],
			"faces": {
				"north": {"uv": [5.25, 0.25, 5.75, 0.75], "rotation": 180, "texture": "#2"},
				"east": {"uv": [5.25, 0.25, 5.75, 0.75], "rotation": 90, "texture": "#2"},
				"south": {"uv": [5.25, 0.25, 5.75, 0.75], "texture": "#2"},
				"west": {"uv": [5.25, 0.25, 5.75, 0.75], "rotation": 270, "texture": "#2"},
				"up": {"uv": [5.25, 0.25, 5.75, 0.75], "texture": "#2"},
				"down": {"uv": [5.25, 0.25, 5.75, 0.75], "rotation": 180, "texture": "#2"}
			}
		},
		{
			"name": "voxel",
			"from": [7.92105, 6.90526, 8.27368],
			"to": [8.34211, 9.01053, 8.69474],
			"faces": {
				"north": {"uv": [5.25, 0.25, 5.75, 0.75], "rotation": 180, "texture": "#2"},
				"east": {"uv": [5.25, 0.25, 5.75, 0.75], "rotation": 90, "texture": "#2"},
				"south": {"uv": [5.25, 0.25, 5.75, 0.75], "texture": "#2"},
				"west": {"uv": [5.25, 0.25, 5.75, 0.75], "rotation": 270, "texture": "#2"},
				"up": {"uv": [5.25, 0.25, 5.75, 0.75], "texture": "#2"},
				"down": {"uv": [5.25, 0.25, 5.75, 0.75], "rotation": 180, "texture": "#2"}
			}
		},
		{
			"name": "voxel",
			"from": [7.92105, 5.22105, 7.43158],
			"to": [8.34211, 6.90526, 7.85263],
			"faces": {
				"north": {"uv": [3.25, 0.25, 3.75, 0.75], "rotation": 180, "texture": "#2"},
				"east": {"uv": [3.25, 0.25, 3.75, 0.75], "rotation": 90, "texture": "#2"},
				"south": {"uv": [3.25, 0.25, 3.75, 0.75], "texture": "#2"},
				"west": {"uv": [3.25, 0.25, 3.75, 0.75], "rotation": 270, "texture": "#2"},
				"up": {"uv": [3.25, 0.25, 3.75, 0.75], "texture": "#2"},
				"down": {"uv": [3.25, 0.25, 3.75, 0.75], "rotation": 180, "texture": "#2"}
			}
		},
		{
			"name": "voxel",
			"from": [8.34211, 5.22105, 7.85263],
			"to": [8.76316, 6.90526, 8.27368],
			"faces": {
				"north": {"uv": [3.25, 0.25, 3.75, 0.75], "rotation": 180, "texture": "#2"},
				"east": {"uv": [3.25, 0.25, 3.75, 0.75], "rotation": 90, "texture": "#2"},
				"south": {"uv": [3.25, 0.25, 3.75, 0.75], "texture": "#2"},
				"west": {"uv": [3.25, 0.25, 3.75, 0.75], "rotation": 270, "texture": "#2"},
				"up": {"uv": [3.25, 0.25, 3.75, 0.75], "texture": "#2"},
				"down": {"uv": [3.25, 0.25, 3.75, 0.75], "rotation": 180, "texture": "#2"}
			}
		},
		{
			"name": "voxel",
			"from": [7.5, 5.22105, 7.85263],
			"to": [7.92105, 6.90526, 8.27368],
			"faces": {
				"north": {"uv": [3.25, 0.25, 3.75, 0.75], "rotation": 180, "texture": "#2"},
				"east": {"uv": [3.25, 0.25, 3.75, 0.75], "rotation": 90, "texture": "#2"},
				"south": {"uv": [3.25, 0.25, 3.75, 0.75], "texture": "#2"},
				"west": {"uv": [3.25, 0.25, 3.75, 0.75], "rotation": 270, "texture": "#2"},
				"up": {"uv": [3.25, 0.25, 3.75, 0.75], "texture": "#2"},
				"down": {"uv": [3.25, 0.25, 3.75, 0.75], "rotation": 180, "texture": "#2"}
			}
		},
		{
			"name": "voxel",
			"from": [7.92105, 5.22105, 8.27368],
			"to": [8.34211, 6.90526, 8.69474],
			"faces": {
				"north": {"uv": [3.25, 0.25, 3.75, 0.75], "rotation": 180, "texture": "#2"},
				"east": {"uv": [3.25, 0.25, 3.75, 0.75], "rotation": 90, "texture": "#2"},
				"south": {"uv": [3.25, 0.25, 3.75, 0.75], "texture": "#2"},
				"west": {"uv": [3.25, 0.25, 3.75, 0.75], "rotation": 270, "texture": "#2"},
				"up": {"uv": [3.25, 0.25, 3.75, 0.75], "texture": "#2"},
				"down": {"uv": [3.25, 0.25, 3.75, 0.75], "rotation": 180, "texture": "#2"}
			}
		},
		{
			"name": "voxel",
			"from": [7.92105, 3.11579, 7.43158],
			"to": [8.34211, 5.22105, 7.85263],
			"faces": {
				"north": {"uv": [4.25, 0.25, 4.75, 0.75], "rotation": 180, "texture": "#2"},
				"east": {"uv": [4.25, 0.25, 4.75, 0.75], "rotation": 90, "texture": "#2"},
				"south": {"uv": [4.25, 0.25, 4.75, 0.75], "texture": "#2"},
				"west": {"uv": [4.25, 0.25, 4.75, 0.75], "rotation": 270, "texture": "#2"},
				"up": {"uv": [4.25, 0.25, 4.75, 0.75], "texture": "#2"},
				"down": {"uv": [4.25, 0.25, 4.75, 0.75], "rotation": 180, "texture": "#2"}
			}
		},
		{
			"name": "voxel",
			"from": [8.34211, 3.11579, 7.85263],
			"to": [8.76316, 5.22105, 8.27368],
			"faces": {
				"north": {"uv": [4.25, 0.25, 4.75, 0.75], "rotation": 180, "texture": "#2"},
				"east": {"uv": [4.25, 0.25, 4.75, 0.75], "rotation": 90, "texture": "#2"},
				"south": {"uv": [4.25, 0.25, 4.75, 0.75], "texture": "#2"},
				"west": {"uv": [4.25, 0.25, 4.75, 0.75], "rotation": 270, "texture": "#2"},
				"up": {"uv": [4.25, 0.25, 4.75, 0.75], "texture": "#2"},
				"down": {"uv": [4.25, 0.25, 4.75, 0.75], "rotation": 180, "texture": "#2"}
			}
		},
		{
			"name": "voxel",
			"from": [7.5, 3.11579, 7.85263],
			"to": [7.92105, 5.22105, 8.27368],
			"faces": {
				"north": {"uv": [4.25, 0.25, 4.75, 0.75], "rotation": 180, "texture": "#2"},
				"east": {"uv": [4.25, 0.25, 4.75, 0.75], "rotation": 90, "texture": "#2"},
				"south": {"uv": [4.25, 0.25, 4.75, 0.75], "texture": "#2"},
				"west": {"uv": [4.25, 0.25, 4.75, 0.75], "rotation": 270, "texture": "#2"},
				"up": {"uv": [4.25, 0.25, 4.75, 0.75], "texture": "#2"},
				"down": {"uv": [4.25, 0.25, 4.75, 0.75], "rotation": 180, "texture": "#2"}
			}
		},
		{
			"name": "voxel",
			"from": [7.92105, 3.11579, 8.27368],
			"to": [8.34211, 5.22105, 8.69474],
			"faces": {
				"north": {"uv": [4.25, 0.25, 4.75, 0.75], "rotation": 180, "texture": "#2"},
				"east": {"uv": [4.25, 0.25, 4.75, 0.75], "rotation": 90, "texture": "#2"},
				"south": {"uv": [4.25, 0.25, 4.75, 0.75], "texture": "#2"},
				"west": {"uv": [4.25, 0.25, 4.75, 0.75], "rotation": 270, "texture": "#2"},
				"up": {"uv": [4.25, 0.25, 4.75, 0.75], "texture": "#2"},
				"down": {"uv": [4.25, 0.25, 4.75, 0.75], "rotation": 180, "texture": "#2"}
			}
		},
		{
			"name": "voxel",
			"from": [7.92105, 1.85263, 7.43158],
			"to": [8.34211, 3.11579, 7.85263],
			"faces": {
				"north": {"uv": [3.25, 0.25, 3.75, 0.75], "rotation": 180, "texture": "#2"},
				"east": {"uv": [3.25, 0.25, 3.75, 0.75], "rotation": 90, "texture": "#2"},
				"south": {"uv": [3.25, 0.25, 3.75, 0.75], "texture": "#2"},
				"west": {"uv": [3.25, 0.25, 3.75, 0.75], "rotation": 270, "texture": "#2"},
				"up": {"uv": [3.25, 0.25, 3.75, 0.75], "texture": "#2"},
				"down": {"uv": [3.25, 0.25, 3.75, 0.75], "rotation": 180, "texture": "#2"}
			}
		},
		{
			"name": "voxel",
			"from": [8.34211, 1.85263, 7.85263],
			"to": [8.76316, 3.11579, 8.27368],
			"faces": {
				"north": {"uv": [3.25, 0.25, 3.75, 0.75], "rotation": 180, "texture": "#2"},
				"east": {"uv": [3.25, 0.25, 3.75, 0.75], "rotation": 90, "texture": "#2"},
				"south": {"uv": [3.25, 0.25, 3.75, 0.75], "texture": "#2"},
				"west": {"uv": [3.25, 0.25, 3.75, 0.75], "rotation": 270, "texture": "#2"},
				"up": {"uv": [3.25, 0.25, 3.75, 0.75], "texture": "#2"},
				"down": {"uv": [3.25, 0.25, 3.75, 0.75], "rotation": 180, "texture": "#2"}
			}
		},
		{
			"name": "voxel",
			"from": [7.5, 1.85263, 7.85263],
			"to": [7.92105, 3.11579, 8.27368],
			"faces": {
				"north": {"uv": [3.25, 0.25, 3.75, 0.75], "rotation": 180, "texture": "#2"},
				"east": {"uv": [3.25, 0.25, 3.75, 0.75], "rotation": 90, "texture": "#2"},
				"south": {"uv": [3.25, 0.25, 3.75, 0.75], "texture": "#2"},
				"west": {"uv": [3.25, 0.25, 3.75, 0.75], "rotation": 270, "texture": "#2"},
				"up": {"uv": [3.25, 0.25, 3.75, 0.75], "texture": "#2"},
				"down": {"uv": [3.25, 0.25, 3.75, 0.75], "rotation": 180, "texture": "#2"}
			}
		},
		{
			"name": "voxel",
			"from": [7.92105, 1.85263, 8.27368],
			"to": [8.34211, 3.11579, 8.69474],
			"faces": {
				"north": {"uv": [3.25, 0.25, 3.75, 0.75], "rotation": 180, "texture": "#2"},
				"east": {"uv": [3.25, 0.25, 3.75, 0.75], "rotation": 90, "texture": "#2"},
				"south": {"uv": [3.25, 0.25, 3.75, 0.75], "texture": "#2"},
				"west": {"uv": [3.25, 0.25, 3.75, 0.75], "rotation": 270, "texture": "#2"},
				"up": {"uv": [3.25, 0.25, 3.75, 0.75], "texture": "#2"},
				"down": {"uv": [3.25, 0.25, 3.75, 0.75], "rotation": 180, "texture": "#2"}
			}
		},
		{
			"name": "voxel",
			"from": [8.34211, 1.22105, 7.43158],
			"to": [8.76316, 11.11579, 7.85263],
			"faces": {
				"north": {"uv": [0.25, 0.25, 0.75, 0.75], "rotation": 180, "texture": "#2"},
				"east": {"uv": [0.25, 0.25, 0.75, 0.75], "rotation": 90, "texture": "#2"},
				"south": {"uv": [0.25, 0.25, 0.75, 0.75], "texture": "#2"},
				"west": {"uv": [0.25, 0.25, 0.75, 0.75], "rotation": 270, "texture": "#2"},
				"up": {"uv": [0.25, 0.25, 0.75, 0.75], "texture": "#2"},
				"down": {"uv": [0.25, 0.25, 0.75, 0.75], "rotation": 180, "texture": "#2"}
			}
		},
		{
			"name": "voxel",
			"from": [7.92105, 1.22105, 7.43158],
			"to": [8.34211, 1.85263, 7.85263],
			"faces": {
				"north": {"uv": [2.25, 0.25, 2.75, 0.75], "rotation": 180, "texture": "#2"},
				"east": {"uv": [2.25, 0.25, 2.75, 0.75], "rotation": 90, "texture": "#2"},
				"south": {"uv": [2.25, 0.25, 2.75, 0.75], "texture": "#2"},
				"west": {"uv": [2.25, 0.25, 2.75, 0.75], "rotation": 270, "texture": "#2"},
				"up": {"uv": [2.25, 0.25, 2.75, 0.75], "texture": "#2"},
				"down": {"uv": [2.25, 0.25, 2.75, 0.75], "rotation": 180, "texture": "#2"}
			}
		},
		{
			"name": "voxel",
			"from": [7.5, 1.22105, 7.43158],
			"to": [7.92105, 11.11579, 7.85263],
			"faces": {
				"north": {"uv": [0.25, 0.25, 0.75, 0.75], "rotation": 180, "texture": "#2"},
				"east": {"uv": [0.25, 0.25, 0.75, 0.75], "rotation": 90, "texture": "#2"},
				"south": {"uv": [0.25, 0.25, 0.75, 0.75], "texture": "#2"},
				"west": {"uv": [0.25, 0.25, 0.75, 0.75], "rotation": 270, "texture": "#2"},
				"up": {"uv": [0.25, 0.25, 0.75, 0.75], "texture": "#2"},
				"down": {"uv": [0.25, 0.25, 0.75, 0.75], "rotation": 180, "texture": "#2"}
			}
		},
		{
			"name": "voxel",
			"from": [8.34211, 1.22105, 7.85263],
			"to": [8.76316, 1.85263, 8.27368],
			"faces": {
				"north": {"uv": [2.25, 0.25, 2.75, 0.75], "rotation": 180, "texture": "#2"},
				"east": {"uv": [2.25, 0.25, 2.75, 0.75], "rotation": 90, "texture": "#2"},
				"south": {"uv": [2.25, 0.25, 2.75, 0.75], "texture": "#2"},
				"west": {"uv": [2.25, 0.25, 2.75, 0.75], "rotation": 270, "texture": "#2"},
				"up": {"uv": [2.25, 0.25, 2.75, 0.75], "texture": "#2"},
				"down": {"uv": [2.25, 0.25, 2.75, 0.75], "rotation": 180, "texture": "#2"}
			}
		},
		{
			"name": "voxel",
			"from": [7.5, 1.22105, 7.85263],
			"to": [7.92105, 1.85263, 8.27368],
			"faces": {
				"north": {"uv": [2.25, 0.25, 2.75, 0.75], "rotation": 180, "texture": "#2"},
				"east": {"uv": [2.25, 0.25, 2.75, 0.75], "rotation": 90, "texture": "#2"},
				"south": {"uv": [2.25, 0.25, 2.75, 0.75], "texture": "#2"},
				"west": {"uv": [2.25, 0.25, 2.75, 0.75], "rotation": 270, "texture": "#2"},
				"up": {"uv": [2.25, 0.25, 2.75, 0.75], "texture": "#2"},
				"down": {"uv": [2.25, 0.25, 2.75, 0.75], "rotation": 180, "texture": "#2"}
			}
		},
		{
			"name": "voxel",
			"from": [8.34211, 1.22105, 8.27368],
			"to": [8.76316, 11.11579, 8.69474],
			"faces": {
				"north": {"uv": [0.25, 0.25, 0.75, 0.75], "rotation": 180, "texture": "#2"},
				"east": {"uv": [0.25, 0.25, 0.75, 0.75], "rotation": 90, "texture": "#2"},
				"south": {"uv": [0.25, 0.25, 0.75, 0.75], "texture": "#2"},
				"west": {"uv": [0.25, 0.25, 0.75, 0.75], "rotation": 270, "texture": "#2"},
				"up": {"uv": [0.25, 0.25, 0.75, 0.75], "texture": "#2"},
				"down": {"uv": [0.25, 0.25, 0.75, 0.75], "rotation": 180, "texture": "#2"}
			}
		},
		{
			"name": "voxel",
			"from": [7.92105, 1.22105, 8.27368],
			"to": [8.34211, 1.85263, 8.69474],
			"faces": {
				"north": {"uv": [2.25, 0.25, 2.75, 0.75], "rotation": 180, "texture": "#2"},
				"east": {"uv": [2.25, 0.25, 2.75, 0.75], "rotation": 90, "texture": "#2"},
				"south": {"uv": [2.25, 0.25, 2.75, 0.75], "texture": "#2"},
				"west": {"uv": [2.25, 0.25, 2.75, 0.75], "rotation": 270, "texture": "#2"},
				"up": {"uv": [2.25, 0.25, 2.75, 0.75], "texture": "#2"},
				"down": {"uv": [2.25, 0.25, 2.75, 0.75], "rotation": 180, "texture": "#2"}
			}
		},
		{
			"name": "voxel",
			"from": [7.5, 1.22105, 8.27368],
			"to": [7.92105, 11.11579, 8.69474],
			"faces": {
				"north": {"uv": [0.25, 0.25, 0.75, 0.75], "rotation": 180, "texture": "#2"},
				"east": {"uv": [0.25, 0.25, 0.75, 0.75], "rotation": 90, "texture": "#2"},
				"south": {"uv": [0.25, 0.25, 0.75, 0.75], "texture": "#2"},
				"west": {"uv": [0.25, 0.25, 0.75, 0.75], "rotation": 270, "texture": "#2"},
				"up": {"uv": [0.25, 0.25, 0.75, 0.75], "texture": "#2"},
				"down": {"uv": [0.25, 0.25, 0.75, 0.75], "rotation": 180, "texture": "#2"}
			}
		},
		{
			"name": "voxel",
			"from": [7.92105, 1.01053, 7.85263],
			"to": [8.34211, 1.22105, 8.27368],
			"faces": {
				"north": {"uv": [1.25, 0.25, 1.75, 0.75], "rotation": 180, "texture": "#2"},
				"east": {"uv": [1.25, 0.25, 1.75, 0.75], "rotation": 90, "texture": "#2"},
				"south": {"uv": [1.25, 0.25, 1.75, 0.75], "texture": "#2"},
				"west": {"uv": [1.25, 0.25, 1.75, 0.75], "rotation": 270, "texture": "#2"},
				"up": {"uv": [1.25, 0.25, 1.75, 0.75], "texture": "#2"},
				"down": {"uv": [1.25, 0.25, 1.75, 0.75], "rotation": 180, "texture": "#2"}
			}
		},
		{
			"name": "voxel",
			"from": [7.92105, 0.8, 7.43158],
			"to": [8.34211, 1.22105, 7.85263],
			"faces": {
				"north": {"uv": [0.25, 0.25, 0.75, 0.75], "rotation": 180, "texture": "#2"},
				"east": {"uv": [0.25, 0.25, 0.75, 0.75], "rotation": 90, "texture": "#2"},
				"south": {"uv": [0.25, 0.25, 0.75, 0.75], "texture": "#2"},
				"west": {"uv": [0.25, 0.25, 0.75, 0.75], "rotation": 270, "texture": "#2"},
				"up": {"uv": [0.25, 0.25, 0.75, 0.75], "texture": "#2"},
				"down": {"uv": [0.25, 0.25, 0.75, 0.75], "rotation": 180, "texture": "#2"}
			}
		},
		{
			"name": "voxel",
			"from": [8.34211, 0.8, 7.43158],
			"to": [8.76316, 1.22105, 8.27368],
			"faces": {
				"north": {"uv": [0.25, 0.25, 0.75, 0.75], "rotation": 180, "texture": "#2"},
				"east": {"uv": [0.25, 0.25, 0.75, 0.75], "rotation": 90, "texture": "#2"},
				"south": {"uv": [0.25, 0.25, 0.75, 0.75], "texture": "#2"},
				"west": {"uv": [0.25, 0.25, 0.75, 0.75], "rotation": 270, "texture": "#2"},
				"up": {"uv": [0.25, 0.25, 0.75, 0.75], "texture": "#2"},
				"down": {"uv": [0.25, 0.25, 0.75, 0.75], "rotation": 180, "texture": "#2"}
			}
		},
		{
			"name": "voxel",
			"from": [7.5, 0.8, 7.43158],
			"to": [7.92105, 1.22105, 8.27368],
			"faces": {
				"north": {"uv": [0.25, 0.25, 0.75, 0.75], "rotation": 180, "texture": "#2"},
				"east": {"uv": [0.25, 0.25, 0.75, 0.75], "rotation": 90, "texture": "#2"},
				"south": {"uv": [0.25, 0.25, 0.75, 0.75], "texture": "#2"},
				"west": {"uv": [0.25, 0.25, 0.75, 0.75], "rotation": 270, "texture": "#2"},
				"up": {"uv": [0.25, 0.25, 0.75, 0.75], "texture": "#2"},
				"down": {"uv": [0.25, 0.25, 0.75, 0.75], "rotation": 180, "texture": "#2"}
			}
		},
		{
			"name": "voxel",
			"from": [7.5, 0.8, 8.27368],
			"to": [8.76316, 1.22105, 8.69474],
			"faces": {
				"north": {"uv": [0.25, 0.25, 0.75, 0.75], "rotation": 180, "texture": "#2"},
				"east": {"uv": [0.25, 0.25, 0.75, 0.75], "rotation": 90, "texture": "#2"},
				"south": {"uv": [0.25, 0.25, 0.75, 0.75], "texture": "#2"},
				"west": {"uv": [0.25, 0.25, 0.75, 0.75], "rotation": 270, "texture": "#2"},
				"up": {"uv": [0.25, 0.25, 0.75, 0.75], "texture": "#2"},
				"down": {"uv": [0.25, 0.25, 0.75, 0.75], "rotation": 180, "texture": "#2"}
			}
		}
	],
	"display": {
		"thirdperson_righthand": {
			"translation": [-0.75, -0.75, 0.5]
		},
		"thirdperson_lefthand": {
			"translation": [-0.5, -0.75, 0.5]
		},
		"firstperson_righthand": {
			"rotation": [-21.25, 0, 0],
			"translation": [2.75, 0.25, 0],
			"scale": [1.5, 1.5, 1.5]
		},
		"firstperson_lefthand": {
			"rotation": [-21.25, 0, 0],
			"translation": [2.75, 0.25, 0],
			"scale": [1.5, 1.5, 1.5]
		},
		"ground": {
			"rotation": [0, 0, 90],
			"translation": [-0.25, -1, -0.25],
			"scale": [1.25, 1.25, 1.25]
		},
		"gui": {
			"rotation": [0, 0, -45],
			"translation": [0.25, 0.25, 0],
			"scale": [1.5, 1.5, 1.5]
		},
		"fixed": {
			"rotation": [0, 0, 45],
			"translation": [0, 0.75, 0],
			"scale": [2, 2, 2]
		}
	},
	"groups": [
		{
			"name": "voxel_file",
			"origin": [8, 8, 8],
			"color": 0,
			"children": [0, 1, 2, 3, 4, 5, 6, 7, 8, 9, 10, 11, 12, 13, 14, 15, 16, 17, 18, 19, 20, 21, 22, 23, 24, 25, 26, 27, 28, 29, 30, 31, 32, 33, 34, 35, 36, 37, 38, 39, 40, 41, 42, 43, 44, 45, 46, 47, 48, 49, 50, 51, 52, 53, 54, 55, 56, 57, 58, 59, 60, 61, 62, 63, 64, 65, 66, 67, 68, 69, 70, 71, 72, 73, 74, 75, 76, 77, 78, 79, 80]
		}
	]
}