{
	"parent": "item/generated",
	"textures": {
		"layer0": "item/heart_of_the_sea"
	},
 
	"overrides": [
	 {"predicate": {"custom_model_data":1}, "model": "item/star_1"},
	 {"predicate": {"custom_model_data":2}, "model": "item/star_2"},
	 {"predicate": {"custom_model_data":3}, "model": "item/star_3"},
	 {"predicate": {"custom_model_data":4}, "model": "item/star_4"},
	 {"predicate": {"custom_model_data":5}, "model": "item/star_5"},
	 {"predicate": {"custom_model_data":6}, "model": "item/star_6"},
	 {"predicate": {"custom_model_data":7}, "model": "item/star_7"}
	]
}