{
	"credit": "Made with Blockbench",
	"textures": {
		"0": "block/bullet",
		"particle": "block/bullet"
	},
	"elements": [
		{
			"name": "voxel",
			"from": [7.94, 7.44, 7.075],
			"to": [8.1, 7.52, 7.155],
			"faces": {
				"north": {"uv": [0.25, 0.25, 0.75, 0.75], "rotation": 180, "texture": "#0"},
				"east": {"uv": [0.25, 0.25, 0.75, 0.75], "rotation": 90, "texture": "#0"},
				"south": {"uv": [0.25, 0.25, 0.75, 0.75], "texture": "#0"},
				"west": {"uv": [0.25, 0.25, 0.75, 0.75], "rotation": 270, "texture": "#0"},
				"up": {"uv": [0.25, 0.25, 0.75, 0.75], "texture": "#0"},
				"down": {"uv": [0.25, 0.25, 0.75, 0.75], "rotation": 180, "texture": "#0"}
			}
		},
		{
			"name": "voxel",
			"from": [8.1, 7.44, 6.915],
			"to": [8.18, 7.52, 7.075],
			"faces": {
				"north": {"uv": [0.25, 0.25, 0.75, 0.75], "rotation": 180, "texture": "#0"},
				"east": {"uv": [0.25, 0.25, 0.75, 0.75], "rotation": 90, "texture": "#0"},
				"south": {"uv": [0.25, 0.25, 0.75, 0.75], "texture": "#0"},
				"west": {"uv": [0.25, 0.25, 0.75, 0.75], "rotation": 270, "texture": "#0"},
				"up": {"uv": [0.25, 0.25, 0.75, 0.75], "texture": "#0"},
				"down": {"uv": [0.25, 0.25, 0.75, 0.75], "rotation": 180, "texture": "#0"}
			}
		},
		{
			"name": "voxel",
			"from": [7.86, 7.44, 6.915],
			"to": [7.94, 7.52, 7.075],
			"faces": {
				"north": {"uv": [0.25, 0.25, 0.75, 0.75], "rotation": 180, "texture": "#0"},
				"east": {"uv": [0.25, 0.25, 0.75, 0.75], "rotation": 90, "texture": "#0"},
				"south": {"uv": [0.25, 0.25, 0.75, 0.75], "texture": "#0"},
				"west": {"uv": [0.25, 0.25, 0.75, 0.75], "rotation": 270, "texture": "#0"},
				"up": {"uv": [0.25, 0.25, 0.75, 0.75], "texture": "#0"},
				"down": {"uv": [0.25, 0.25, 0.75, 0.75], "rotation": 180, "texture": "#0"}
			}
		},
		{
			"name": "voxel",
			"from": [7.94, 7.44, 6.835],
			"to": [8.1, 7.52, 6.915],
			"faces": {
				"north": {"uv": [0.25, 0.25, 0.75, 0.75], "rotation": 180, "texture": "#0"},
				"east": {"uv": [0.25, 0.25, 0.75, 0.75], "rotation": 90, "texture": "#0"},
				"south": {"uv": [0.25, 0.25, 0.75, 0.75], "texture": "#0"},
				"west": {"uv": [0.25, 0.25, 0.75, 0.75], "rotation": 270, "texture": "#0"},
				"up": {"uv": [0.25, 0.25, 0.75, 0.75], "texture": "#0"},
				"down": {"uv": [0.25, 0.25, 0.75, 0.75], "rotation": 180, "texture": "#0"}
			}
		},
		{
			"name": "voxel",
			"from": [8.1, 7.12, 7.075],
			"to": [8.18, 7.52, 7.155],
			"faces": {
				"north": {"uv": [0.25, 0.25, 0.75, 0.75], "rotation": 180, "texture": "#0"},
				"east": {"uv": [0.25, 0.25, 0.75, 0.75], "rotation": 90, "texture": "#0"},
				"south": {"uv": [0.25, 0.25, 0.75, 0.75], "texture": "#0"},
				"west": {"uv": [0.25, 0.25, 0.75, 0.75], "rotation": 270, "texture": "#0"},
				"up": {"uv": [0.25, 0.25, 0.75, 0.75], "texture": "#0"},
				"down": {"uv": [0.25, 0.25, 0.75, 0.75], "rotation": 180, "texture": "#0"}
			}
		},
		{
			"name": "voxel",
			"from": [7.94, 7.12, 7.075],
			"to": [8.1, 7.44, 7.155],
			"faces": {
				"north": {"uv": [6.25, 0.25, 6.75, 0.75], "rotation": 180, "texture": "#0"},
				"east": {"uv": [6.25, 0.25, 6.75, 0.75], "rotation": 90, "texture": "#0"},
				"south": {"uv": [6.25, 0.25, 6.75, 0.75], "texture": "#0"},
				"west": {"uv": [6.25, 0.25, 6.75, 0.75], "rotation": 270, "texture": "#0"},
				"up": {"uv": [6.25, 0.25, 6.75, 0.75], "texture": "#0"},
				"down": {"uv": [6.25, 0.25, 6.75, 0.75], "rotation": 180, "texture": "#0"}
			}
		},
		{
			"name": "voxel",
			"from": [7.86, 7.12, 7.075],
			"to": [7.94, 7.52, 7.155],
			"faces": {
				"north": {"uv": [0.25, 0.25, 0.75, 0.75], "rotation": 180, "texture": "#0"},
				"east": {"uv": [0.25, 0.25, 0.75, 0.75], "rotation": 90, "texture": "#0"},
				"south": {"uv": [0.25, 0.25, 0.75, 0.75], "texture": "#0"},
				"west": {"uv": [0.25, 0.25, 0.75, 0.75], "rotation": 270, "texture": "#0"},
				"up": {"uv": [0.25, 0.25, 0.75, 0.75], "texture": "#0"},
				"down": {"uv": [0.25, 0.25, 0.75, 0.75], "rotation": 180, "texture": "#0"}
			}
		},
		{
			"name": "voxel",
			"from": [8.1, 7.12, 6.915],
			"to": [8.18, 7.44, 7.075],
			"faces": {
				"north": {"uv": [6.25, 0.25, 6.75, 0.75], "rotation": 180, "texture": "#0"},
				"east": {"uv": [6.25, 0.25, 6.75, 0.75], "rotation": 90, "texture": "#0"},
				"south": {"uv": [6.25, 0.25, 6.75, 0.75], "texture": "#0"},
				"west": {"uv": [6.25, 0.25, 6.75, 0.75], "rotation": 270, "texture": "#0"},
				"up": {"uv": [6.25, 0.25, 6.75, 0.75], "texture": "#0"},
				"down": {"uv": [6.25, 0.25, 6.75, 0.75], "rotation": 180, "texture": "#0"}
			}
		},
		{
			"name": "voxel",
			"from": [7.86, 7.12, 6.915],
			"to": [7.94, 7.44, 7.075],
			"faces": {
				"north": {"uv": [6.25, 0.25, 6.75, 0.75], "rotation": 180, "texture": "#0"},
				"east": {"uv": [6.25, 0.25, 6.75, 0.75], "rotation": 90, "texture": "#0"},
				"south": {"uv": [6.25, 0.25, 6.75, 0.75], "texture": "#0"},
				"west": {"uv": [6.25, 0.25, 6.75, 0.75], "rotation": 270, "texture": "#0"},
				"up": {"uv": [6.25, 0.25, 6.75, 0.75], "texture": "#0"},
				"down": {"uv": [6.25, 0.25, 6.75, 0.75], "rotation": 180, "texture": "#0"}
			}
		},
		{
			"name": "voxel",
			"from": [8.1, 7.12, 6.835],
			"to": [8.18, 7.52, 6.915],
			"faces": {
				"north": {"uv": [0.25, 0.25, 0.75, 0.75], "rotation": 180, "texture": "#0"},
				"east": {"uv": [0.25, 0.25, 0.75, 0.75], "rotation": 90, "texture": "#0"},
				"south": {"uv": [0.25, 0.25, 0.75, 0.75], "texture": "#0"},
				"west": {"uv": [0.25, 0.25, 0.75, 0.75], "rotation": 270, "texture": "#0"},
				"up": {"uv": [0.25, 0.25, 0.75, 0.75], "texture": "#0"},
				"down": {"uv": [0.25, 0.25, 0.75, 0.75], "rotation": 180, "texture": "#0"}
			}
		},
		{
			"name": "voxel",
			"from": [7.94, 7.12, 6.835],
			"to": [8.1, 7.44, 6.915],
			"faces": {
				"north": {"uv": [6.25, 0.25, 6.75, 0.75], "rotation": 180, "texture": "#0"},
				"east": {"uv": [6.25, 0.25, 6.75, 0.75], "rotation": 90, "texture": "#0"},
				"south": {"uv": [6.25, 0.25, 6.75, 0.75], "texture": "#0"},
				"west": {"uv": [6.25, 0.25, 6.75, 0.75], "rotation": 270, "texture": "#0"},
				"up": {"uv": [6.25, 0.25, 6.75, 0.75], "texture": "#0"},
				"down": {"uv": [6.25, 0.25, 6.75, 0.75], "rotation": 180, "texture": "#0"}
			}
		},
		{
			"name": "voxel",
			"from": [7.86, 7.12, 6.835],
			"to": [7.94, 7.52, 6.915],
			"faces": {
				"north": {"uv": [0.25, 0.25, 0.75, 0.75], "rotation": 180, "texture": "#0"},
				"east": {"uv": [0.25, 0.25, 0.75, 0.75], "rotation": 90, "texture": "#0"},
				"south": {"uv": [0.25, 0.25, 0.75, 0.75], "texture": "#0"},
				"west": {"uv": [0.25, 0.25, 0.75, 0.75], "rotation": 270, "texture": "#0"},
				"up": {"uv": [0.25, 0.25, 0.75, 0.75], "texture": "#0"},
				"down": {"uv": [0.25, 0.25, 0.75, 0.75], "rotation": 180, "texture": "#0"}
			}
		},
		{
			"name": "voxel",
			"from": [7.94, 6.96, 7.075],
			"to": [8.1, 7.12, 7.235],
			"faces": {
				"north": {"uv": [0.25, 0.25, 0.75, 0.75], "rotation": 180, "texture": "#0"},
				"east": {"uv": [0.25, 0.25, 0.75, 0.75], "rotation": 90, "texture": "#0"},
				"south": {"uv": [0.25, 0.25, 0.75, 0.75], "texture": "#0"},
				"west": {"uv": [0.25, 0.25, 0.75, 0.75], "rotation": 270, "texture": "#0"},
				"up": {"uv": [0.25, 0.25, 0.75, 0.75], "texture": "#0"},
				"down": {"uv": [0.25, 0.25, 0.75, 0.75], "rotation": 180, "texture": "#0"}
			}
		},
		{
			"name": "voxel",
			"from": [8.1, 6.96, 6.915],
			"to": [8.26, 7.12, 7.075],
			"faces": {
				"north": {"uv": [0.25, 0.25, 0.75, 0.75], "rotation": 180, "texture": "#0"},
				"east": {"uv": [0.25, 0.25, 0.75, 0.75], "rotation": 90, "texture": "#0"},
				"south": {"uv": [0.25, 0.25, 0.75, 0.75], "texture": "#0"},
				"west": {"uv": [0.25, 0.25, 0.75, 0.75], "rotation": 270, "texture": "#0"},
				"up": {"uv": [0.25, 0.25, 0.75, 0.75], "texture": "#0"},
				"down": {"uv": [0.25, 0.25, 0.75, 0.75], "rotation": 180, "texture": "#0"}
			}
		},
		{
			"name": "voxel",
			"from": [7.94, 6.96, 6.915],
			"to": [8.1, 7.52, 7.075],
			"faces": {
				"north": {"uv": [6.25, 0.25, 6.75, 0.75], "rotation": 180, "texture": "#0"},
				"east": {"uv": [6.25, 0.25, 6.75, 0.75], "rotation": 90, "texture": "#0"},
				"south": {"uv": [6.25, 0.25, 6.75, 0.75], "texture": "#0"},
				"west": {"uv": [6.25, 0.25, 6.75, 0.75], "rotation": 270, "texture": "#0"},
				"up": {"uv": [6.25, 0.25, 6.75, 0.75], "texture": "#0"},
				"down": {"uv": [6.25, 0.25, 6.75, 0.75], "rotation": 180, "texture": "#0"}
			}
		},
		{
			"name": "voxel",
			"from": [7.78, 6.96, 6.915],
			"to": [7.94, 7.12, 7.075],
			"faces": {
				"north": {"uv": [0.25, 0.25, 0.75, 0.75], "rotation": 180, "texture": "#0"},
				"east": {"uv": [0.25, 0.25, 0.75, 0.75], "rotation": 90, "texture": "#0"},
				"south": {"uv": [0.25, 0.25, 0.75, 0.75], "texture": "#0"},
				"west": {"uv": [0.25, 0.25, 0.75, 0.75], "rotation": 270, "texture": "#0"},
				"up": {"uv": [0.25, 0.25, 0.75, 0.75], "texture": "#0"},
				"down": {"uv": [0.25, 0.25, 0.75, 0.75], "rotation": 180, "texture": "#0"}
			}
		},
		{
			"name": "voxel",
			"from": [7.94, 6.96, 6.755],
			"to": [8.1, 7.12, 6.915],
			"faces": {
				"north": {"uv": [0.25, 0.25, 0.75, 0.75], "rotation": 180, "texture": "#0"},
				"east": {"uv": [0.25, 0.25, 0.75, 0.75], "rotation": 90, "texture": "#0"},
				"south": {"uv": [0.25, 0.25, 0.75, 0.75], "texture": "#0"},
				"west": {"uv": [0.25, 0.25, 0.75, 0.75], "rotation": 270, "texture": "#0"},
				"up": {"uv": [0.25, 0.25, 0.75, 0.75], "texture": "#0"},
				"down": {"uv": [0.25, 0.25, 0.75, 0.75], "rotation": 180, "texture": "#0"}
			}
		},
		{
			"name": "voxel",
			"from": [8.1, 6.32, 7.075],
			"to": [8.26, 7.12, 7.235],
			"faces": {
				"north": {"uv": [0.25, 0.25, 0.75, 0.75], "rotation": 180, "texture": "#0"},
				"east": {"uv": [0.25, 0.25, 0.75, 0.75], "rotation": 90, "texture": "#0"},
				"south": {"uv": [0.25, 0.25, 0.75, 0.75], "texture": "#0"},
				"west": {"uv": [0.25, 0.25, 0.75, 0.75], "rotation": 270, "texture": "#0"},
				"up": {"uv": [0.25, 0.25, 0.75, 0.75], "texture": "#0"},
				"down": {"uv": [0.25, 0.25, 0.75, 0.75], "rotation": 180, "texture": "#0"}
			}
		},
		{
			"name": "voxel",
			"from": [7.94, 6.32, 7.075],
			"to": [8.1, 6.96, 7.235],
			"faces": {
				"north": {"uv": [6.25, 0.25, 6.75, 0.75], "rotation": 180, "texture": "#0"},
				"east": {"uv": [6.25, 0.25, 6.75, 0.75], "rotation": 90, "texture": "#0"},
				"south": {"uv": [6.25, 0.25, 6.75, 0.75], "texture": "#0"},
				"west": {"uv": [6.25, 0.25, 6.75, 0.75], "rotation": 270, "texture": "#0"},
				"up": {"uv": [6.25, 0.25, 6.75, 0.75], "texture": "#0"},
				"down": {"uv": [6.25, 0.25, 6.75, 0.75], "rotation": 180, "texture": "#0"}
			}
		},
		{
			"name": "voxel",
			"from": [7.78, 6.32, 7.075],
			"to": [7.94, 7.12, 7.235],
			"faces": {
				"north": {"uv": [0.25, 0.25, 0.75, 0.75], "rotation": 180, "texture": "#0"},
				"east": {"uv": [0.25, 0.25, 0.75, 0.75], "rotation": 90, "texture": "#0"},
				"south": {"uv": [0.25, 0.25, 0.75, 0.75], "texture": "#0"},
				"west": {"uv": [0.25, 0.25, 0.75, 0.75], "rotation": 270, "texture": "#0"},
				"up": {"uv": [0.25, 0.25, 0.75, 0.75], "texture": "#0"},
				"down": {"uv": [0.25, 0.25, 0.75, 0.75], "rotation": 180, "texture": "#0"}
			}
		},
		{
			"name": "voxel",
			"from": [8.1, 6.32, 6.915],
			"to": [8.26, 6.96, 7.075],
			"faces": {
				"north": {"uv": [6.25, 0.25, 6.75, 0.75], "rotation": 180, "texture": "#0"},
				"east": {"uv": [6.25, 0.25, 6.75, 0.75], "rotation": 90, "texture": "#0"},
				"south": {"uv": [6.25, 0.25, 6.75, 0.75], "texture": "#0"},
				"west": {"uv": [6.25, 0.25, 6.75, 0.75], "rotation": 270, "texture": "#0"},
				"up": {"uv": [6.25, 0.25, 6.75, 0.75], "texture": "#0"},
				"down": {"uv": [6.25, 0.25, 6.75, 0.75], "rotation": 180, "texture": "#0"}
			}
		},
		{
			"name": "voxel",
			"from": [7.94, 6.32, 6.915],
			"to": [8.1, 6.96, 7.075],
			"faces": {
				"north": {"uv": [5.25, 0.25, 5.75, 0.75], "rotation": 180, "texture": "#0"},
				"east": {"uv": [5.25, 0.25, 5.75, 0.75], "rotation": 90, "texture": "#0"},
				"south": {"uv": [5.25, 0.25, 5.75, 0.75], "texture": "#0"},
				"west": {"uv": [5.25, 0.25, 5.75, 0.75], "rotation": 270, "texture": "#0"},
				"up": {"uv": [5.25, 0.25, 5.75, 0.75], "texture": "#0"},
				"down": {"uv": [5.25, 0.25, 5.75, 0.75], "rotation": 180, "texture": "#0"}
			}
		},
		{
			"name": "voxel",
			"from": [7.78, 6.32, 6.915],
			"to": [7.94, 6.96, 7.075],
			"faces": {
				"north": {"uv": [6.25, 0.25, 6.75, 0.75], "rotation": 180, "texture": "#0"},
				"east": {"uv": [6.25, 0.25, 6.75, 0.75], "rotation": 90, "texture": "#0"},
				"south": {"uv": [6.25, 0.25, 6.75, 0.75], "texture": "#0"},
				"west": {"uv": [6.25, 0.25, 6.75, 0.75], "rotation": 270, "texture": "#0"},
				"up": {"uv": [6.25, 0.25, 6.75, 0.75], "texture": "#0"},
				"down": {"uv": [6.25, 0.25, 6.75, 0.75], "rotation": 180, "texture": "#0"}
			}
		},
		{
			"name": "voxel",
			"from": [8.1, 6.32, 6.755],
			"to": [8.26, 7.12, 6.915],
			"faces": {
				"north": {"uv": [0.25, 0.25, 0.75, 0.75], "rotation": 180, "texture": "#0"},
				"east": {"uv": [0.25, 0.25, 0.75, 0.75], "rotation": 90, "texture": "#0"},
				"south": {"uv": [0.25, 0.25, 0.75, 0.75], "texture": "#0"},
				"west": {"uv": [0.25, 0.25, 0.75, 0.75], "rotation": 270, "texture": "#0"},
				"up": {"uv": [0.25, 0.25, 0.75, 0.75], "texture": "#0"},
				"down": {"uv": [0.25, 0.25, 0.75, 0.75], "rotation": 180, "texture": "#0"}
			}
		},
		{
			"name": "voxel",
			"from": [7.94, 6.32, 6.755],
			"to": [8.1, 6.96, 6.915],
			"faces": {
				"north": {"uv": [6.25, 0.25, 6.75, 0.75], "rotation": 180, "texture": "#0"},
				"east": {"uv": [6.25, 0.25, 6.75, 0.75], "rotation": 90, "texture": "#0"},
				"south": {"uv": [6.25, 0.25, 6.75, 0.75], "texture": "#0"},
				"west": {"uv": [6.25, 0.25, 6.75, 0.75], "rotation": 270, "texture": "#0"},
				"up": {"uv": [6.25, 0.25, 6.75, 0.75], "texture": "#0"},
				"down": {"uv": [6.25, 0.25, 6.75, 0.75], "rotation": 180, "texture": "#0"}
			}
		},
		{
			"name": "voxel",
			"from": [7.78, 6.32, 6.755],
			"to": [7.94, 7.12, 6.915],
			"faces": {
				"north": {"uv": [0.25, 0.25, 0.75, 0.75], "rotation": 180, "texture": "#0"},
				"east": {"uv": [0.25, 0.25, 0.75, 0.75], "rotation": 90, "texture": "#0"},
				"south": {"uv": [0.25, 0.25, 0.75, 0.75], "texture": "#0"},
				"west": {"uv": [0.25, 0.25, 0.75, 0.75], "rotation": 270, "texture": "#0"},
				"up": {"uv": [0.25, 0.25, 0.75, 0.75], "texture": "#0"},
				"down": {"uv": [0.25, 0.25, 0.75, 0.75], "rotation": 180, "texture": "#0"}
			}
		},
		{
			"name": "voxel",
			"from": [7.78, 6.16, 7.235],
			"to": [8.26, 6.32, 7.395],
			"faces": {
				"north": {"uv": [0.25, 0.25, 0.75, 0.75], "rotation": 180, "texture": "#0"},
				"east": {"uv": [0.25, 0.25, 0.75, 0.75], "rotation": 90, "texture": "#0"},
				"south": {"uv": [0.25, 0.25, 0.75, 0.75], "texture": "#0"},
				"west": {"uv": [0.25, 0.25, 0.75, 0.75], "rotation": 270, "texture": "#0"},
				"up": {"uv": [0.25, 0.25, 0.75, 0.75], "texture": "#0"},
				"down": {"uv": [0.25, 0.25, 0.75, 0.75], "rotation": 180, "texture": "#0"}
			}
		},
		{
			"name": "voxel",
			"from": [8.26, 6.16, 6.755],
			"to": [8.42, 6.32, 7.235],
			"faces": {
				"north": {"uv": [0.25, 0.25, 0.75, 0.75], "rotation": 180, "texture": "#0"},
				"east": {"uv": [0.25, 0.25, 0.75, 0.75], "rotation": 90, "texture": "#0"},
				"south": {"uv": [0.25, 0.25, 0.75, 0.75], "texture": "#0"},
				"west": {"uv": [0.25, 0.25, 0.75, 0.75], "rotation": 270, "texture": "#0"},
				"up": {"uv": [0.25, 0.25, 0.75, 0.75], "texture": "#0"},
				"down": {"uv": [0.25, 0.25, 0.75, 0.75], "rotation": 180, "texture": "#0"}
			}
		},
		{
			"name": "voxel",
			"from": [7.78, 6.16, 6.755],
			"to": [8.26, 6.32, 7.235],
			"faces": {
				"north": {"uv": [4.25, 0.25, 4.75, 0.75], "rotation": 180, "texture": "#0"},
				"east": {"uv": [4.25, 0.25, 4.75, 0.75], "rotation": 90, "texture": "#0"},
				"south": {"uv": [4.25, 0.25, 4.75, 0.75], "texture": "#0"},
				"west": {"uv": [4.25, 0.25, 4.75, 0.75], "rotation": 270, "texture": "#0"},
				"up": {"uv": [4.25, 0.25, 4.75, 0.75], "texture": "#0"},
				"down": {"uv": [4.25, 0.25, 4.75, 0.75], "rotation": 180, "texture": "#0"}
			}
		},
		{
			"name": "voxel",
			"from": [7.62, 6.16, 6.755],
			"to": [7.78, 6.32, 7.235],
			"faces": {
				"north": {"uv": [0.25, 0.25, 0.75, 0.75], "rotation": 180, "texture": "#0"},
				"east": {"uv": [0.25, 0.25, 0.75, 0.75], "rotation": 90, "texture": "#0"},
				"south": {"uv": [0.25, 0.25, 0.75, 0.75], "texture": "#0"},
				"west": {"uv": [0.25, 0.25, 0.75, 0.75], "rotation": 270, "texture": "#0"},
				"up": {"uv": [0.25, 0.25, 0.75, 0.75], "texture": "#0"},
				"down": {"uv": [0.25, 0.25, 0.75, 0.75], "rotation": 180, "texture": "#0"}
			}
		},
		{
			"name": "voxel",
			"from": [7.78, 6.16, 6.595],
			"to": [8.26, 6.32, 6.755],
			"faces": {
				"north": {"uv": [0.25, 0.25, 0.75, 0.75], "rotation": 180, "texture": "#0"},
				"east": {"uv": [0.25, 0.25, 0.75, 0.75], "rotation": 90, "texture": "#0"},
				"south": {"uv": [0.25, 0.25, 0.75, 0.75], "texture": "#0"},
				"west": {"uv": [0.25, 0.25, 0.75, 0.75], "rotation": 270, "texture": "#0"},
				"up": {"uv": [0.25, 0.25, 0.75, 0.75], "texture": "#0"},
				"down": {"uv": [0.25, 0.25, 0.75, 0.75], "rotation": 180, "texture": "#0"}
			}
		},
		{
			"name": "voxel",
			"from": [8.26, 5.36, 7.235],
			"to": [8.42, 6.32, 7.395],
			"faces": {
				"north": {"uv": [0.25, 0.25, 0.75, 0.75], "rotation": 180, "texture": "#0"},
				"east": {"uv": [0.25, 0.25, 0.75, 0.75], "rotation": 90, "texture": "#0"},
				"south": {"uv": [0.25, 0.25, 0.75, 0.75], "texture": "#0"},
				"west": {"uv": [0.25, 0.25, 0.75, 0.75], "rotation": 270, "texture": "#0"},
				"up": {"uv": [0.25, 0.25, 0.75, 0.75], "texture": "#0"},
				"down": {"uv": [0.25, 0.25, 0.75, 0.75], "rotation": 180, "texture": "#0"}
			}
		},
		{
			"name": "voxel",
			"from": [7.62, 5.36, 7.235],
			"to": [7.78, 6.32, 7.395],
			"faces": {
				"north": {"uv": [0.25, 0.25, 0.75, 0.75], "rotation": 180, "texture": "#0"},
				"east": {"uv": [0.25, 0.25, 0.75, 0.75], "rotation": 90, "texture": "#0"},
				"south": {"uv": [0.25, 0.25, 0.75, 0.75], "texture": "#0"},
				"west": {"uv": [0.25, 0.25, 0.75, 0.75], "rotation": 270, "texture": "#0"},
				"up": {"uv": [0.25, 0.25, 0.75, 0.75], "texture": "#0"},
				"down": {"uv": [0.25, 0.25, 0.75, 0.75], "rotation": 180, "texture": "#0"}
			}
		},
		{
			"name": "voxel",
			"from": [8.26, 5.36, 6.755],
			"to": [8.42, 6.16, 7.235],
			"faces": {
				"north": {"uv": [4.25, 0.25, 4.75, 0.75], "rotation": 180, "texture": "#0"},
				"east": {"uv": [4.25, 0.25, 4.75, 0.75], "rotation": 90, "texture": "#0"},
				"south": {"uv": [4.25, 0.25, 4.75, 0.75], "texture": "#0"},
				"west": {"uv": [4.25, 0.25, 4.75, 0.75], "rotation": 270, "texture": "#0"},
				"up": {"uv": [4.25, 0.25, 4.75, 0.75], "texture": "#0"},
				"down": {"uv": [4.25, 0.25, 4.75, 0.75], "rotation": 180, "texture": "#0"}
			}
		},
		{
			"name": "voxel",
			"from": [7.62, 5.36, 6.755],
			"to": [7.78, 6.16, 7.235],
			"faces": {
				"north": {"uv": [4.25, 0.25, 4.75, 0.75], "rotation": 180, "texture": "#0"},
				"east": {"uv": [4.25, 0.25, 4.75, 0.75], "rotation": 90, "texture": "#0"},
				"south": {"uv": [4.25, 0.25, 4.75, 0.75], "texture": "#0"},
				"west": {"uv": [4.25, 0.25, 4.75, 0.75], "rotation": 270, "texture": "#0"},
				"up": {"uv": [4.25, 0.25, 4.75, 0.75], "texture": "#0"},
				"down": {"uv": [4.25, 0.25, 4.75, 0.75], "rotation": 180, "texture": "#0"}
			}
		},
		{
			"name": "voxel",
			"from": [8.26, 5.36, 6.595],
			"to": [8.42, 6.32, 6.755],
			"faces": {
				"north": {"uv": [0.25, 0.25, 0.75, 0.75], "rotation": 180, "texture": "#0"},
				"east": {"uv": [0.25, 0.25, 0.75, 0.75], "rotation": 90, "texture": "#0"},
				"south": {"uv": [0.25, 0.25, 0.75, 0.75], "texture": "#0"},
				"west": {"uv": [0.25, 0.25, 0.75, 0.75], "rotation": 270, "texture": "#0"},
				"up": {"uv": [0.25, 0.25, 0.75, 0.75], "texture": "#0"},
				"down": {"uv": [0.25, 0.25, 0.75, 0.75], "rotation": 180, "texture": "#0"}
			}
		},
		{
			"name": "voxel",
			"from": [7.78, 5.36, 6.595],
			"to": [8.26, 6.16, 7.395],
			"faces": {
				"north": {"uv": [4.25, 0.25, 4.75, 0.75], "rotation": 180, "texture": "#0"},
				"east": {"uv": [4.25, 0.25, 4.75, 0.75], "rotation": 90, "texture": "#0"},
				"south": {"uv": [4.25, 0.25, 4.75, 0.75], "texture": "#0"},
				"west": {"uv": [4.25, 0.25, 4.75, 0.75], "rotation": 270, "texture": "#0"},
				"up": {"uv": [4.25, 0.25, 4.75, 0.75], "texture": "#0"},
				"down": {"uv": [4.25, 0.25, 4.75, 0.75], "rotation": 180, "texture": "#0"}
			}
		},
		{
			"name": "voxel",
			"from": [7.62, 5.36, 6.595],
			"to": [7.78, 6.32, 6.755],
			"faces": {
				"north": {"uv": [0.25, 0.25, 0.75, 0.75], "rotation": 180, "texture": "#0"},
				"east": {"uv": [0.25, 0.25, 0.75, 0.75], "rotation": 90, "texture": "#0"},
				"south": {"uv": [0.25, 0.25, 0.75, 0.75], "texture": "#0"},
				"west": {"uv": [0.25, 0.25, 0.75, 0.75], "rotation": 270, "texture": "#0"},
				"up": {"uv": [0.25, 0.25, 0.75, 0.75], "texture": "#0"},
				"down": {"uv": [0.25, 0.25, 0.75, 0.75], "rotation": 180, "texture": "#0"}
			}
		},
		{
			"name": "voxel",
			"from": [8.42, 5.2, 6.595],
			"to": [8.58, 5.36, 7.395],
			"faces": {
				"north": {"uv": [0.25, 0.25, 0.75, 0.75], "rotation": 180, "texture": "#0"},
				"east": {"uv": [0.25, 0.25, 0.75, 0.75], "rotation": 90, "texture": "#0"},
				"south": {"uv": [0.25, 0.25, 0.75, 0.75], "texture": "#0"},
				"west": {"uv": [0.25, 0.25, 0.75, 0.75], "rotation": 270, "texture": "#0"},
				"up": {"uv": [0.25, 0.25, 0.75, 0.75], "texture": "#0"},
				"down": {"uv": [0.25, 0.25, 0.75, 0.75], "rotation": 180, "texture": "#0"}
			}
		},
		{
			"name": "voxel",
			"from": [7.46, 5.2, 6.595],
			"to": [7.62, 5.36, 7.395],
			"faces": {
				"north": {"uv": [0.25, 0.25, 0.75, 0.75], "rotation": 180, "texture": "#0"},
				"east": {"uv": [0.25, 0.25, 0.75, 0.75], "rotation": 90, "texture": "#0"},
				"south": {"uv": [0.25, 0.25, 0.75, 0.75], "texture": "#0"},
				"west": {"uv": [0.25, 0.25, 0.75, 0.75], "rotation": 270, "texture": "#0"},
				"up": {"uv": [0.25, 0.25, 0.75, 0.75], "texture": "#0"},
				"down": {"uv": [0.25, 0.25, 0.75, 0.75], "rotation": 180, "texture": "#0"}
			}
		},
		{
			"name": "voxel",
			"from": [7.62, 5.2, 6.435],
			"to": [8.42, 5.36, 7.555],
			"faces": {
				"north": {"uv": [0.25, 0.25, 0.75, 0.75], "rotation": 180, "texture": "#0"},
				"east": {"uv": [0.25, 0.25, 0.75, 0.75], "rotation": 90, "texture": "#0"},
				"south": {"uv": [0.25, 0.25, 0.75, 0.75], "texture": "#0"},
				"west": {"uv": [0.25, 0.25, 0.75, 0.75], "rotation": 270, "texture": "#0"},
				"up": {"uv": [0.25, 0.25, 0.75, 0.75], "texture": "#0"},
				"down": {"uv": [0.25, 0.25, 0.75, 0.75], "rotation": 180, "texture": "#0"}
			}
		},
		{
			"name": "voxel",
			"from": [8.42, 4.08, 7.395],
			"to": [8.58, 5.36, 7.555],
			"faces": {
				"north": {"uv": [0.25, 0.25, 0.75, 0.75], "rotation": 180, "texture": "#0"},
				"east": {"uv": [0.25, 0.25, 0.75, 0.75], "rotation": 90, "texture": "#0"},
				"south": {"uv": [0.25, 0.25, 0.75, 0.75], "texture": "#0"},
				"west": {"uv": [0.25, 0.25, 0.75, 0.75], "rotation": 270, "texture": "#0"},
				"up": {"uv": [0.25, 0.25, 0.75, 0.75], "texture": "#0"},
				"down": {"uv": [0.25, 0.25, 0.75, 0.75], "rotation": 180, "texture": "#0"}
			}
		},
		{
			"name": "voxel",
			"from": [7.46, 4.08, 7.395],
			"to": [7.62, 5.36, 7.555],
			"faces": {
				"north": {"uv": [0.25, 0.25, 0.75, 0.75], "rotation": 180, "texture": "#0"},
				"east": {"uv": [0.25, 0.25, 0.75, 0.75], "rotation": 90, "texture": "#0"},
				"south": {"uv": [0.25, 0.25, 0.75, 0.75], "texture": "#0"},
				"west": {"uv": [0.25, 0.25, 0.75, 0.75], "rotation": 270, "texture": "#0"},
				"up": {"uv": [0.25, 0.25, 0.75, 0.75], "texture": "#0"},
				"down": {"uv": [0.25, 0.25, 0.75, 0.75], "rotation": 180, "texture": "#0"}
			}
		},
		{
			"name": "voxel",
			"from": [8.42, 4.08, 6.595],
			"to": [8.58, 5.2, 7.395],
			"faces": {
				"north": {"uv": [5.25, 0.25, 5.75, 0.75], "rotation": 180, "texture": "#0"},
				"east": {"uv": [5.25, 0.25, 5.75, 0.75], "rotation": 90, "texture": "#0"},
				"south": {"uv": [5.25, 0.25, 5.75, 0.75], "texture": "#0"},
				"west": {"uv": [5.25, 0.25, 5.75, 0.75], "rotation": 270, "texture": "#0"},
				"up": {"uv": [5.25, 0.25, 5.75, 0.75], "texture": "#0"},
				"down": {"uv": [5.25, 0.25, 5.75, 0.75], "rotation": 180, "texture": "#0"}
			}
		},
		{
			"name": "voxel",
			"from": [7.46, 4.08, 6.595],
			"to": [7.62, 5.2, 7.395],
			"faces": {
				"north": {"uv": [5.25, 0.25, 5.75, 0.75], "rotation": 180, "texture": "#0"},
				"east": {"uv": [5.25, 0.25, 5.75, 0.75], "rotation": 90, "texture": "#0"},
				"south": {"uv": [5.25, 0.25, 5.75, 0.75], "texture": "#0"},
				"west": {"uv": [5.25, 0.25, 5.75, 0.75], "rotation": 270, "texture": "#0"},
				"up": {"uv": [5.25, 0.25, 5.75, 0.75], "texture": "#0"},
				"down": {"uv": [5.25, 0.25, 5.75, 0.75], "rotation": 180, "texture": "#0"}
			}
		},
		{
			"name": "voxel",
			"from": [8.42, 4.08, 6.435],
			"to": [8.58, 5.36, 6.595],
			"faces": {
				"north": {"uv": [0.25, 0.25, 0.75, 0.75], "rotation": 180, "texture": "#0"},
				"east": {"uv": [0.25, 0.25, 0.75, 0.75], "rotation": 90, "texture": "#0"},
				"south": {"uv": [0.25, 0.25, 0.75, 0.75], "texture": "#0"},
				"west": {"uv": [0.25, 0.25, 0.75, 0.75], "rotation": 270, "texture": "#0"},
				"up": {"uv": [0.25, 0.25, 0.75, 0.75], "texture": "#0"},
				"down": {"uv": [0.25, 0.25, 0.75, 0.75], "rotation": 180, "texture": "#0"}
			}
		},
		{
			"name": "voxel",
			"from": [7.62, 4.08, 6.435],
			"to": [8.42, 5.2, 7.555],
			"faces": {
				"north": {"uv": [5.25, 0.25, 5.75, 0.75], "rotation": 180, "texture": "#0"},
				"east": {"uv": [5.25, 0.25, 5.75, 0.75], "rotation": 90, "texture": "#0"},
				"south": {"uv": [5.25, 0.25, 5.75, 0.75], "texture": "#0"},
				"west": {"uv": [5.25, 0.25, 5.75, 0.75], "rotation": 270, "texture": "#0"},
				"up": {"uv": [5.25, 0.25, 5.75, 0.75], "texture": "#0"},
				"down": {"uv": [5.25, 0.25, 5.75, 0.75], "rotation": 180, "texture": "#0"}
			}
		},
		{
			"name": "voxel",
			"from": [7.46, 4.08, 6.435],
			"to": [7.62, 5.36, 6.595],
			"faces": {
				"north": {"uv": [0.25, 0.25, 0.75, 0.75], "rotation": 180, "texture": "#0"},
				"east": {"uv": [0.25, 0.25, 0.75, 0.75], "rotation": 90, "texture": "#0"},
				"south": {"uv": [0.25, 0.25, 0.75, 0.75], "texture": "#0"},
				"west": {"uv": [0.25, 0.25, 0.75, 0.75], "rotation": 270, "texture": "#0"},
				"up": {"uv": [0.25, 0.25, 0.75, 0.75], "texture": "#0"},
				"down": {"uv": [0.25, 0.25, 0.75, 0.75], "rotation": 180, "texture": "#0"}
			}
		},
		{
			"name": "voxel",
			"from": [8.34, 3.92, 7.475],
			"to": [8.5, 4.08, 7.555],
			"faces": {
				"north": {"uv": [0.25, 0.25, 0.75, 0.75], "rotation": 180, "texture": "#0"},
				"east": {"uv": [0.25, 0.25, 0.75, 0.75], "rotation": 90, "texture": "#0"},
				"south": {"uv": [0.25, 0.25, 0.75, 0.75], "texture": "#0"},
				"west": {"uv": [0.25, 0.25, 0.75, 0.75], "rotation": 270, "texture": "#0"},
				"up": {"uv": [0.25, 0.25, 0.75, 0.75], "texture": "#0"},
				"down": {"uv": [0.25, 0.25, 0.75, 0.75], "rotation": 180, "texture": "#0"}
			}
		},
		{
			"name": "voxel",
			"from": [7.54, 3.92, 7.475],
			"to": [7.7, 4.08, 7.555],
			"faces": {
				"north": {"uv": [0.25, 0.25, 0.75, 0.75], "rotation": 180, "texture": "#0"},
				"east": {"uv": [0.25, 0.25, 0.75, 0.75], "rotation": 90, "texture": "#0"},
				"south": {"uv": [0.25, 0.25, 0.75, 0.75], "texture": "#0"},
				"west": {"uv": [0.25, 0.25, 0.75, 0.75], "rotation": 270, "texture": "#0"},
				"up": {"uv": [0.25, 0.25, 0.75, 0.75], "texture": "#0"},
				"down": {"uv": [0.25, 0.25, 0.75, 0.75], "rotation": 180, "texture": "#0"}
			}
		},
		{
			"name": "voxel",
			"from": [8.34, 3.92, 6.675],
			"to": [8.5, 4.08, 7.315],
			"faces": {
				"north": {"uv": [0.25, 0.25, 0.75, 0.75], "rotation": 180, "texture": "#0"},
				"east": {"uv": [0.25, 0.25, 0.75, 0.75], "rotation": 90, "texture": "#0"},
				"south": {"uv": [0.25, 0.25, 0.75, 0.75], "texture": "#0"},
				"west": {"uv": [0.25, 0.25, 0.75, 0.75], "rotation": 270, "texture": "#0"},
				"up": {"uv": [0.25, 0.25, 0.75, 0.75], "texture": "#0"},
				"down": {"uv": [0.25, 0.25, 0.75, 0.75], "rotation": 180, "texture": "#0"}
			}
		},
		{
			"name": "voxel",
			"from": [7.54, 3.92, 6.675],
			"to": [7.7, 4.08, 7.315],
			"faces": {
				"north": {"uv": [0.25, 0.25, 0.75, 0.75], "rotation": 180, "texture": "#0"},
				"east": {"uv": [0.25, 0.25, 0.75, 0.75], "rotation": 90, "texture": "#0"},
				"south": {"uv": [0.25, 0.25, 0.75, 0.75], "texture": "#0"},
				"west": {"uv": [0.25, 0.25, 0.75, 0.75], "rotation": 270, "texture": "#0"},
				"up": {"uv": [0.25, 0.25, 0.75, 0.75], "texture": "#0"},
				"down": {"uv": [0.25, 0.25, 0.75, 0.75], "rotation": 180, "texture": "#0"}
			}
		},
		{
			"name": "voxel",
			"from": [8.5, 3.92, 6.515],
			"to": [8.58, 4.08, 7.555],
			"faces": {
				"north": {"uv": [0.25, 0.25, 0.75, 0.75], "rotation": 180, "texture": "#0"},
				"east": {"uv": [0.25, 0.25, 0.75, 0.75], "rotation": 90, "texture": "#0"},
				"south": {"uv": [0.25, 0.25, 0.75, 0.75], "texture": "#0"},
				"west": {"uv": [0.25, 0.25, 0.75, 0.75], "rotation": 270, "texture": "#0"},
				"up": {"uv": [0.25, 0.25, 0.75, 0.75], "texture": "#0"},
				"down": {"uv": [0.25, 0.25, 0.75, 0.75], "rotation": 180, "texture": "#0"}
			}
		},
		{
			"name": "voxel",
			"from": [7.7, 3.92, 6.515],
			"to": [8.34, 4.08, 7.555],
			"faces": {
				"north": {"uv": [0.25, 0.25, 0.75, 0.75], "rotation": 180, "texture": "#0"},
				"east": {"uv": [0.25, 0.25, 0.75, 0.75], "rotation": 90, "texture": "#0"},
				"south": {"uv": [0.25, 0.25, 0.75, 0.75], "texture": "#0"},
				"west": {"uv": [0.25, 0.25, 0.75, 0.75], "rotation": 270, "texture": "#0"},
				"up": {"uv": [0.25, 0.25, 0.75, 0.75], "texture": "#0"},
				"down": {"uv": [0.25, 0.25, 0.75, 0.75], "rotation": 180, "texture": "#0"}
			}
		},
		{
			"name": "voxel",
			"from": [7.46, 3.92, 6.515],
			"to": [7.54, 4.08, 7.555],
			"faces": {
				"north": {"uv": [0.25, 0.25, 0.75, 0.75], "rotation": 180, "texture": "#0"},
				"east": {"uv": [0.25, 0.25, 0.75, 0.75], "rotation": 90, "texture": "#0"},
				"south": {"uv": [0.25, 0.25, 0.75, 0.75], "texture": "#0"},
				"west": {"uv": [0.25, 0.25, 0.75, 0.75], "rotation": 270, "texture": "#0"},
				"up": {"uv": [0.25, 0.25, 0.75, 0.75], "texture": "#0"},
				"down": {"uv": [0.25, 0.25, 0.75, 0.75], "rotation": 180, "texture": "#0"}
			}
		},
		{
			"name": "voxel",
			"from": [7.46, 3.92, 6.435],
			"to": [8.58, 4.08, 6.515],
			"faces": {
				"north": {"uv": [0.25, 0.25, 0.75, 0.75], "rotation": 180, "texture": "#0"},
				"east": {"uv": [0.25, 0.25, 0.75, 0.75], "rotation": 90, "texture": "#0"},
				"south": {"uv": [0.25, 0.25, 0.75, 0.75], "texture": "#0"},
				"west": {"uv": [0.25, 0.25, 0.75, 0.75], "rotation": 270, "texture": "#0"},
				"up": {"uv": [0.25, 0.25, 0.75, 0.75], "texture": "#0"},
				"down": {"uv": [0.25, 0.25, 0.75, 0.75], "rotation": 180, "texture": "#0"}
			}
		},
		{
			"name": "voxel",
			"from": [8.34, 3.84, 7.315],
			"to": [8.5, 4.08, 7.475],
			"faces": {
				"north": {"uv": [0.25, 0.25, 0.75, 0.75], "rotation": 180, "texture": "#0"},
				"east": {"uv": [0.25, 0.25, 0.75, 0.75], "rotation": 90, "texture": "#0"},
				"south": {"uv": [0.25, 0.25, 0.75, 0.75], "texture": "#0"},
				"west": {"uv": [0.25, 0.25, 0.75, 0.75], "rotation": 270, "texture": "#0"},
				"up": {"uv": [0.25, 0.25, 0.75, 0.75], "texture": "#0"},
				"down": {"uv": [0.25, 0.25, 0.75, 0.75], "rotation": 180, "texture": "#0"}
			}
		},
		{
			"name": "voxel",
			"from": [7.54, 3.84, 7.315],
			"to": [7.7, 4.08, 7.475],
			"faces": {
				"north": {"uv": [0.25, 0.25, 0.75, 0.75], "rotation": 180, "texture": "#0"},
				"east": {"uv": [0.25, 0.25, 0.75, 0.75], "rotation": 90, "texture": "#0"},
				"south": {"uv": [0.25, 0.25, 0.75, 0.75], "texture": "#0"},
				"west": {"uv": [0.25, 0.25, 0.75, 0.75], "rotation": 270, "texture": "#0"},
				"up": {"uv": [0.25, 0.25, 0.75, 0.75], "texture": "#0"},
				"down": {"uv": [0.25, 0.25, 0.75, 0.75], "rotation": 180, "texture": "#0"}
			}
		},
		{
			"name": "voxel",
			"from": [8.34, 3.84, 6.675],
			"to": [8.5, 3.92, 7.315],
			"faces": {
				"north": {"uv": [2.25, 0.25, 2.75, 0.75], "rotation": 180, "texture": "#0"},
				"east": {"uv": [2.25, 0.25, 2.75, 0.75], "rotation": 90, "texture": "#0"},
				"south": {"uv": [2.25, 0.25, 2.75, 0.75], "texture": "#0"},
				"west": {"uv": [2.25, 0.25, 2.75, 0.75], "rotation": 270, "texture": "#0"},
				"up": {"uv": [2.25, 0.25, 2.75, 0.75], "texture": "#0"},
				"down": {"uv": [2.25, 0.25, 2.75, 0.75], "rotation": 180, "texture": "#0"}
			}
		},
		{
			"name": "voxel",
			"from": [7.54, 3.84, 6.675],
			"to": [7.7, 3.92, 7.315],
			"faces": {
				"north": {"uv": [2.25, 0.25, 2.75, 0.75], "rotation": 180, "texture": "#0"},
				"east": {"uv": [2.25, 0.25, 2.75, 0.75], "rotation": 90, "texture": "#0"},
				"south": {"uv": [2.25, 0.25, 2.75, 0.75], "texture": "#0"},
				"west": {"uv": [2.25, 0.25, 2.75, 0.75], "rotation": 270, "texture": "#0"},
				"up": {"uv": [2.25, 0.25, 2.75, 0.75], "texture": "#0"},
				"down": {"uv": [2.25, 0.25, 2.75, 0.75], "rotation": 180, "texture": "#0"}
			}
		},
		{
			"name": "voxel",
			"from": [8.34, 3.84, 6.515],
			"to": [8.5, 4.08, 6.675],
			"faces": {
				"north": {"uv": [0.25, 0.25, 0.75, 0.75], "rotation": 180, "texture": "#0"},
				"east": {"uv": [0.25, 0.25, 0.75, 0.75], "rotation": 90, "texture": "#0"},
				"south": {"uv": [0.25, 0.25, 0.75, 0.75], "texture": "#0"},
				"west": {"uv": [0.25, 0.25, 0.75, 0.75], "rotation": 270, "texture": "#0"},
				"up": {"uv": [0.25, 0.25, 0.75, 0.75], "texture": "#0"},
				"down": {"uv": [0.25, 0.25, 0.75, 0.75], "rotation": 180, "texture": "#0"}
			}
		},
		{
			"name": "voxel",
			"from": [7.7, 3.84, 6.515],
			"to": [8.34, 3.92, 7.475],
			"faces": {
				"north": {"uv": [2.25, 0.25, 2.75, 0.75], "rotation": 180, "texture": "#0"},
				"east": {"uv": [2.25, 0.25, 2.75, 0.75], "rotation": 90, "texture": "#0"},
				"south": {"uv": [2.25, 0.25, 2.75, 0.75], "texture": "#0"},
				"west": {"uv": [2.25, 0.25, 2.75, 0.75], "rotation": 270, "texture": "#0"},
				"up": {"uv": [2.25, 0.25, 2.75, 0.75], "texture": "#0"},
				"down": {"uv": [2.25, 0.25, 2.75, 0.75], "rotation": 180, "texture": "#0"}
			}
		},
		{
			"name": "voxel",
			"from": [7.54, 3.84, 6.515],
			"to": [7.7, 4.08, 6.675],
			"faces": {
				"north": {"uv": [0.25, 0.25, 0.75, 0.75], "rotation": 180, "texture": "#0"},
				"east": {"uv": [0.25, 0.25, 0.75, 0.75], "rotation": 90, "texture": "#0"},
				"south": {"uv": [0.25, 0.25, 0.75, 0.75], "texture": "#0"},
				"west": {"uv": [0.25, 0.25, 0.75, 0.75], "rotation": 270, "texture": "#0"},
				"up": {"uv": [0.25, 0.25, 0.75, 0.75], "texture": "#0"},
				"down": {"uv": [0.25, 0.25, 0.75, 0.75], "rotation": 180, "texture": "#0"}
			}
		},
		{
			"name": "voxel",
			"from": [7.54, 3.68, 7.475],
			"to": [8.5, 3.84, 7.635],
			"faces": {
				"north": {"uv": [0.25, 0.25, 0.75, 0.75], "rotation": 180, "texture": "#0"},
				"east": {"uv": [0.25, 0.25, 0.75, 0.75], "rotation": 90, "texture": "#0"},
				"south": {"uv": [0.25, 0.25, 0.75, 0.75], "texture": "#0"},
				"west": {"uv": [0.25, 0.25, 0.75, 0.75], "rotation": 270, "texture": "#0"},
				"up": {"uv": [0.25, 0.25, 0.75, 0.75], "texture": "#0"},
				"down": {"uv": [0.25, 0.25, 0.75, 0.75], "rotation": 180, "texture": "#0"}
			}
		},
		{
			"name": "voxel",
			"from": [8.5, 3.68, 6.515],
			"to": [8.66, 3.84, 7.475],
			"faces": {
				"north": {"uv": [0.25, 0.25, 0.75, 0.75], "rotation": 180, "texture": "#0"},
				"east": {"uv": [0.25, 0.25, 0.75, 0.75], "rotation": 90, "texture": "#0"},
				"south": {"uv": [0.25, 0.25, 0.75, 0.75], "texture": "#0"},
				"west": {"uv": [0.25, 0.25, 0.75, 0.75], "rotation": 270, "texture": "#0"},
				"up": {"uv": [0.25, 0.25, 0.75, 0.75], "texture": "#0"},
				"down": {"uv": [0.25, 0.25, 0.75, 0.75], "rotation": 180, "texture": "#0"}
			}
		},
		{
			"name": "voxel",
			"from": [7.54, 3.68, 6.515],
			"to": [8.5, 3.84, 7.475],
			"faces": {
				"north": {"uv": [5.25, 0.25, 5.75, 0.75], "rotation": 180, "texture": "#0"},
				"east": {"uv": [5.25, 0.25, 5.75, 0.75], "rotation": 90, "texture": "#0"},
				"south": {"uv": [5.25, 0.25, 5.75, 0.75], "texture": "#0"},
				"west": {"uv": [5.25, 0.25, 5.75, 0.75], "rotation": 270, "texture": "#0"},
				"up": {"uv": [5.25, 0.25, 5.75, 0.75], "texture": "#0"},
				"down": {"uv": [5.25, 0.25, 5.75, 0.75], "rotation": 180, "texture": "#0"}
			}
		},
		{
			"name": "voxel",
			"from": [7.38, 3.68, 6.515],
			"to": [7.54, 3.84, 7.475],
			"faces": {
				"north": {"uv": [0.25, 0.25, 0.75, 0.75], "rotation": 180, "texture": "#0"},
				"east": {"uv": [0.25, 0.25, 0.75, 0.75], "rotation": 90, "texture": "#0"},
				"south": {"uv": [0.25, 0.25, 0.75, 0.75], "texture": "#0"},
				"west": {"uv": [0.25, 0.25, 0.75, 0.75], "rotation": 270, "texture": "#0"},
				"up": {"uv": [0.25, 0.25, 0.75, 0.75], "texture": "#0"},
				"down": {"uv": [0.25, 0.25, 0.75, 0.75], "rotation": 180, "texture": "#0"}
			}
		},
		{
			"name": "voxel",
			"from": [7.54, 3.68, 6.355],
			"to": [8.5, 3.84, 6.515],
			"faces": {
				"north": {"uv": [0.25, 0.25, 0.75, 0.75], "rotation": 180, "texture": "#0"},
				"east": {"uv": [0.25, 0.25, 0.75, 0.75], "rotation": 90, "texture": "#0"},
				"south": {"uv": [0.25, 0.25, 0.75, 0.75], "texture": "#0"},
				"west": {"uv": [0.25, 0.25, 0.75, 0.75], "rotation": 270, "texture": "#0"},
				"up": {"uv": [0.25, 0.25, 0.75, 0.75], "texture": "#0"},
				"down": {"uv": [0.25, 0.25, 0.75, 0.75], "rotation": 180, "texture": "#0"}
			}
		},
		{
			"name": "voxel",
			"from": [8.5, 3.2, 6.515],
			"to": [8.66, 3.68, 7.475],
			"faces": {
				"north": {"uv": [5.25, 0.25, 5.75, 0.75], "rotation": 180, "texture": "#0"},
				"east": {"uv": [5.25, 0.25, 5.75, 0.75], "rotation": 90, "texture": "#0"},
				"south": {"uv": [5.25, 0.25, 5.75, 0.75], "texture": "#0"},
				"west": {"uv": [5.25, 0.25, 5.75, 0.75], "rotation": 270, "texture": "#0"},
				"up": {"uv": [5.25, 0.25, 5.75, 0.75], "texture": "#0"},
				"down": {"uv": [5.25, 0.25, 5.75, 0.75], "rotation": 180, "texture": "#0"}
			}
		},
		{
			"name": "voxel",
			"from": [7.38, 3.2, 6.515],
			"to": [7.54, 3.68, 7.475],
			"faces": {
				"north": {"uv": [5.25, 0.25, 5.75, 0.75], "rotation": 180, "texture": "#0"},
				"east": {"uv": [5.25, 0.25, 5.75, 0.75], "rotation": 90, "texture": "#0"},
				"south": {"uv": [5.25, 0.25, 5.75, 0.75], "texture": "#0"},
				"west": {"uv": [5.25, 0.25, 5.75, 0.75], "rotation": 270, "texture": "#0"},
				"up": {"uv": [5.25, 0.25, 5.75, 0.75], "texture": "#0"},
				"down": {"uv": [5.25, 0.25, 5.75, 0.75], "rotation": 180, "texture": "#0"}
			}
		},
		{
			"name": "voxel",
			"from": [7.54, 3.2, 6.355],
			"to": [8.5, 3.68, 7.635],
			"faces": {
				"north": {"uv": [5.25, 0.25, 5.75, 0.75], "rotation": 180, "texture": "#0"},
				"east": {"uv": [5.25, 0.25, 5.75, 0.75], "rotation": 90, "texture": "#0"},
				"south": {"uv": [5.25, 0.25, 5.75, 0.75], "texture": "#0"},
				"west": {"uv": [5.25, 0.25, 5.75, 0.75], "rotation": 270, "texture": "#0"},
				"up": {"uv": [5.25, 0.25, 5.75, 0.75], "texture": "#0"},
				"down": {"uv": [5.25, 0.25, 5.75, 0.75], "rotation": 180, "texture": "#0"}
			}
		},
		{
			"name": "voxel",
			"from": [8.5, 2.56, 6.515],
			"to": [8.66, 3.2, 7.475],
			"faces": {
				"north": {"uv": [4.25, 0.25, 4.75, 0.75], "rotation": 180, "texture": "#0"},
				"east": {"uv": [4.25, 0.25, 4.75, 0.75], "rotation": 90, "texture": "#0"},
				"south": {"uv": [4.25, 0.25, 4.75, 0.75], "texture": "#0"},
				"west": {"uv": [4.25, 0.25, 4.75, 0.75], "rotation": 270, "texture": "#0"},
				"up": {"uv": [4.25, 0.25, 4.75, 0.75], "texture": "#0"},
				"down": {"uv": [4.25, 0.25, 4.75, 0.75], "rotation": 180, "texture": "#0"}
			}
		},
		{
			"name": "voxel",
			"from": [7.38, 2.56, 6.515],
			"to": [7.54, 3.2, 7.475],
			"faces": {
				"north": {"uv": [4.25, 0.25, 4.75, 0.75], "rotation": 180, "texture": "#0"},
				"east": {"uv": [4.25, 0.25, 4.75, 0.75], "rotation": 90, "texture": "#0"},
				"south": {"uv": [4.25, 0.25, 4.75, 0.75], "texture": "#0"},
				"west": {"uv": [4.25, 0.25, 4.75, 0.75], "rotation": 270, "texture": "#0"},
				"up": {"uv": [4.25, 0.25, 4.75, 0.75], "texture": "#0"},
				"down": {"uv": [4.25, 0.25, 4.75, 0.75], "rotation": 180, "texture": "#0"}
			}
		},
		{
			"name": "voxel",
			"from": [7.54, 2.56, 6.355],
			"to": [8.5, 3.2, 7.635],
			"faces": {
				"north": {"uv": [4.25, 0.25, 4.75, 0.75], "rotation": 180, "texture": "#0"},
				"east": {"uv": [4.25, 0.25, 4.75, 0.75], "rotation": 90, "texture": "#0"},
				"south": {"uv": [4.25, 0.25, 4.75, 0.75], "texture": "#0"},
				"west": {"uv": [4.25, 0.25, 4.75, 0.75], "rotation": 270, "texture": "#0"},
				"up": {"uv": [4.25, 0.25, 4.75, 0.75], "texture": "#0"},
				"down": {"uv": [4.25, 0.25, 4.75, 0.75], "rotation": 180, "texture": "#0"}
			}
		},
		{
			"name": "voxel",
			"from": [8.5, 1.92, 6.515],
			"to": [8.66, 2.56, 7.475],
			"faces": {
				"north": {"uv": [3.25, 0.25, 3.75, 0.75], "rotation": 180, "texture": "#0"},
				"east": {"uv": [3.25, 0.25, 3.75, 0.75], "rotation": 90, "texture": "#0"},
				"south": {"uv": [3.25, 0.25, 3.75, 0.75], "texture": "#0"},
				"west": {"uv": [3.25, 0.25, 3.75, 0.75], "rotation": 270, "texture": "#0"},
				"up": {"uv": [3.25, 0.25, 3.75, 0.75], "texture": "#0"},
				"down": {"uv": [3.25, 0.25, 3.75, 0.75], "rotation": 180, "texture": "#0"}
			}
		},
		{
			"name": "voxel",
			"from": [7.38, 1.92, 6.515],
			"to": [7.54, 2.56, 7.475],
			"faces": {
				"north": {"uv": [3.25, 0.25, 3.75, 0.75], "rotation": 180, "texture": "#0"},
				"east": {"uv": [3.25, 0.25, 3.75, 0.75], "rotation": 90, "texture": "#0"},
				"south": {"uv": [3.25, 0.25, 3.75, 0.75], "texture": "#0"},
				"west": {"uv": [3.25, 0.25, 3.75, 0.75], "rotation": 270, "texture": "#0"},
				"up": {"uv": [3.25, 0.25, 3.75, 0.75], "texture": "#0"},
				"down": {"uv": [3.25, 0.25, 3.75, 0.75], "rotation": 180, "texture": "#0"}
			}
		},
		{
			"name": "voxel",
			"from": [7.54, 1.92, 6.355],
			"to": [8.5, 2.56, 7.635],
			"faces": {
				"north": {"uv": [3.25, 0.25, 3.75, 0.75], "rotation": 180, "texture": "#0"},
				"east": {"uv": [3.25, 0.25, 3.75, 0.75], "rotation": 90, "texture": "#0"},
				"south": {"uv": [3.25, 0.25, 3.75, 0.75], "texture": "#0"},
				"west": {"uv": [3.25, 0.25, 3.75, 0.75], "rotation": 270, "texture": "#0"},
				"up": {"uv": [3.25, 0.25, 3.75, 0.75], "texture": "#0"},
				"down": {"uv": [3.25, 0.25, 3.75, 0.75], "rotation": 180, "texture": "#0"}
			}
		},
		{
			"name": "voxel",
			"from": [8.5, 1.28, 7.475],
			"to": [8.66, 3.84, 7.635],
			"faces": {
				"north": {"uv": [0.25, 0.25, 0.75, 0.75], "rotation": 180, "texture": "#0"},
				"east": {"uv": [0.25, 0.25, 0.75, 0.75], "rotation": 90, "texture": "#0"},
				"south": {"uv": [0.25, 0.25, 0.75, 0.75], "texture": "#0"},
				"west": {"uv": [0.25, 0.25, 0.75, 0.75], "rotation": 270, "texture": "#0"},
				"up": {"uv": [0.25, 0.25, 0.75, 0.75], "texture": "#0"},
				"down": {"uv": [0.25, 0.25, 0.75, 0.75], "rotation": 180, "texture": "#0"}
			}
		},
		{
			"name": "voxel",
			"from": [7.54, 1.28, 7.475],
			"to": [8.5, 1.92, 7.635],
			"faces": {
				"north": {"uv": [1.25, 0.25, 1.75, 0.75], "rotation": 180, "texture": "#0"},
				"east": {"uv": [1.25, 0.25, 1.75, 0.75], "rotation": 90, "texture": "#0"},
				"south": {"uv": [1.25, 0.25, 1.75, 0.75], "texture": "#0"},
				"west": {"uv": [1.25, 0.25, 1.75, 0.75], "rotation": 270, "texture": "#0"},
				"up": {"uv": [1.25, 0.25, 1.75, 0.75], "texture": "#0"},
				"down": {"uv": [1.25, 0.25, 1.75, 0.75], "rotation": 180, "texture": "#0"}
			}
		},
		{
			"name": "voxel",
			"from": [7.38, 1.28, 7.475],
			"to": [7.54, 3.84, 7.635],
			"faces": {
				"north": {"uv": [0.25, 0.25, 0.75, 0.75], "rotation": 180, "texture": "#0"},
				"east": {"uv": [0.25, 0.25, 0.75, 0.75], "rotation": 90, "texture": "#0"},
				"south": {"uv": [0.25, 0.25, 0.75, 0.75], "texture": "#0"},
				"west": {"uv": [0.25, 0.25, 0.75, 0.75], "rotation": 270, "texture": "#0"},
				"up": {"uv": [0.25, 0.25, 0.75, 0.75], "texture": "#0"},
				"down": {"uv": [0.25, 0.25, 0.75, 0.75], "rotation": 180, "texture": "#0"}
			}
		},
		{
			"name": "voxel",
			"from": [8.5, 1.28, 6.515],
			"to": [8.66, 1.92, 7.475],
			"faces": {
				"north": {"uv": [1.25, 0.25, 1.75, 0.75], "rotation": 180, "texture": "#0"},
				"east": {"uv": [1.25, 0.25, 1.75, 0.75], "rotation": 90, "texture": "#0"},
				"south": {"uv": [1.25, 0.25, 1.75, 0.75], "texture": "#0"},
				"west": {"uv": [1.25, 0.25, 1.75, 0.75], "rotation": 270, "texture": "#0"},
				"up": {"uv": [1.25, 0.25, 1.75, 0.75], "texture": "#0"},
				"down": {"uv": [1.25, 0.25, 1.75, 0.75], "rotation": 180, "texture": "#0"}
			}
		},
		{
			"name": "voxel",
			"from": [7.38, 1.28, 6.515],
			"to": [7.54, 1.92, 7.475],
			"faces": {
				"north": {"uv": [1.25, 0.25, 1.75, 0.75], "rotation": 180, "texture": "#0"},
				"east": {"uv": [1.25, 0.25, 1.75, 0.75], "rotation": 90, "texture": "#0"},
				"south": {"uv": [1.25, 0.25, 1.75, 0.75], "texture": "#0"},
				"west": {"uv": [1.25, 0.25, 1.75, 0.75], "rotation": 270, "texture": "#0"},
				"up": {"uv": [1.25, 0.25, 1.75, 0.75], "texture": "#0"},
				"down": {"uv": [1.25, 0.25, 1.75, 0.75], "rotation": 180, "texture": "#0"}
			}
		},
		{
			"name": "voxel",
			"from": [8.5, 1.28, 6.355],
			"to": [8.66, 3.84, 6.515],
			"faces": {
				"north": {"uv": [0.25, 0.25, 0.75, 0.75], "rotation": 180, "texture": "#0"},
				"east": {"uv": [0.25, 0.25, 0.75, 0.75], "rotation": 90, "texture": "#0"},
				"south": {"uv": [0.25, 0.25, 0.75, 0.75], "texture": "#0"},
				"west": {"uv": [0.25, 0.25, 0.75, 0.75], "rotation": 270, "texture": "#0"},
				"up": {"uv": [0.25, 0.25, 0.75, 0.75], "texture": "#0"},
				"down": {"uv": [0.25, 0.25, 0.75, 0.75], "rotation": 180, "texture": "#0"}
			}
		},
		{
			"name": "voxel",
			"from": [7.54, 1.28, 6.355],
			"to": [8.5, 1.92, 6.515],
			"faces": {
				"north": {"uv": [1.25, 0.25, 1.75, 0.75], "rotation": 180, "texture": "#0"},
				"east": {"uv": [1.25, 0.25, 1.75, 0.75], "rotation": 90, "texture": "#0"},
				"south": {"uv": [1.25, 0.25, 1.75, 0.75], "texture": "#0"},
				"west": {"uv": [1.25, 0.25, 1.75, 0.75], "rotation": 270, "texture": "#0"},
				"up": {"uv": [1.25, 0.25, 1.75, 0.75], "texture": "#0"},
				"down": {"uv": [1.25, 0.25, 1.75, 0.75], "rotation": 180, "texture": "#0"}
			}
		},
		{
			"name": "voxel",
			"from": [7.38, 1.28, 6.355],
			"to": [7.54, 3.84, 6.515],
			"faces": {
				"north": {"uv": [0.25, 0.25, 0.75, 0.75], "rotation": 180, "texture": "#0"},
				"east": {"uv": [0.25, 0.25, 0.75, 0.75], "rotation": 90, "texture": "#0"},
				"south": {"uv": [0.25, 0.25, 0.75, 0.75], "texture": "#0"},
				"west": {"uv": [0.25, 0.25, 0.75, 0.75], "rotation": 270, "texture": "#0"},
				"up": {"uv": [0.25, 0.25, 0.75, 0.75], "texture": "#0"},
				"down": {"uv": [0.25, 0.25, 0.75, 0.75], "rotation": 180, "texture": "#0"}
			}
		},
		{
			"name": "voxel",
			"from": [7.54, 1.12, 7.475],
			"to": [8.5, 1.28, 7.635],
			"faces": {
				"north": {"uv": [0.25, 0.25, 0.75, 0.75], "rotation": 180, "texture": "#0"},
				"east": {"uv": [0.25, 0.25, 0.75, 0.75], "rotation": 90, "texture": "#0"},
				"south": {"uv": [0.25, 0.25, 0.75, 0.75], "texture": "#0"},
				"west": {"uv": [0.25, 0.25, 0.75, 0.75], "rotation": 270, "texture": "#0"},
				"up": {"uv": [0.25, 0.25, 0.75, 0.75], "texture": "#0"},
				"down": {"uv": [0.25, 0.25, 0.75, 0.75], "rotation": 180, "texture": "#0"}
			}
		},
		{
			"name": "voxel",
			"from": [8.5, 1.12, 6.515],
			"to": [8.66, 1.28, 7.635],
			"faces": {
				"north": {"uv": [0.25, 0.25, 0.75, 0.75], "rotation": 180, "texture": "#0"},
				"east": {"uv": [0.25, 0.25, 0.75, 0.75], "rotation": 90, "texture": "#0"},
				"south": {"uv": [0.25, 0.25, 0.75, 0.75], "texture": "#0"},
				"west": {"uv": [0.25, 0.25, 0.75, 0.75], "rotation": 270, "texture": "#0"},
				"up": {"uv": [0.25, 0.25, 0.75, 0.75], "texture": "#0"},
				"down": {"uv": [0.25, 0.25, 0.75, 0.75], "rotation": 180, "texture": "#0"}
			}
		},
		{
			"name": "voxel",
			"from": [7.54, 1.12, 6.515],
			"to": [8.5, 1.92, 7.475],
			"faces": {
				"north": {"uv": [1.25, 0.25, 1.75, 0.75], "rotation": 180, "texture": "#0"},
				"east": {"uv": [1.25, 0.25, 1.75, 0.75], "rotation": 90, "texture": "#0"},
				"south": {"uv": [1.25, 0.25, 1.75, 0.75], "texture": "#0"},
				"west": {"uv": [1.25, 0.25, 1.75, 0.75], "rotation": 270, "texture": "#0"},
				"up": {"uv": [1.25, 0.25, 1.75, 0.75], "texture": "#0"},
				"down": {"uv": [1.25, 0.25, 1.75, 0.75], "rotation": 180, "texture": "#0"}
			}
		},
		{
			"name": "voxel",
			"from": [7.38, 1.12, 6.515],
			"to": [7.54, 1.28, 7.635],
			"faces": {
				"north": {"uv": [0.25, 0.25, 0.75, 0.75], "rotation": 180, "texture": "#0"},
				"east": {"uv": [0.25, 0.25, 0.75, 0.75], "rotation": 90, "texture": "#0"},
				"south": {"uv": [0.25, 0.25, 0.75, 0.75], "texture": "#0"},
				"west": {"uv": [0.25, 0.25, 0.75, 0.75], "rotation": 270, "texture": "#0"},
				"up": {"uv": [0.25, 0.25, 0.75, 0.75], "texture": "#0"},
				"down": {"uv": [0.25, 0.25, 0.75, 0.75], "rotation": 180, "texture": "#0"}
			}
		},
		{
			"name": "voxel",
			"from": [7.38, 1.12, 6.355],
			"to": [8.66, 1.28, 6.515],
			"faces": {
				"north": {"uv": [0.25, 0.25, 0.75, 0.75], "rotation": 180, "texture": "#0"},
				"east": {"uv": [0.25, 0.25, 0.75, 0.75], "rotation": 90, "texture": "#0"},
				"south": {"uv": [0.25, 0.25, 0.75, 0.75], "texture": "#0"},
				"west": {"uv": [0.25, 0.25, 0.75, 0.75], "rotation": 270, "texture": "#0"},
				"up": {"uv": [0.25, 0.25, 0.75, 0.75], "texture": "#0"},
				"down": {"uv": [0.25, 0.25, 0.75, 0.75], "rotation": 180, "texture": "#0"}
			}
		},
		{
			"name": "voxel",
			"from": [8.34, 0.8, 7.315],
			"to": [8.5, 1.12, 7.475],
			"faces": {
				"north": {"uv": [0.25, 0.25, 0.75, 0.75], "rotation": 180, "texture": "#0"},
				"east": {"uv": [0.25, 0.25, 0.75, 0.75], "rotation": 90, "texture": "#0"},
				"south": {"uv": [0.25, 0.25, 0.75, 0.75], "texture": "#0"},
				"west": {"uv": [0.25, 0.25, 0.75, 0.75], "rotation": 270, "texture": "#0"},
				"up": {"uv": [0.25, 0.25, 0.75, 0.75], "texture": "#0"},
				"down": {"uv": [0.25, 0.25, 0.75, 0.75], "rotation": 180, "texture": "#0"}
			}
		},
		{
			"name": "voxel",
			"from": [7.54, 0.8, 7.315],
			"to": [7.7, 1.12, 7.475],
			"faces": {
				"north": {"uv": [0.25, 0.25, 0.75, 0.75], "rotation": 180, "texture": "#0"},
				"east": {"uv": [0.25, 0.25, 0.75, 0.75], "rotation": 90, "texture": "#0"},
				"south": {"uv": [0.25, 0.25, 0.75, 0.75], "texture": "#0"},
				"west": {"uv": [0.25, 0.25, 0.75, 0.75], "rotation": 270, "texture": "#0"},
				"up": {"uv": [0.25, 0.25, 0.75, 0.75], "texture": "#0"},
				"down": {"uv": [0.25, 0.25, 0.75, 0.75], "rotation": 180, "texture": "#0"}
			}
		},
		{
			"name": "voxel",
			"from": [8.34, 0.8, 6.675],
			"to": [8.5, 1.12, 7.315],
			"faces": {
				"north": {"uv": [2.25, 0.25, 2.75, 0.75], "rotation": 180, "texture": "#0"},
				"east": {"uv": [2.25, 0.25, 2.75, 0.75], "rotation": 90, "texture": "#0"},
				"south": {"uv": [2.25, 0.25, 2.75, 0.75], "texture": "#0"},
				"west": {"uv": [2.25, 0.25, 2.75, 0.75], "rotation": 270, "texture": "#0"},
				"up": {"uv": [2.25, 0.25, 2.75, 0.75], "texture": "#0"},
				"down": {"uv": [2.25, 0.25, 2.75, 0.75], "rotation": 180, "texture": "#0"}
			}
		},
		{
			"name": "voxel",
			"from": [7.54, 0.8, 6.675],
			"to": [7.7, 1.12, 7.315],
			"faces": {
				"north": {"uv": [2.25, 0.25, 2.75, 0.75], "rotation": 180, "texture": "#0"},
				"east": {"uv": [2.25, 0.25, 2.75, 0.75], "rotation": 90, "texture": "#0"},
				"south": {"uv": [2.25, 0.25, 2.75, 0.75], "texture": "#0"},
				"west": {"uv": [2.25, 0.25, 2.75, 0.75], "rotation": 270, "texture": "#0"},
				"up": {"uv": [2.25, 0.25, 2.75, 0.75], "texture": "#0"},
				"down": {"uv": [2.25, 0.25, 2.75, 0.75], "rotation": 180, "texture": "#0"}
			}
		},
		{
			"name": "voxel",
			"from": [8.34, 0.8, 6.515],
			"to": [8.5, 1.12, 6.675],
			"faces": {
				"north": {"uv": [0.25, 0.25, 0.75, 0.75], "rotation": 180, "texture": "#0"},
				"east": {"uv": [0.25, 0.25, 0.75, 0.75], "rotation": 90, "texture": "#0"},
				"south": {"uv": [0.25, 0.25, 0.75, 0.75], "texture": "#0"},
				"west": {"uv": [0.25, 0.25, 0.75, 0.75], "rotation": 270, "texture": "#0"},
				"up": {"uv": [0.25, 0.25, 0.75, 0.75], "texture": "#0"},
				"down": {"uv": [0.25, 0.25, 0.75, 0.75], "rotation": 180, "texture": "#0"}
			}
		},
		{
			"name": "voxel",
			"from": [7.7, 0.8, 6.515],
			"to": [8.34, 1.12, 7.475],
			"faces": {
				"north": {"uv": [2.25, 0.25, 2.75, 0.75], "rotation": 180, "texture": "#0"},
				"east": {"uv": [2.25, 0.25, 2.75, 0.75], "rotation": 90, "texture": "#0"},
				"south": {"uv": [2.25, 0.25, 2.75, 0.75], "texture": "#0"},
				"west": {"uv": [2.25, 0.25, 2.75, 0.75], "rotation": 270, "texture": "#0"},
				"up": {"uv": [2.25, 0.25, 2.75, 0.75], "texture": "#0"},
				"down": {"uv": [2.25, 0.25, 2.75, 0.75], "rotation": 180, "texture": "#0"}
			}
		},
		{
			"name": "voxel",
			"from": [7.54, 0.8, 6.515],
			"to": [7.7, 1.12, 6.675],
			"faces": {
				"north": {"uv": [0.25, 0.25, 0.75, 0.75], "rotation": 180, "texture": "#0"},
				"east": {"uv": [0.25, 0.25, 0.75, 0.75], "rotation": 90, "texture": "#0"},
				"south": {"uv": [0.25, 0.25, 0.75, 0.75], "texture": "#0"},
				"west": {"uv": [0.25, 0.25, 0.75, 0.75], "rotation": 270, "texture": "#0"},
				"up": {"uv": [0.25, 0.25, 0.75, 0.75], "texture": "#0"},
				"down": {"uv": [0.25, 0.25, 0.75, 0.75], "rotation": 180, "texture": "#0"}
			}
		},
		{
			"name": "voxel",
			"from": [8.5, 0.64, 6.515],
			"to": [8.66, 0.8, 7.475],
			"faces": {
				"north": {"uv": [0.25, 0.25, 0.75, 0.75], "rotation": 180, "texture": "#0"},
				"east": {"uv": [0.25, 0.25, 0.75, 0.75], "rotation": 90, "texture": "#0"},
				"south": {"uv": [0.25, 0.25, 0.75, 0.75], "texture": "#0"},
				"west": {"uv": [0.25, 0.25, 0.75, 0.75], "rotation": 270, "texture": "#0"},
				"up": {"uv": [0.25, 0.25, 0.75, 0.75], "texture": "#0"},
				"down": {"uv": [0.25, 0.25, 0.75, 0.75], "rotation": 180, "texture": "#0"}
			}
		},
		{
			"name": "voxel",
			"from": [7.38, 0.64, 6.515],
			"to": [7.54, 0.8, 7.475],
			"faces": {
				"north": {"uv": [0.25, 0.25, 0.75, 0.75], "rotation": 180, "texture": "#0"},
				"east": {"uv": [0.25, 0.25, 0.75, 0.75], "rotation": 90, "texture": "#0"},
				"south": {"uv": [0.25, 0.25, 0.75, 0.75], "texture": "#0"},
				"west": {"uv": [0.25, 0.25, 0.75, 0.75], "rotation": 270, "texture": "#0"},
				"up": {"uv": [0.25, 0.25, 0.75, 0.75], "texture": "#0"},
				"down": {"uv": [0.25, 0.25, 0.75, 0.75], "rotation": 180, "texture": "#0"}
			}
		},
		{
			"name": "voxel",
			"from": [7.54, 0.64, 6.355],
			"to": [8.5, 0.8, 7.635],
			"faces": {
				"north": {"uv": [0.25, 0.25, 0.75, 0.75], "rotation": 180, "texture": "#0"},
				"east": {"uv": [0.25, 0.25, 0.75, 0.75], "rotation": 90, "texture": "#0"},
				"south": {"uv": [0.25, 0.25, 0.75, 0.75], "texture": "#0"},
				"west": {"uv": [0.25, 0.25, 0.75, 0.75], "rotation": 270, "texture": "#0"},
				"up": {"uv": [0.25, 0.25, 0.75, 0.75], "texture": "#0"},
				"down": {"uv": [0.25, 0.25, 0.75, 0.75], "rotation": 180, "texture": "#0"}
			}
		},
		{
			"name": "voxel",
			"from": [8.18, 0.32, 7.155],
			"to": [8.34, 0.64, 7.315],
			"faces": {
				"north": {"uv": [1.25, 0.25, 1.75, 0.75], "rotation": 180, "texture": "#0"},
				"east": {"uv": [1.25, 0.25, 1.75, 0.75], "rotation": 90, "texture": "#0"},
				"south": {"uv": [1.25, 0.25, 1.75, 0.75], "texture": "#0"},
				"west": {"uv": [1.25, 0.25, 1.75, 0.75], "rotation": 270, "texture": "#0"},
				"up": {"uv": [1.25, 0.25, 1.75, 0.75], "texture": "#0"},
				"down": {"uv": [1.25, 0.25, 1.75, 0.75], "rotation": 180, "texture": "#0"}
			}
		},
		{
			"name": "voxel",
			"from": [7.7, 0.32, 7.155],
			"to": [7.86, 0.64, 7.315],
			"faces": {
				"north": {"uv": [1.25, 0.25, 1.75, 0.75], "rotation": 180, "texture": "#0"},
				"east": {"uv": [1.25, 0.25, 1.75, 0.75], "rotation": 90, "texture": "#0"},
				"south": {"uv": [1.25, 0.25, 1.75, 0.75], "texture": "#0"},
				"west": {"uv": [1.25, 0.25, 1.75, 0.75], "rotation": 270, "texture": "#0"},
				"up": {"uv": [1.25, 0.25, 1.75, 0.75], "texture": "#0"},
				"down": {"uv": [1.25, 0.25, 1.75, 0.75], "rotation": 180, "texture": "#0"}
			}
		},
		{
			"name": "voxel",
			"from": [7.86, 0.32, 6.835],
			"to": [8.18, 0.64, 7.155],
			"faces": {
				"north": {"uv": [1.25, 0.25, 1.75, 0.75], "rotation": 180, "texture": "#0"},
				"east": {"uv": [1.25, 0.25, 1.75, 0.75], "rotation": 90, "texture": "#0"},
				"south": {"uv": [1.25, 0.25, 1.75, 0.75], "texture": "#0"},
				"west": {"uv": [1.25, 0.25, 1.75, 0.75], "rotation": 270, "texture": "#0"},
				"up": {"uv": [1.25, 0.25, 1.75, 0.75], "texture": "#0"},
				"down": {"uv": [1.25, 0.25, 1.75, 0.75], "rotation": 180, "texture": "#0"}
			}
		},
		{
			"name": "voxel",
			"from": [8.18, 0.32, 6.675],
			"to": [8.34, 0.64, 6.835],
			"faces": {
				"north": {"uv": [1.25, 0.25, 1.75, 0.75], "rotation": 180, "texture": "#0"},
				"east": {"uv": [1.25, 0.25, 1.75, 0.75], "rotation": 90, "texture": "#0"},
				"south": {"uv": [1.25, 0.25, 1.75, 0.75], "texture": "#0"},
				"west": {"uv": [1.25, 0.25, 1.75, 0.75], "rotation": 270, "texture": "#0"},
				"up": {"uv": [1.25, 0.25, 1.75, 0.75], "texture": "#0"},
				"down": {"uv": [1.25, 0.25, 1.75, 0.75], "rotation": 180, "texture": "#0"}
			}
		},
		{
			"name": "voxel",
			"from": [7.7, 0.32, 6.675],
			"to": [7.86, 0.64, 6.835],
			"faces": {
				"north": {"uv": [1.25, 0.25, 1.75, 0.75], "rotation": 180, "texture": "#0"},
				"east": {"uv": [1.25, 0.25, 1.75, 0.75], "rotation": 90, "texture": "#0"},
				"south": {"uv": [1.25, 0.25, 1.75, 0.75], "texture": "#0"},
				"west": {"uv": [1.25, 0.25, 1.75, 0.75], "rotation": 270, "texture": "#0"},
				"up": {"uv": [1.25, 0.25, 1.75, 0.75], "texture": "#0"},
				"down": {"uv": [1.25, 0.25, 1.75, 0.75], "rotation": 180, "texture": "#0"}
			}
		},
		{
			"name": "voxel",
			"from": [8.5, 0.16, 7.475],
			"to": [8.66, 0.8, 7.635],
			"faces": {
				"north": {"uv": [0.25, 0.25, 0.75, 0.75], "rotation": 180, "texture": "#0"},
				"east": {"uv": [0.25, 0.25, 0.75, 0.75], "rotation": 90, "texture": "#0"},
				"south": {"uv": [0.25, 0.25, 0.75, 0.75], "texture": "#0"},
				"west": {"uv": [0.25, 0.25, 0.75, 0.75], "rotation": 270, "texture": "#0"},
				"up": {"uv": [0.25, 0.25, 0.75, 0.75], "texture": "#0"},
				"down": {"uv": [0.25, 0.25, 0.75, 0.75], "rotation": 180, "texture": "#0"}
			}
		},
		{
			"name": "voxel",
			"from": [7.54, 0.16, 7.475],
			"to": [8.5, 0.64, 7.635],
			"faces": {
				"north": {"uv": [1.25, 0.25, 1.75, 0.75], "rotation": 180, "texture": "#0"},
				"east": {"uv": [1.25, 0.25, 1.75, 0.75], "rotation": 90, "texture": "#0"},
				"south": {"uv": [1.25, 0.25, 1.75, 0.75], "texture": "#0"},
				"west": {"uv": [1.25, 0.25, 1.75, 0.75], "rotation": 270, "texture": "#0"},
				"up": {"uv": [1.25, 0.25, 1.75, 0.75], "texture": "#0"},
				"down": {"uv": [1.25, 0.25, 1.75, 0.75], "rotation": 180, "texture": "#0"}
			}
		},
		{
			"name": "voxel",
			"from": [7.38, 0.16, 7.475],
			"to": [7.54, 0.8, 7.635],
			"faces": {
				"north": {"uv": [0.25, 0.25, 0.75, 0.75], "rotation": 180, "texture": "#0"},
				"east": {"uv": [0.25, 0.25, 0.75, 0.75], "rotation": 90, "texture": "#0"},
				"south": {"uv": [0.25, 0.25, 0.75, 0.75], "texture": "#0"},
				"west": {"uv": [0.25, 0.25, 0.75, 0.75], "rotation": 270, "texture": "#0"},
				"up": {"uv": [0.25, 0.25, 0.75, 0.75], "texture": "#0"},
				"down": {"uv": [0.25, 0.25, 0.75, 0.75], "rotation": 180, "texture": "#0"}
			}
		},
		{
			"name": "voxel",
			"from": [8.18, 0.16, 7.155],
			"to": [8.34, 0.32, 7.315],
			"faces": {
				"north": {"uv": [0.25, 0.25, 0.75, 0.75], "rotation": 180, "texture": "#0"},
				"east": {"uv": [0.25, 0.25, 0.75, 0.75], "rotation": 90, "texture": "#0"},
				"south": {"uv": [0.25, 0.25, 0.75, 0.75], "texture": "#0"},
				"west": {"uv": [0.25, 0.25, 0.75, 0.75], "rotation": 270, "texture": "#0"},
				"up": {"uv": [0.25, 0.25, 0.75, 0.75], "texture": "#0"},
				"down": {"uv": [0.25, 0.25, 0.75, 0.75], "rotation": 180, "texture": "#0"}
			}
		},
		{
			"name": "voxel",
			"from": [7.86, 0.16, 7.155],
			"to": [8.18, 0.64, 7.315],
			"faces": {
				"north": {"uv": [1.25, 0.25, 1.75, 0.75], "rotation": 180, "texture": "#0"},
				"east": {"uv": [1.25, 0.25, 1.75, 0.75], "rotation": 90, "texture": "#0"},
				"south": {"uv": [1.25, 0.25, 1.75, 0.75], "texture": "#0"},
				"west": {"uv": [1.25, 0.25, 1.75, 0.75], "rotation": 270, "texture": "#0"},
				"up": {"uv": [1.25, 0.25, 1.75, 0.75], "texture": "#0"},
				"down": {"uv": [1.25, 0.25, 1.75, 0.75], "rotation": 180, "texture": "#0"}
			}
		},
		{
			"name": "voxel",
			"from": [7.7, 0.16, 7.155],
			"to": [7.86, 0.32, 7.315],
			"faces": {
				"north": {"uv": [0.25, 0.25, 0.75, 0.75], "rotation": 180, "texture": "#0"},
				"east": {"uv": [0.25, 0.25, 0.75, 0.75], "rotation": 90, "texture": "#0"},
				"south": {"uv": [0.25, 0.25, 0.75, 0.75], "texture": "#0"},
				"west": {"uv": [0.25, 0.25, 0.75, 0.75], "rotation": 270, "texture": "#0"},
				"up": {"uv": [0.25, 0.25, 0.75, 0.75], "texture": "#0"},
				"down": {"uv": [0.25, 0.25, 0.75, 0.75], "rotation": 180, "texture": "#0"}
			}
		},
		{
			"name": "voxel",
			"from": [8.18, 0.16, 6.835],
			"to": [8.34, 0.64, 7.155],
			"faces": {
				"north": {"uv": [1.25, 0.25, 1.75, 0.75], "rotation": 180, "texture": "#0"},
				"east": {"uv": [1.25, 0.25, 1.75, 0.75], "rotation": 90, "texture": "#0"},
				"south": {"uv": [1.25, 0.25, 1.75, 0.75], "texture": "#0"},
				"west": {"uv": [1.25, 0.25, 1.75, 0.75], "rotation": 270, "texture": "#0"},
				"up": {"uv": [1.25, 0.25, 1.75, 0.75], "texture": "#0"},
				"down": {"uv": [1.25, 0.25, 1.75, 0.75], "rotation": 180, "texture": "#0"}
			}
		},
		{
			"name": "voxel",
			"from": [7.7, 0.16, 6.835],
			"to": [7.86, 0.64, 7.155],
			"faces": {
				"north": {"uv": [1.25, 0.25, 1.75, 0.75], "rotation": 180, "texture": "#0"},
				"east": {"uv": [1.25, 0.25, 1.75, 0.75], "rotation": 90, "texture": "#0"},
				"south": {"uv": [1.25, 0.25, 1.75, 0.75], "texture": "#0"},
				"west": {"uv": [1.25, 0.25, 1.75, 0.75], "rotation": 270, "texture": "#0"},
				"up": {"uv": [1.25, 0.25, 1.75, 0.75], "texture": "#0"},
				"down": {"uv": [1.25, 0.25, 1.75, 0.75], "rotation": 180, "texture": "#0"}
			}
		},
		{
			"name": "voxel",
			"from": [8.18, 0.16, 6.675],
			"to": [8.34, 0.32, 6.835],
			"faces": {
				"north": {"uv": [0.25, 0.25, 0.75, 0.75], "rotation": 180, "texture": "#0"},
				"east": {"uv": [0.25, 0.25, 0.75, 0.75], "rotation": 90, "texture": "#0"},
				"south": {"uv": [0.25, 0.25, 0.75, 0.75], "texture": "#0"},
				"west": {"uv": [0.25, 0.25, 0.75, 0.75], "rotation": 270, "texture": "#0"},
				"up": {"uv": [0.25, 0.25, 0.75, 0.75], "texture": "#0"},
				"down": {"uv": [0.25, 0.25, 0.75, 0.75], "rotation": 180, "texture": "#0"}
			}
		},
		{
			"name": "voxel",
			"from": [7.86, 0.16, 6.675],
			"to": [8.18, 0.64, 6.835],
			"faces": {
				"north": {"uv": [1.25, 0.25, 1.75, 0.75], "rotation": 180, "texture": "#0"},
				"east": {"uv": [1.25, 0.25, 1.75, 0.75], "rotation": 90, "texture": "#0"},
				"south": {"uv": [1.25, 0.25, 1.75, 0.75], "texture": "#0"},
				"west": {"uv": [1.25, 0.25, 1.75, 0.75], "rotation": 270, "texture": "#0"},
				"up": {"uv": [1.25, 0.25, 1.75, 0.75], "texture": "#0"},
				"down": {"uv": [1.25, 0.25, 1.75, 0.75], "rotation": 180, "texture": "#0"}
			}
		},
		{
			"name": "voxel",
			"from": [7.7, 0.16, 6.675],
			"to": [7.86, 0.32, 6.835],
			"faces": {
				"north": {"uv": [0.25, 0.25, 0.75, 0.75], "rotation": 180, "texture": "#0"},
				"east": {"uv": [0.25, 0.25, 0.75, 0.75], "rotation": 90, "texture": "#0"},
				"south": {"uv": [0.25, 0.25, 0.75, 0.75], "texture": "#0"},
				"west": {"uv": [0.25, 0.25, 0.75, 0.75], "rotation": 270, "texture": "#0"},
				"up": {"uv": [0.25, 0.25, 0.75, 0.75], "texture": "#0"},
				"down": {"uv": [0.25, 0.25, 0.75, 0.75], "rotation": 180, "texture": "#0"}
			}
		},
		{
			"name": "voxel",
			"from": [8.5, 0.16, 6.515],
			"to": [8.66, 0.64, 7.475],
			"faces": {
				"north": {"uv": [1.25, 0.25, 1.75, 0.75], "rotation": 180, "texture": "#0"},
				"east": {"uv": [1.25, 0.25, 1.75, 0.75], "rotation": 90, "texture": "#0"},
				"south": {"uv": [1.25, 0.25, 1.75, 0.75], "texture": "#0"},
				"west": {"uv": [1.25, 0.25, 1.75, 0.75], "rotation": 270, "texture": "#0"},
				"up": {"uv": [1.25, 0.25, 1.75, 0.75], "texture": "#0"},
				"down": {"uv": [1.25, 0.25, 1.75, 0.75], "rotation": 180, "texture": "#0"}
			}
		},
		{
			"name": "voxel",
			"from": [7.38, 0.16, 6.515],
			"to": [7.54, 0.64, 7.475],
			"faces": {
				"north": {"uv": [1.25, 0.25, 1.75, 0.75], "rotation": 180, "texture": "#0"},
				"east": {"uv": [1.25, 0.25, 1.75, 0.75], "rotation": 90, "texture": "#0"},
				"south": {"uv": [1.25, 0.25, 1.75, 0.75], "texture": "#0"},
				"west": {"uv": [1.25, 0.25, 1.75, 0.75], "rotation": 270, "texture": "#0"},
				"up": {"uv": [1.25, 0.25, 1.75, 0.75], "texture": "#0"},
				"down": {"uv": [1.25, 0.25, 1.75, 0.75], "rotation": 180, "texture": "#0"}
			}
		},
		{
			"name": "voxel",
			"from": [8.5, 0.16, 6.355],
			"to": [8.66, 0.8, 6.515],
			"faces": {
				"north": {"uv": [0.25, 0.25, 0.75, 0.75], "rotation": 180, "texture": "#0"},
				"east": {"uv": [0.25, 0.25, 0.75, 0.75], "rotation": 90, "texture": "#0"},
				"south": {"uv": [0.25, 0.25, 0.75, 0.75], "texture": "#0"},
				"west": {"uv": [0.25, 0.25, 0.75, 0.75], "rotation": 270, "texture": "#0"},
				"up": {"uv": [0.25, 0.25, 0.75, 0.75], "texture": "#0"},
				"down": {"uv": [0.25, 0.25, 0.75, 0.75], "rotation": 180, "texture": "#0"}
			}
		},
		{
			"name": "voxel",
			"from": [7.54, 0.16, 6.355],
			"to": [8.5, 0.64, 6.515],
			"faces": {
				"north": {"uv": [1.25, 0.25, 1.75, 0.75], "rotation": 180, "texture": "#0"},
				"east": {"uv": [1.25, 0.25, 1.75, 0.75], "rotation": 90, "texture": "#0"},
				"south": {"uv": [1.25, 0.25, 1.75, 0.75], "texture": "#0"},
				"west": {"uv": [1.25, 0.25, 1.75, 0.75], "rotation": 270, "texture": "#0"},
				"up": {"uv": [1.25, 0.25, 1.75, 0.75], "texture": "#0"},
				"down": {"uv": [1.25, 0.25, 1.75, 0.75], "rotation": 180, "texture": "#0"}
			}
		},
		{
			"name": "voxel",
			"from": [7.38, 0.16, 6.355],
			"to": [7.54, 0.8, 6.515],
			"faces": {
				"north": {"uv": [0.25, 0.25, 0.75, 0.75], "rotation": 180, "texture": "#0"},
				"east": {"uv": [0.25, 0.25, 0.75, 0.75], "rotation": 90, "texture": "#0"},
				"south": {"uv": [0.25, 0.25, 0.75, 0.75], "texture": "#0"},
				"west": {"uv": [0.25, 0.25, 0.75, 0.75], "rotation": 270, "texture": "#0"},
				"up": {"uv": [0.25, 0.25, 0.75, 0.75], "texture": "#0"},
				"down": {"uv": [0.25, 0.25, 0.75, 0.75], "rotation": 180, "texture": "#0"}
			}
		},
		{
			"name": "voxel",
			"from": [7.54, 0, 7.475],
			"to": [8.5, 0.16, 7.635],
			"faces": {
				"north": {"uv": [0.25, 0.25, 0.75, 0.75], "rotation": 180, "texture": "#0"},
				"east": {"uv": [0.25, 0.25, 0.75, 0.75], "rotation": 90, "texture": "#0"},
				"south": {"uv": [0.25, 0.25, 0.75, 0.75], "texture": "#0"},
				"west": {"uv": [0.25, 0.25, 0.75, 0.75], "rotation": 270, "texture": "#0"},
				"up": {"uv": [0.25, 0.25, 0.75, 0.75], "texture": "#0"},
				"down": {"uv": [0.25, 0.25, 0.75, 0.75], "rotation": 180, "texture": "#0"}
			}
		},
		{
			"name": "voxel",
			"from": [7.7, 0, 7.315],
			"to": [8.34, 0.64, 7.475],
			"faces": {
				"north": {"uv": [1.25, 0.25, 1.75, 0.75], "rotation": 180, "texture": "#0"},
				"east": {"uv": [1.25, 0.25, 1.75, 0.75], "rotation": 90, "texture": "#0"},
				"south": {"uv": [1.25, 0.25, 1.75, 0.75], "texture": "#0"},
				"west": {"uv": [1.25, 0.25, 1.75, 0.75], "rotation": 270, "texture": "#0"},
				"up": {"uv": [1.25, 0.25, 1.75, 0.75], "texture": "#0"},
				"down": {"uv": [1.25, 0.25, 1.75, 0.75], "rotation": 180, "texture": "#0"}
			}
		},
		{
			"name": "voxel",
			"from": [8.34, 0, 6.675],
			"to": [8.5, 0.64, 7.475],
			"faces": {
				"north": {"uv": [1.25, 0.25, 1.75, 0.75], "rotation": 180, "texture": "#0"},
				"east": {"uv": [1.25, 0.25, 1.75, 0.75], "rotation": 90, "texture": "#0"},
				"south": {"uv": [1.25, 0.25, 1.75, 0.75], "texture": "#0"},
				"west": {"uv": [1.25, 0.25, 1.75, 0.75], "rotation": 270, "texture": "#0"},
				"up": {"uv": [1.25, 0.25, 1.75, 0.75], "texture": "#0"},
				"down": {"uv": [1.25, 0.25, 1.75, 0.75], "rotation": 180, "texture": "#0"}
			}
		},
		{
			"name": "voxel",
			"from": [7.54, 0, 6.675],
			"to": [7.7, 0.64, 7.475],
			"faces": {
				"north": {"uv": [1.25, 0.25, 1.75, 0.75], "rotation": 180, "texture": "#0"},
				"east": {"uv": [1.25, 0.25, 1.75, 0.75], "rotation": 90, "texture": "#0"},
				"south": {"uv": [1.25, 0.25, 1.75, 0.75], "texture": "#0"},
				"west": {"uv": [1.25, 0.25, 1.75, 0.75], "rotation": 270, "texture": "#0"},
				"up": {"uv": [1.25, 0.25, 1.75, 0.75], "texture": "#0"},
				"down": {"uv": [1.25, 0.25, 1.75, 0.75], "rotation": 180, "texture": "#0"}
			}
		},
		{
			"name": "voxel",
			"from": [8.5, 0, 6.515],
			"to": [8.66, 0.16, 7.635],
			"faces": {
				"north": {"uv": [0.25, 0.25, 0.75, 0.75], "rotation": 180, "texture": "#0"},
				"east": {"uv": [0.25, 0.25, 0.75, 0.75], "rotation": 90, "texture": "#0"},
				"south": {"uv": [0.25, 0.25, 0.75, 0.75], "texture": "#0"},
				"west": {"uv": [0.25, 0.25, 0.75, 0.75], "rotation": 270, "texture": "#0"},
				"up": {"uv": [0.25, 0.25, 0.75, 0.75], "texture": "#0"},
				"down": {"uv": [0.25, 0.25, 0.75, 0.75], "rotation": 180, "texture": "#0"}
			}
		},
		{
			"name": "voxel",
			"from": [7.54, 0, 6.515],
			"to": [8.5, 0.64, 6.675],
			"faces": {
				"north": {"uv": [1.25, 0.25, 1.75, 0.75], "rotation": 180, "texture": "#0"},
				"east": {"uv": [1.25, 0.25, 1.75, 0.75], "rotation": 90, "texture": "#0"},
				"south": {"uv": [1.25, 0.25, 1.75, 0.75], "texture": "#0"},
				"west": {"uv": [1.25, 0.25, 1.75, 0.75], "rotation": 270, "texture": "#0"},
				"up": {"uv": [1.25, 0.25, 1.75, 0.75], "texture": "#0"},
				"down": {"uv": [1.25, 0.25, 1.75, 0.75], "rotation": 180, "texture": "#0"}
			}
		},
		{
			"name": "voxel",
			"from": [7.38, 0, 6.515],
			"to": [7.54, 0.16, 7.635],
			"faces": {
				"north": {"uv": [0.25, 0.25, 0.75, 0.75], "rotation": 180, "texture": "#0"},
				"east": {"uv": [0.25, 0.25, 0.75, 0.75], "rotation": 90, "texture": "#0"},
				"south": {"uv": [0.25, 0.25, 0.75, 0.75], "texture": "#0"},
				"west": {"uv": [0.25, 0.25, 0.75, 0.75], "rotation": 270, "texture": "#0"},
				"up": {"uv": [0.25, 0.25, 0.75, 0.75], "texture": "#0"},
				"down": {"uv": [0.25, 0.25, 0.75, 0.75], "rotation": 180, "texture": "#0"}
			}
		},
		{
			"name": "voxel",
			"from": [7.38, 0, 6.355],
			"to": [8.66, 0.16, 6.515],
			"faces": {
				"north": {"uv": [0.25, 0.25, 0.75, 0.75], "rotation": 180, "texture": "#0"},
				"east": {"uv": [0.25, 0.25, 0.75, 0.75], "rotation": 90, "texture": "#0"},
				"south": {"uv": [0.25, 0.25, 0.75, 0.75], "texture": "#0"},
				"west": {"uv": [0.25, 0.25, 0.75, 0.75], "rotation": 270, "texture": "#0"},
				"up": {"uv": [0.25, 0.25, 0.75, 0.75], "texture": "#0"},
				"down": {"uv": [0.25, 0.25, 0.75, 0.75], "rotation": 180, "texture": "#0"}
			}
		}
	],
	"display": {
		"thirdperson_righthand": {
			"translation": [-1.5, 2, 0.75],
			"scale": [0.5, 0.5, 0.5]
		},
		"gui": {
			"rotation": [41, 0, -45],
			"translation": [6.25, 4, 0],
			"scale": [2, 2, 2]
		},
		"fixed": {
			"translation": [0, 6.5, 0],
			"scale": [1.5, 1.5, 1.5]
		}
	},
	"groups": [
		{
			"name": "voxel_file",
			"origin": [8, 8, 8],
			"color": 0,
			"children": [0, 1, 2, 3, 4, 5, 6, 7, 8, 9, 10, 11, 12, 13, 14, 15, 16, 17, 18, 19, 20, 21, 22, 23, 24, 25, 26, 27, 28, 29, 30, 31, 32, 33, 34, 35, 36, 37, 38, 39, 40, 41, 42, 43, 44, 45, 46, 47, 48, 49, 50, 51, 52, 53, 54, 55, 56, 57, 58, 59, 60, 61, 62, 63, 64, 65, 66, 67, 68, 69, 70, 71, 72, 73, 74, 75, 76, 77, 78, 79, 80, 81, 82, 83, 84, 85, 86, 87, 88, 89, 90, 91, 92, 93, 94, 95, 96, 97, 98, 99, 100, 101, 102, 103, 104, 105, 106, 107, 108, 109, 110, 111, 112, 113, 114, 115, 116, 117, 118, 119, 120, 121, 122, 123, 124, 125, 126, 127, 128]
		}
	]
}