{
	"credit": "Made with Blockbench",
	"textures": {
		"0": "block/muzzle_brake",
		"particle": "block/muzzle_brake"
	},
	"elements": [
		{
			"name": "voxel",
			"from": [8.93333, 5.6, 11.33333],
			"to": [9.2, 5.86667, 12.93333],
			"rotation": {"angle": 0, "axis": "y", "origin": [8, 5, 12]},
			"faces": {
				"north": {"uv": [0.25, 0.25, 0.75, 0.75], "texture": "#0"},
				"east": {"uv": [0.25, 0.25, 0.75, 0.75], "texture": "#0"},
				"south": {"uv": [0.25, 0.25, 0.75, 0.75], "texture": "#0"},
				"west": {"uv": [0.25, 0.25, 0.75, 0.75], "texture": "#0"},
				"up": {"uv": [0.25, 0.25, 0.75, 0.75], "rotation": 270, "texture": "#0"},
				"down": {"uv": [0.25, 0.25, 0.75, 0.75], "rotation": 90, "texture": "#0"}
			}
		},
		{
			"name": "voxel",
			"from": [8.66667, 5.6, 11.6],
			"to": [8.93333, 5.86667, 12.4],
			"rotation": {"angle": 0, "axis": "y", "origin": [8, 5, 12]},
			"faces": {
				"north": {"uv": [4.25, 0.25, 4.75, 0.75], "texture": "#0"},
				"east": {"uv": [4.25, 0.25, 4.75, 0.75], "texture": "#0"},
				"south": {"uv": [4.25, 0.25, 4.75, 0.75], "texture": "#0"},
				"west": {"uv": [4.25, 0.25, 4.75, 0.75], "texture": "#0"},
				"up": {"uv": [4.25, 0.25, 4.75, 0.75], "rotation": 270, "texture": "#0"},
				"down": {"uv": [4.25, 0.25, 4.75, 0.75], "rotation": 90, "texture": "#0"}
			}
		},
		{
			"name": "voxel",
			"from": [8.66667, 5.6, 12.66667],
			"to": [8.93333, 5.86667, 12.93333],
			"rotation": {"angle": 0, "axis": "y", "origin": [8, 5, 12]},
			"faces": {
				"north": {"uv": [4.25, 0.25, 4.75, 0.75], "texture": "#0"},
				"east": {"uv": [4.25, 0.25, 4.75, 0.75], "texture": "#0"},
				"south": {"uv": [4.25, 0.25, 4.75, 0.75], "texture": "#0"},
				"west": {"uv": [4.25, 0.25, 4.75, 0.75], "texture": "#0"},
				"up": {"uv": [4.25, 0.25, 4.75, 0.75], "rotation": 270, "texture": "#0"},
				"down": {"uv": [4.25, 0.25, 4.75, 0.75], "rotation": 90, "texture": "#0"}
			}
		},
		{
			"name": "voxel",
			"from": [8.66667, 5.6, 12.93333],
			"to": [8.93333, 5.86667, 13.46667],
			"rotation": {"angle": 0, "axis": "y", "origin": [8, 5, 12]},
			"faces": {
				"north": {"uv": [0.25, 0.25, 0.75, 0.75], "texture": "#0"},
				"east": {"uv": [0.25, 0.25, 0.75, 0.75], "texture": "#0"},
				"south": {"uv": [0.25, 0.25, 0.75, 0.75], "texture": "#0"},
				"west": {"uv": [0.25, 0.25, 0.75, 0.75], "texture": "#0"},
				"up": {"uv": [0.25, 0.25, 0.75, 0.75], "rotation": 270, "texture": "#0"},
				"down": {"uv": [0.25, 0.25, 0.75, 0.75], "rotation": 90, "texture": "#0"}
			}
		},
		{
			"name": "voxel",
			"from": [8.4, 5.6, 11.86667],
			"to": [8.66667, 5.86667, 12.13333],
			"rotation": {"angle": 0, "axis": "y", "origin": [8, 5, 12]},
			"faces": {
				"north": {"uv": [0.25, 0.25, 0.75, 0.75], "texture": "#0"},
				"east": {"uv": [0.25, 0.25, 0.75, 0.75], "texture": "#0"},
				"south": {"uv": [0.25, 0.25, 0.75, 0.75], "texture": "#0"},
				"west": {"uv": [0.25, 0.25, 0.75, 0.75], "texture": "#0"},
				"up": {"uv": [0.25, 0.25, 0.75, 0.75], "rotation": 270, "texture": "#0"},
				"down": {"uv": [0.25, 0.25, 0.75, 0.75], "rotation": 90, "texture": "#0"}
			}
		},
		{
			"name": "voxel",
			"from": [8.4, 5.6, 12.93333],
			"to": [8.66667, 5.86667, 13.46667],
			"rotation": {"angle": 0, "axis": "y", "origin": [8, 5, 12]},
			"faces": {
				"north": {"uv": [4.25, 0.25, 4.75, 0.75], "texture": "#0"},
				"east": {"uv": [4.25, 0.25, 4.75, 0.75], "texture": "#0"},
				"south": {"uv": [4.25, 0.25, 4.75, 0.75], "texture": "#0"},
				"west": {"uv": [4.25, 0.25, 4.75, 0.75], "texture": "#0"},
				"up": {"uv": [4.25, 0.25, 4.75, 0.75], "rotation": 270, "texture": "#0"},
				"down": {"uv": [4.25, 0.25, 4.75, 0.75], "rotation": 90, "texture": "#0"}
			}
		},
		{
			"name": "voxel",
			"from": [8.4, 5.6, 13.46667],
			"to": [8.66667, 5.86667, 13.73333],
			"rotation": {"angle": 0, "axis": "y", "origin": [8, 5, 12]},
			"faces": {
				"north": {"uv": [0.25, 0.25, 0.75, 0.75], "texture": "#0"},
				"east": {"uv": [0.25, 0.25, 0.75, 0.75], "texture": "#0"},
				"south": {"uv": [0.25, 0.25, 0.75, 0.75], "texture": "#0"},
				"west": {"uv": [0.25, 0.25, 0.75, 0.75], "texture": "#0"},
				"up": {"uv": [0.25, 0.25, 0.75, 0.75], "rotation": 270, "texture": "#0"},
				"down": {"uv": [0.25, 0.25, 0.75, 0.75], "rotation": 90, "texture": "#0"}
			}
		},
		{
			"name": "voxel",
			"from": [8.13333, 5.6, 12.93333],
			"to": [8.4, 5.86667, 13.2],
			"rotation": {"angle": 0, "axis": "y", "origin": [8, 5, 12]},
			"faces": {
				"north": {"uv": [0.25, 0.25, 0.75, 0.75], "texture": "#0"},
				"east": {"uv": [0.25, 0.25, 0.75, 0.75], "texture": "#0"},
				"south": {"uv": [0.25, 0.25, 0.75, 0.75], "texture": "#0"},
				"west": {"uv": [0.25, 0.25, 0.75, 0.75], "texture": "#0"},
				"up": {"uv": [0.25, 0.25, 0.75, 0.75], "rotation": 270, "texture": "#0"},
				"down": {"uv": [0.25, 0.25, 0.75, 0.75], "rotation": 90, "texture": "#0"}
			}
		},
		{
			"name": "voxel",
			"from": [7.06667, 5.6, 12.93333],
			"to": [8.13333, 5.86667, 13.2],
			"rotation": {"angle": 0, "axis": "y", "origin": [8, 5, 12]},
			"faces": {
				"north": {"uv": [2.25, 0.25, 2.75, 0.75], "texture": "#0"},
				"east": {"uv": [2.25, 0.25, 2.75, 0.75], "texture": "#0"},
				"south": {"uv": [2.25, 0.25, 2.75, 0.75], "texture": "#0"},
				"west": {"uv": [2.25, 0.25, 2.75, 0.75], "texture": "#0"},
				"up": {"uv": [2.25, 0.25, 2.75, 0.75], "rotation": 270, "texture": "#0"},
				"down": {"uv": [2.25, 0.25, 2.75, 0.75], "rotation": 90, "texture": "#0"}
			}
		},
		{
			"name": "voxel",
			"from": [7.06667, 5.6, 13.2],
			"to": [8.4, 5.86667, 13.46667],
			"rotation": {"angle": 0, "axis": "y", "origin": [8, 5, 12]},
			"faces": {
				"north": {"uv": [0.25, 0.25, 0.75, 0.75], "texture": "#0"},
				"east": {"uv": [0.25, 0.25, 0.75, 0.75], "texture": "#0"},
				"south": {"uv": [0.25, 0.25, 0.75, 0.75], "texture": "#0"},
				"west": {"uv": [0.25, 0.25, 0.75, 0.75], "texture": "#0"},
				"up": {"uv": [0.25, 0.25, 0.75, 0.75], "rotation": 270, "texture": "#0"},
				"down": {"uv": [0.25, 0.25, 0.75, 0.75], "rotation": 90, "texture": "#0"}
			}
		},
		{
			"name": "voxel",
			"from": [6.8, 5.6, 11.6],
			"to": [8.66667, 5.86667, 11.86667],
			"rotation": {"angle": 0, "axis": "y", "origin": [8, 5, 12]},
			"faces": {
				"north": {"uv": [0.25, 0.25, 0.75, 0.75], "texture": "#0"},
				"east": {"uv": [0.25, 0.25, 0.75, 0.75], "texture": "#0"},
				"south": {"uv": [0.25, 0.25, 0.75, 0.75], "texture": "#0"},
				"west": {"uv": [0.25, 0.25, 0.75, 0.75], "texture": "#0"},
				"up": {"uv": [0.25, 0.25, 0.75, 0.75], "rotation": 270, "texture": "#0"},
				"down": {"uv": [0.25, 0.25, 0.75, 0.75], "rotation": 90, "texture": "#0"}
			}
		},
		{
			"name": "voxel",
			"from": [6.8, 5.6, 11.86667],
			"to": [8.4, 5.86667, 12.13333],
			"rotation": {"angle": 0, "axis": "y", "origin": [8, 5, 12]},
			"faces": {
				"north": {"uv": [2.25, 0.25, 2.75, 0.75], "texture": "#0"},
				"east": {"uv": [2.25, 0.25, 2.75, 0.75], "texture": "#0"},
				"south": {"uv": [2.25, 0.25, 2.75, 0.75], "texture": "#0"},
				"west": {"uv": [2.25, 0.25, 2.75, 0.75], "texture": "#0"},
				"up": {"uv": [2.25, 0.25, 2.75, 0.75], "rotation": 270, "texture": "#0"},
				"down": {"uv": [2.25, 0.25, 2.75, 0.75], "rotation": 90, "texture": "#0"}
			}
		},
		{
			"name": "voxel",
			"from": [6.8, 5.6, 12.13333],
			"to": [8.66667, 5.86667, 12.4],
			"rotation": {"angle": 0, "axis": "y", "origin": [8, 5, 12]},
			"faces": {
				"north": {"uv": [0.25, 0.25, 0.75, 0.75], "texture": "#0"},
				"east": {"uv": [0.25, 0.25, 0.75, 0.75], "texture": "#0"},
				"south": {"uv": [0.25, 0.25, 0.75, 0.75], "texture": "#0"},
				"west": {"uv": [0.25, 0.25, 0.75, 0.75], "texture": "#0"},
				"up": {"uv": [0.25, 0.25, 0.75, 0.75], "rotation": 270, "texture": "#0"},
				"down": {"uv": [0.25, 0.25, 0.75, 0.75], "rotation": 90, "texture": "#0"}
			}
		},
		{
			"name": "voxel",
			"from": [6.8, 5.6, 12.93333],
			"to": [7.06667, 5.86667, 13.46667],
			"rotation": {"angle": 0, "axis": "y", "origin": [8, 5, 12]},
			"faces": {
				"north": {"uv": [0.25, 0.25, 0.75, 0.75], "texture": "#0"},
				"east": {"uv": [0.25, 0.25, 0.75, 0.75], "texture": "#0"},
				"south": {"uv": [0.25, 0.25, 0.75, 0.75], "texture": "#0"},
				"west": {"uv": [0.25, 0.25, 0.75, 0.75], "texture": "#0"},
				"up": {"uv": [0.25, 0.25, 0.75, 0.75], "rotation": 270, "texture": "#0"},
				"down": {"uv": [0.25, 0.25, 0.75, 0.75], "rotation": 90, "texture": "#0"}
			}
		},
		{
			"name": "voxel",
			"from": [6.8, 5.6, 13.46667],
			"to": [8.4, 5.86667, 13.73333],
			"rotation": {"angle": 0, "axis": "y", "origin": [8, 5, 12]},
			"faces": {
				"north": {"uv": [4.25, 0.25, 4.75, 0.75], "texture": "#0"},
				"east": {"uv": [4.25, 0.25, 4.75, 0.75], "texture": "#0"},
				"south": {"uv": [4.25, 0.25, 4.75, 0.75], "texture": "#0"},
				"west": {"uv": [4.25, 0.25, 4.75, 0.75], "texture": "#0"},
				"up": {"uv": [4.25, 0.25, 4.75, 0.75], "rotation": 270, "texture": "#0"},
				"down": {"uv": [4.25, 0.25, 4.75, 0.75], "rotation": 90, "texture": "#0"}
			}
		},
		{
			"name": "voxel",
			"from": [6.8, 5.6, 13.73333],
			"to": [8.4, 5.86667, 14],
			"rotation": {"angle": 0, "axis": "y", "origin": [8, 5, 12]},
			"faces": {
				"north": {"uv": [0.25, 0.25, 0.75, 0.75], "texture": "#0"},
				"east": {"uv": [0.25, 0.25, 0.75, 0.75], "texture": "#0"},
				"south": {"uv": [0.25, 0.25, 0.75, 0.75], "texture": "#0"},
				"west": {"uv": [0.25, 0.25, 0.75, 0.75], "texture": "#0"},
				"up": {"uv": [0.25, 0.25, 0.75, 0.75], "rotation": 270, "texture": "#0"},
				"down": {"uv": [0.25, 0.25, 0.75, 0.75], "rotation": 90, "texture": "#0"}
			}
		},
		{
			"name": "voxel",
			"from": [6.53333, 5.6, 11.33333],
			"to": [8.93333, 5.86667, 11.6],
			"rotation": {"angle": 0, "axis": "y", "origin": [8, 5, 12]},
			"faces": {
				"north": {"uv": [4.25, 0.25, 4.75, 0.75], "texture": "#0"},
				"east": {"uv": [4.25, 0.25, 4.75, 0.75], "texture": "#0"},
				"south": {"uv": [4.25, 0.25, 4.75, 0.75], "texture": "#0"},
				"west": {"uv": [4.25, 0.25, 4.75, 0.75], "texture": "#0"},
				"up": {"uv": [4.25, 0.25, 4.75, 0.75], "rotation": 270, "texture": "#0"},
				"down": {"uv": [4.25, 0.25, 4.75, 0.75], "rotation": 90, "texture": "#0"}
			}
		},
		{
			"name": "voxel",
			"from": [6.53333, 5.6, 11.6],
			"to": [6.8, 5.86667, 12.4],
			"rotation": {"angle": 0, "axis": "y", "origin": [8, 5, 12]},
			"faces": {
				"north": {"uv": [0.25, 0.25, 0.75, 0.75], "texture": "#0"},
				"east": {"uv": [0.25, 0.25, 0.75, 0.75], "texture": "#0"},
				"south": {"uv": [0.25, 0.25, 0.75, 0.75], "texture": "#0"},
				"west": {"uv": [0.25, 0.25, 0.75, 0.75], "texture": "#0"},
				"up": {"uv": [0.25, 0.25, 0.75, 0.75], "rotation": 270, "texture": "#0"},
				"down": {"uv": [0.25, 0.25, 0.75, 0.75], "rotation": 90, "texture": "#0"}
			}
		},
		{
			"name": "voxel",
			"from": [6.53333, 5.6, 12.4],
			"to": [8.93333, 5.86667, 12.66667],
			"rotation": {"angle": 0, "axis": "y", "origin": [8, 5, 12]},
			"faces": {
				"north": {"uv": [4.25, 0.25, 4.75, 0.75], "texture": "#0"},
				"east": {"uv": [4.25, 0.25, 4.75, 0.75], "texture": "#0"},
				"south": {"uv": [4.25, 0.25, 4.75, 0.75], "texture": "#0"},
				"west": {"uv": [4.25, 0.25, 4.75, 0.75], "texture": "#0"},
				"up": {"uv": [4.25, 0.25, 4.75, 0.75], "rotation": 270, "texture": "#0"},
				"down": {"uv": [4.25, 0.25, 4.75, 0.75], "rotation": 90, "texture": "#0"}
			}
		},
		{
			"name": "voxel",
			"from": [6.53333, 5.6, 12.66667],
			"to": [8.66667, 5.86667, 12.93333],
			"rotation": {"angle": 0, "axis": "y", "origin": [8, 5, 12]},
			"faces": {
				"north": {"uv": [0.25, 0.25, 0.75, 0.75], "texture": "#0"},
				"east": {"uv": [0.25, 0.25, 0.75, 0.75], "texture": "#0"},
				"south": {"uv": [0.25, 0.25, 0.75, 0.75], "texture": "#0"},
				"west": {"uv": [0.25, 0.25, 0.75, 0.75], "texture": "#0"},
				"up": {"uv": [0.25, 0.25, 0.75, 0.75], "rotation": 270, "texture": "#0"},
				"down": {"uv": [0.25, 0.25, 0.75, 0.75], "rotation": 90, "texture": "#0"}
			}
		},
		{
			"name": "voxel",
			"from": [6.53333, 5.6, 12.93333],
			"to": [6.8, 5.86667, 13.46667],
			"rotation": {"angle": 0, "axis": "y", "origin": [8, 5, 12]},
			"faces": {
				"north": {"uv": [4.25, 0.25, 4.75, 0.75], "texture": "#0"},
				"east": {"uv": [4.25, 0.25, 4.75, 0.75], "texture": "#0"},
				"south": {"uv": [4.25, 0.25, 4.75, 0.75], "texture": "#0"},
				"west": {"uv": [4.25, 0.25, 4.75, 0.75], "texture": "#0"},
				"up": {"uv": [4.25, 0.25, 4.75, 0.75], "rotation": 270, "texture": "#0"},
				"down": {"uv": [4.25, 0.25, 4.75, 0.75], "rotation": 90, "texture": "#0"}
			}
		},
		{
			"name": "voxel",
			"from": [6.53333, 5.6, 13.46667],
			"to": [6.8, 5.86667, 13.73333],
			"rotation": {"angle": 0, "axis": "y", "origin": [8, 5, 12]},
			"faces": {
				"north": {"uv": [0.25, 0.25, 0.75, 0.75], "texture": "#0"},
				"east": {"uv": [0.25, 0.25, 0.75, 0.75], "texture": "#0"},
				"south": {"uv": [0.25, 0.25, 0.75, 0.75], "texture": "#0"},
				"west": {"uv": [0.25, 0.25, 0.75, 0.75], "texture": "#0"},
				"up": {"uv": [0.25, 0.25, 0.75, 0.75], "rotation": 270, "texture": "#0"},
				"down": {"uv": [0.25, 0.25, 0.75, 0.75], "rotation": 90, "texture": "#0"}
			}
		},
		{
			"name": "voxel",
			"from": [6.26667, 5.6, 11.06667],
			"to": [8.93333, 5.86667, 11.33333],
			"rotation": {"angle": 0, "axis": "y", "origin": [8, 5, 12]},
			"faces": {
				"north": {"uv": [0.25, 0.25, 0.75, 0.75], "texture": "#0"},
				"east": {"uv": [0.25, 0.25, 0.75, 0.75], "texture": "#0"},
				"south": {"uv": [0.25, 0.25, 0.75, 0.75], "texture": "#0"},
				"west": {"uv": [0.25, 0.25, 0.75, 0.75], "texture": "#0"},
				"up": {"uv": [0.25, 0.25, 0.75, 0.75], "rotation": 270, "texture": "#0"},
				"down": {"uv": [0.25, 0.25, 0.75, 0.75], "rotation": 90, "texture": "#0"}
			}
		},
		{
			"name": "voxel",
			"from": [6.26667, 5.6, 11.33333],
			"to": [6.53333, 5.86667, 12.93333],
			"rotation": {"angle": 0, "axis": "y", "origin": [8, 5, 12]},
			"faces": {
				"north": {"uv": [4.25, 0.25, 4.75, 0.75], "texture": "#0"},
				"east": {"uv": [4.25, 0.25, 4.75, 0.75], "texture": "#0"},
				"south": {"uv": [4.25, 0.25, 4.75, 0.75], "texture": "#0"},
				"west": {"uv": [4.25, 0.25, 4.75, 0.75], "texture": "#0"},
				"up": {"uv": [4.25, 0.25, 4.75, 0.75], "rotation": 270, "texture": "#0"},
				"down": {"uv": [4.25, 0.25, 4.75, 0.75], "rotation": 90, "texture": "#0"}
			}
		},
		{
			"name": "voxel",
			"from": [6.26667, 5.6, 12.93333],
			"to": [6.53333, 5.86667, 13.46667],
			"rotation": {"angle": 0, "axis": "y", "origin": [8, 5, 12]},
			"faces": {
				"north": {"uv": [0.25, 0.25, 0.75, 0.75], "texture": "#0"},
				"east": {"uv": [0.25, 0.25, 0.75, 0.75], "texture": "#0"},
				"south": {"uv": [0.25, 0.25, 0.75, 0.75], "texture": "#0"},
				"west": {"uv": [0.25, 0.25, 0.75, 0.75], "texture": "#0"},
				"up": {"uv": [0.25, 0.25, 0.75, 0.75], "rotation": 270, "texture": "#0"},
				"down": {"uv": [0.25, 0.25, 0.75, 0.75], "rotation": 90, "texture": "#0"}
			}
		},
		{
			"name": "voxel",
			"from": [6, 5.6, 11.33333],
			"to": [6.26667, 5.86667, 12.93333],
			"rotation": {"angle": 0, "axis": "y", "origin": [8, 5, 12]},
			"faces": {
				"north": {"uv": [0.25, 0.25, 0.75, 0.75], "texture": "#0"},
				"east": {"uv": [0.25, 0.25, 0.75, 0.75], "texture": "#0"},
				"south": {"uv": [0.25, 0.25, 0.75, 0.75], "texture": "#0"},
				"west": {"uv": [0.25, 0.25, 0.75, 0.75], "texture": "#0"},
				"up": {"uv": [0.25, 0.25, 0.75, 0.75], "rotation": 270, "texture": "#0"},
				"down": {"uv": [0.25, 0.25, 0.75, 0.75], "rotation": 90, "texture": "#0"}
			}
		},
		{
			"name": "voxel",
			"from": [8.93333, 5.33333, 11.33333],
			"to": [9.2, 5.6, 12.93333],
			"rotation": {"angle": 0, "axis": "y", "origin": [8, 5, 12]},
			"faces": {
				"north": {"uv": [4.25, 0.25, 4.75, 0.75], "texture": "#0"},
				"east": {"uv": [4.25, 0.25, 4.75, 0.75], "texture": "#0"},
				"south": {"uv": [4.25, 0.25, 4.75, 0.75], "texture": "#0"},
				"west": {"uv": [4.25, 0.25, 4.75, 0.75], "texture": "#0"},
				"up": {"uv": [4.25, 0.25, 4.75, 0.75], "rotation": 270, "texture": "#0"},
				"down": {"uv": [4.25, 0.25, 4.75, 0.75], "rotation": 90, "texture": "#0"}
			}
		},
		{
			"name": "voxel",
			"from": [8.66667, 5.33333, 12.93333],
			"to": [8.93333, 5.6, 13.46667],
			"rotation": {"angle": 0, "axis": "y", "origin": [8, 5, 12]},
			"faces": {
				"north": {"uv": [4.25, 0.25, 4.75, 0.75], "texture": "#0"},
				"east": {"uv": [4.25, 0.25, 4.75, 0.75], "texture": "#0"},
				"south": {"uv": [4.25, 0.25, 4.75, 0.75], "texture": "#0"},
				"west": {"uv": [4.25, 0.25, 4.75, 0.75], "texture": "#0"},
				"up": {"uv": [4.25, 0.25, 4.75, 0.75], "rotation": 270, "texture": "#0"},
				"down": {"uv": [4.25, 0.25, 4.75, 0.75], "rotation": 90, "texture": "#0"}
			}
		},
		{
			"name": "voxel",
			"from": [8.4, 5.33333, 13.46667],
			"to": [8.66667, 5.6, 13.73333],
			"rotation": {"angle": 0, "axis": "y", "origin": [8, 5, 12]},
			"faces": {
				"north": {"uv": [4.25, 0.25, 4.75, 0.75], "texture": "#0"},
				"east": {"uv": [4.25, 0.25, 4.75, 0.75], "texture": "#0"},
				"south": {"uv": [4.25, 0.25, 4.75, 0.75], "texture": "#0"},
				"west": {"uv": [4.25, 0.25, 4.75, 0.75], "texture": "#0"},
				"up": {"uv": [4.25, 0.25, 4.75, 0.75], "rotation": 270, "texture": "#0"},
				"down": {"uv": [4.25, 0.25, 4.75, 0.75], "rotation": 90, "texture": "#0"}
			}
		},
		{
			"name": "voxel",
			"from": [6.53333, 5.33333, 13.46667],
			"to": [6.8, 5.6, 13.73333],
			"rotation": {"angle": 0, "axis": "y", "origin": [8, 5, 12]},
			"faces": {
				"north": {"uv": [4.25, 0.25, 4.75, 0.75], "texture": "#0"},
				"east": {"uv": [4.25, 0.25, 4.75, 0.75], "texture": "#0"},
				"south": {"uv": [4.25, 0.25, 4.75, 0.75], "texture": "#0"},
				"west": {"uv": [4.25, 0.25, 4.75, 0.75], "texture": "#0"},
				"up": {"uv": [4.25, 0.25, 4.75, 0.75], "rotation": 270, "texture": "#0"},
				"down": {"uv": [4.25, 0.25, 4.75, 0.75], "rotation": 90, "texture": "#0"}
			}
		},
		{
			"name": "voxel",
			"from": [6.26667, 5.33333, 11.06667],
			"to": [8.93333, 5.6, 11.33333],
			"rotation": {"angle": 0, "axis": "y", "origin": [8, 5, 12]},
			"faces": {
				"north": {"uv": [4.25, 0.25, 4.75, 0.75], "texture": "#0"},
				"east": {"uv": [4.25, 0.25, 4.75, 0.75], "texture": "#0"},
				"south": {"uv": [4.25, 0.25, 4.75, 0.75], "texture": "#0"},
				"west": {"uv": [4.25, 0.25, 4.75, 0.75], "texture": "#0"},
				"up": {"uv": [4.25, 0.25, 4.75, 0.75], "rotation": 270, "texture": "#0"},
				"down": {"uv": [4.25, 0.25, 4.75, 0.75], "rotation": 90, "texture": "#0"}
			}
		},
		{
			"name": "voxel",
			"from": [6.26667, 5.33333, 12.93333],
			"to": [6.53333, 5.6, 13.46667],
			"rotation": {"angle": 0, "axis": "y", "origin": [8, 5, 12]},
			"faces": {
				"north": {"uv": [4.25, 0.25, 4.75, 0.75], "texture": "#0"},
				"east": {"uv": [4.25, 0.25, 4.75, 0.75], "texture": "#0"},
				"south": {"uv": [4.25, 0.25, 4.75, 0.75], "texture": "#0"},
				"west": {"uv": [4.25, 0.25, 4.75, 0.75], "texture": "#0"},
				"up": {"uv": [4.25, 0.25, 4.75, 0.75], "rotation": 270, "texture": "#0"},
				"down": {"uv": [4.25, 0.25, 4.75, 0.75], "rotation": 90, "texture": "#0"}
			}
		},
		{
			"name": "voxel",
			"from": [6, 5.33333, 11.33333],
			"to": [6.26667, 5.6, 12.93333],
			"rotation": {"angle": 0, "axis": "y", "origin": [8, 5, 12]},
			"faces": {
				"north": {"uv": [4.25, 0.25, 4.75, 0.75], "texture": "#0"},
				"east": {"uv": [4.25, 0.25, 4.75, 0.75], "texture": "#0"},
				"south": {"uv": [4.25, 0.25, 4.75, 0.75], "texture": "#0"},
				"west": {"uv": [4.25, 0.25, 4.75, 0.75], "texture": "#0"},
				"up": {"uv": [4.25, 0.25, 4.75, 0.75], "rotation": 270, "texture": "#0"},
				"down": {"uv": [4.25, 0.25, 4.75, 0.75], "rotation": 90, "texture": "#0"}
			}
		},
		{
			"name": "voxel",
			"from": [8.93333, 5.06667, 11.33333],
			"to": [9.2, 5.33333, 11.6],
			"rotation": {"angle": 0, "axis": "y", "origin": [8, 5, 12]},
			"faces": {
				"north": {"uv": [6.25, 0.25, 6.75, 0.75], "texture": "#0"},
				"east": {"uv": [6.25, 0.25, 6.75, 0.75], "texture": "#0"},
				"south": {"uv": [6.25, 0.25, 6.75, 0.75], "texture": "#0"},
				"west": {"uv": [6.25, 0.25, 6.75, 0.75], "texture": "#0"},
				"up": {"uv": [6.25, 0.25, 6.75, 0.75], "rotation": 270, "texture": "#0"},
				"down": {"uv": [6.25, 0.25, 6.75, 0.75], "rotation": 90, "texture": "#0"}
			}
		},
		{
			"name": "voxel",
			"from": [8.93333, 5.06667, 11.86667],
			"to": [9.2, 5.33333, 12.13333],
			"rotation": {"angle": 0, "axis": "y", "origin": [8, 5, 12]},
			"faces": {
				"north": {"uv": [0.25, 0.25, 0.75, 0.75], "texture": "#0"},
				"east": {"uv": [0.25, 0.25, 0.75, 0.75], "texture": "#0"},
				"south": {"uv": [0.25, 0.25, 0.75, 0.75], "texture": "#0"},
				"west": {"uv": [0.25, 0.25, 0.75, 0.75], "texture": "#0"},
				"up": {"uv": [0.25, 0.25, 0.75, 0.75], "rotation": 270, "texture": "#0"},
				"down": {"uv": [0.25, 0.25, 0.75, 0.75], "rotation": 90, "texture": "#0"}
			}
		},
		{
			"name": "voxel",
			"from": [8.93333, 5.06667, 12.4],
			"to": [9.2, 5.33333, 12.66667],
			"rotation": {"angle": 0, "axis": "y", "origin": [8, 5, 12]},
			"faces": {
				"north": {"uv": [6.25, 0.25, 6.75, 0.75], "texture": "#0"},
				"east": {"uv": [6.25, 0.25, 6.75, 0.75], "texture": "#0"},
				"south": {"uv": [6.25, 0.25, 6.75, 0.75], "texture": "#0"},
				"west": {"uv": [6.25, 0.25, 6.75, 0.75], "texture": "#0"},
				"up": {"uv": [6.25, 0.25, 6.75, 0.75], "rotation": 270, "texture": "#0"},
				"down": {"uv": [6.25, 0.25, 6.75, 0.75], "rotation": 90, "texture": "#0"}
			}
		},
		{
			"name": "voxel",
			"from": [8.66667, 5.06667, 11.06667],
			"to": [8.93333, 5.33333, 11.33333],
			"rotation": {"angle": 0, "axis": "y", "origin": [8, 5, 12]},
			"faces": {
				"north": {"uv": [6.25, 0.25, 6.75, 0.75], "texture": "#0"},
				"east": {"uv": [6.25, 0.25, 6.75, 0.75], "texture": "#0"},
				"south": {"uv": [6.25, 0.25, 6.75, 0.75], "texture": "#0"},
				"west": {"uv": [6.25, 0.25, 6.75, 0.75], "texture": "#0"},
				"up": {"uv": [6.25, 0.25, 6.75, 0.75], "rotation": 270, "texture": "#0"},
				"down": {"uv": [6.25, 0.25, 6.75, 0.75], "rotation": 90, "texture": "#0"}
			}
		},
		{
			"name": "voxel",
			"from": [8.66667, 5.06667, 12.93333],
			"to": [8.93333, 5.33333, 13.2],
			"rotation": {"angle": 0, "axis": "y", "origin": [8, 5, 12]},
			"faces": {
				"north": {"uv": [0.25, 0.25, 0.75, 0.75], "texture": "#0"},
				"east": {"uv": [0.25, 0.25, 0.75, 0.75], "texture": "#0"},
				"south": {"uv": [0.25, 0.25, 0.75, 0.75], "texture": "#0"},
				"west": {"uv": [0.25, 0.25, 0.75, 0.75], "texture": "#0"},
				"up": {"uv": [0.25, 0.25, 0.75, 0.75], "rotation": 270, "texture": "#0"},
				"down": {"uv": [0.25, 0.25, 0.75, 0.75], "rotation": 90, "texture": "#0"}
			}
		},
		{
			"name": "voxel",
			"from": [8.4, 5.06667, 13.46667],
			"to": [8.66667, 5.33333, 13.73333],
			"rotation": {"angle": 0, "axis": "y", "origin": [8, 5, 12]},
			"faces": {
				"north": {"uv": [6.25, 0.25, 6.75, 0.75], "texture": "#0"},
				"east": {"uv": [6.25, 0.25, 6.75, 0.75], "texture": "#0"},
				"south": {"uv": [6.25, 0.25, 6.75, 0.75], "texture": "#0"},
				"west": {"uv": [6.25, 0.25, 6.75, 0.75], "texture": "#0"},
				"up": {"uv": [6.25, 0.25, 6.75, 0.75], "rotation": 270, "texture": "#0"},
				"down": {"uv": [6.25, 0.25, 6.75, 0.75], "rotation": 90, "texture": "#0"}
			}
		},
		{
			"name": "voxel",
			"from": [8.13333, 5.06667, 11.06667],
			"to": [8.4, 5.33333, 11.33333],
			"rotation": {"angle": 0, "axis": "y", "origin": [8, 5, 12]},
			"faces": {
				"north": {"uv": [6.25, 0.25, 6.75, 0.75], "texture": "#0"},
				"east": {"uv": [6.25, 0.25, 6.75, 0.75], "texture": "#0"},
				"south": {"uv": [6.25, 0.25, 6.75, 0.75], "texture": "#0"},
				"west": {"uv": [6.25, 0.25, 6.75, 0.75], "texture": "#0"},
				"up": {"uv": [6.25, 0.25, 6.75, 0.75], "rotation": 270, "texture": "#0"},
				"down": {"uv": [6.25, 0.25, 6.75, 0.75], "rotation": 90, "texture": "#0"}
			}
		},
		{
			"name": "voxel",
			"from": [7.33333, 5.06667, 11.06667],
			"to": [7.86667, 5.33333, 11.33333],
			"rotation": {"angle": 0, "axis": "y", "origin": [8, 5, 12]},
			"faces": {
				"north": {"uv": [0.25, 0.25, 0.75, 0.75], "texture": "#0"},
				"east": {"uv": [0.25, 0.25, 0.75, 0.75], "texture": "#0"},
				"south": {"uv": [0.25, 0.25, 0.75, 0.75], "texture": "#0"},
				"west": {"uv": [0.25, 0.25, 0.75, 0.75], "texture": "#0"},
				"up": {"uv": [0.25, 0.25, 0.75, 0.75], "rotation": 270, "texture": "#0"},
				"down": {"uv": [0.25, 0.25, 0.75, 0.75], "rotation": 90, "texture": "#0"}
			}
		},
		{
			"name": "voxel",
			"from": [6.8, 5.06667, 11.06667],
			"to": [7.06667, 5.33333, 11.33333],
			"rotation": {"angle": 0, "axis": "y", "origin": [8, 5, 12]},
			"faces": {
				"north": {"uv": [6.25, 0.25, 6.75, 0.75], "texture": "#0"},
				"east": {"uv": [6.25, 0.25, 6.75, 0.75], "texture": "#0"},
				"south": {"uv": [6.25, 0.25, 6.75, 0.75], "texture": "#0"},
				"west": {"uv": [6.25, 0.25, 6.75, 0.75], "texture": "#0"},
				"up": {"uv": [6.25, 0.25, 6.75, 0.75], "rotation": 270, "texture": "#0"},
				"down": {"uv": [6.25, 0.25, 6.75, 0.75], "rotation": 90, "texture": "#0"}
			}
		},
		{
			"name": "voxel",
			"from": [6.53333, 5.06667, 13.46667],
			"to": [6.8, 5.33333, 13.73333],
			"rotation": {"angle": 0, "axis": "y", "origin": [8, 5, 12]},
			"faces": {
				"north": {"uv": [6.25, 0.25, 6.75, 0.75], "texture": "#0"},
				"east": {"uv": [6.25, 0.25, 6.75, 0.75], "texture": "#0"},
				"south": {"uv": [6.25, 0.25, 6.75, 0.75], "texture": "#0"},
				"west": {"uv": [6.25, 0.25, 6.75, 0.75], "texture": "#0"},
				"up": {"uv": [6.25, 0.25, 6.75, 0.75], "rotation": 270, "texture": "#0"},
				"down": {"uv": [6.25, 0.25, 6.75, 0.75], "rotation": 90, "texture": "#0"}
			}
		},
		{
			"name": "voxel",
			"from": [6.26667, 5.06667, 11.06667],
			"to": [6.53333, 5.33333, 11.33333],
			"rotation": {"angle": 0, "axis": "y", "origin": [8, 5, 12]},
			"faces": {
				"north": {"uv": [6.25, 0.25, 6.75, 0.75], "texture": "#0"},
				"east": {"uv": [6.25, 0.25, 6.75, 0.75], "texture": "#0"},
				"south": {"uv": [6.25, 0.25, 6.75, 0.75], "texture": "#0"},
				"west": {"uv": [6.25, 0.25, 6.75, 0.75], "texture": "#0"},
				"up": {"uv": [6.25, 0.25, 6.75, 0.75], "rotation": 270, "texture": "#0"},
				"down": {"uv": [6.25, 0.25, 6.75, 0.75], "rotation": 90, "texture": "#0"}
			}
		},
		{
			"name": "voxel",
			"from": [6.26667, 5.06667, 12.93333],
			"to": [6.53333, 5.33333, 13.2],
			"rotation": {"angle": 0, "axis": "y", "origin": [8, 5, 12]},
			"faces": {
				"north": {"uv": [0.25, 0.25, 0.75, 0.75], "texture": "#0"},
				"east": {"uv": [0.25, 0.25, 0.75, 0.75], "texture": "#0"},
				"south": {"uv": [0.25, 0.25, 0.75, 0.75], "texture": "#0"},
				"west": {"uv": [0.25, 0.25, 0.75, 0.75], "texture": "#0"},
				"up": {"uv": [0.25, 0.25, 0.75, 0.75], "rotation": 270, "texture": "#0"},
				"down": {"uv": [0.25, 0.25, 0.75, 0.75], "rotation": 90, "texture": "#0"}
			}
		},
		{
			"name": "voxel",
			"from": [6, 5.06667, 11.33333],
			"to": [6.26667, 5.33333, 11.6],
			"rotation": {"angle": 0, "axis": "y", "origin": [8, 5, 12]},
			"faces": {
				"north": {"uv": [6.25, 0.25, 6.75, 0.75], "texture": "#0"},
				"east": {"uv": [6.25, 0.25, 6.75, 0.75], "texture": "#0"},
				"south": {"uv": [6.25, 0.25, 6.75, 0.75], "texture": "#0"},
				"west": {"uv": [6.25, 0.25, 6.75, 0.75], "texture": "#0"},
				"up": {"uv": [6.25, 0.25, 6.75, 0.75], "rotation": 270, "texture": "#0"},
				"down": {"uv": [6.25, 0.25, 6.75, 0.75], "rotation": 90, "texture": "#0"}
			}
		},
		{
			"name": "voxel",
			"from": [6, 5.06667, 11.86667],
			"to": [6.26667, 5.33333, 12.13333],
			"rotation": {"angle": 0, "axis": "y", "origin": [8, 5, 12]},
			"faces": {
				"north": {"uv": [0.25, 0.25, 0.75, 0.75], "texture": "#0"},
				"east": {"uv": [0.25, 0.25, 0.75, 0.75], "texture": "#0"},
				"south": {"uv": [0.25, 0.25, 0.75, 0.75], "texture": "#0"},
				"west": {"uv": [0.25, 0.25, 0.75, 0.75], "texture": "#0"},
				"up": {"uv": [0.25, 0.25, 0.75, 0.75], "rotation": 270, "texture": "#0"},
				"down": {"uv": [0.25, 0.25, 0.75, 0.75], "rotation": 90, "texture": "#0"}
			}
		},
		{
			"name": "voxel",
			"from": [6, 5.06667, 12.4],
			"to": [6.26667, 5.33333, 12.66667],
			"rotation": {"angle": 0, "axis": "y", "origin": [8, 5, 12]},
			"faces": {
				"north": {"uv": [6.25, 0.25, 6.75, 0.75], "texture": "#0"},
				"east": {"uv": [6.25, 0.25, 6.75, 0.75], "texture": "#0"},
				"south": {"uv": [6.25, 0.25, 6.75, 0.75], "texture": "#0"},
				"west": {"uv": [6.25, 0.25, 6.75, 0.75], "texture": "#0"},
				"up": {"uv": [6.25, 0.25, 6.75, 0.75], "rotation": 270, "texture": "#0"},
				"down": {"uv": [6.25, 0.25, 6.75, 0.75], "rotation": 90, "texture": "#0"}
			}
		},
		{
			"name": "voxel",
			"from": [8.93333, 4.53333, 11.33333],
			"to": [9.2, 5.06667, 11.6],
			"rotation": {"angle": 0, "axis": "y", "origin": [8, 5, 12]},
			"faces": {
				"north": {"uv": [5.25, 0.25, 5.75, 0.75], "texture": "#0"},
				"east": {"uv": [5.25, 0.25, 5.75, 0.75], "texture": "#0"},
				"south": {"uv": [5.25, 0.25, 5.75, 0.75], "texture": "#0"},
				"west": {"uv": [5.25, 0.25, 5.75, 0.75], "texture": "#0"},
				"up": {"uv": [5.25, 0.25, 5.75, 0.75], "rotation": 270, "texture": "#0"},
				"down": {"uv": [5.25, 0.25, 5.75, 0.75], "rotation": 90, "texture": "#0"}
			}
		},
		{
			"name": "voxel",
			"from": [8.93333, 4.53333, 11.6],
			"to": [9.2, 5.33333, 11.86667],
			"rotation": {"angle": 0, "axis": "y", "origin": [8, 5, 12]},
			"faces": {
				"north": {"uv": [0.25, 0.25, 0.75, 0.75], "texture": "#0"},
				"east": {"uv": [0.25, 0.25, 0.75, 0.75], "texture": "#0"},
				"south": {"uv": [0.25, 0.25, 0.75, 0.75], "texture": "#0"},
				"west": {"uv": [0.25, 0.25, 0.75, 0.75], "texture": "#0"},
				"up": {"uv": [0.25, 0.25, 0.75, 0.75], "rotation": 270, "texture": "#0"},
				"down": {"uv": [0.25, 0.25, 0.75, 0.75], "rotation": 90, "texture": "#0"}
			}
		},
		{
			"name": "voxel",
			"from": [8.93333, 4.53333, 11.86667],
			"to": [9.2, 5.06667, 12.13333],
			"rotation": {"angle": 0, "axis": "y", "origin": [8, 5, 12]},
			"faces": {
				"north": {"uv": [2.25, 0.25, 2.75, 0.75], "texture": "#0"},
				"east": {"uv": [2.25, 0.25, 2.75, 0.75], "texture": "#0"},
				"south": {"uv": [2.25, 0.25, 2.75, 0.75], "texture": "#0"},
				"west": {"uv": [2.25, 0.25, 2.75, 0.75], "texture": "#0"},
				"up": {"uv": [2.25, 0.25, 2.75, 0.75], "rotation": 270, "texture": "#0"},
				"down": {"uv": [2.25, 0.25, 2.75, 0.75], "rotation": 90, "texture": "#0"}
			}
		},
		{
			"name": "voxel",
			"from": [8.93333, 4.53333, 12.13333],
			"to": [9.2, 5.33333, 12.4],
			"rotation": {"angle": 0, "axis": "y", "origin": [8, 5, 12]},
			"faces": {
				"north": {"uv": [0.25, 0.25, 0.75, 0.75], "texture": "#0"},
				"east": {"uv": [0.25, 0.25, 0.75, 0.75], "texture": "#0"},
				"south": {"uv": [0.25, 0.25, 0.75, 0.75], "texture": "#0"},
				"west": {"uv": [0.25, 0.25, 0.75, 0.75], "texture": "#0"},
				"up": {"uv": [0.25, 0.25, 0.75, 0.75], "rotation": 270, "texture": "#0"},
				"down": {"uv": [0.25, 0.25, 0.75, 0.75], "rotation": 90, "texture": "#0"}
			}
		},
		{
			"name": "voxel",
			"from": [8.93333, 4.53333, 12.4],
			"to": [9.2, 5.06667, 12.66667],
			"rotation": {"angle": 0, "axis": "y", "origin": [8, 5, 12]},
			"faces": {
				"north": {"uv": [5.25, 0.25, 5.75, 0.75], "texture": "#0"},
				"east": {"uv": [5.25, 0.25, 5.75, 0.75], "texture": "#0"},
				"south": {"uv": [5.25, 0.25, 5.75, 0.75], "texture": "#0"},
				"west": {"uv": [5.25, 0.25, 5.75, 0.75], "texture": "#0"},
				"up": {"uv": [5.25, 0.25, 5.75, 0.75], "rotation": 270, "texture": "#0"},
				"down": {"uv": [5.25, 0.25, 5.75, 0.75], "rotation": 90, "texture": "#0"}
			}
		},
		{
			"name": "voxel",
			"from": [8.66667, 4.53333, 11.06667],
			"to": [8.93333, 5.06667, 11.33333],
			"rotation": {"angle": 0, "axis": "y", "origin": [8, 5, 12]},
			"faces": {
				"north": {"uv": [5.25, 0.25, 5.75, 0.75], "texture": "#0"},
				"east": {"uv": [5.25, 0.25, 5.75, 0.75], "texture": "#0"},
				"south": {"uv": [5.25, 0.25, 5.75, 0.75], "texture": "#0"},
				"west": {"uv": [5.25, 0.25, 5.75, 0.75], "texture": "#0"},
				"up": {"uv": [5.25, 0.25, 5.75, 0.75], "rotation": 270, "texture": "#0"},
				"down": {"uv": [5.25, 0.25, 5.75, 0.75], "rotation": 90, "texture": "#0"}
			}
		},
		{
			"name": "voxel",
			"from": [8.66667, 4.53333, 12.93333],
			"to": [8.93333, 5.06667, 13.2],
			"rotation": {"angle": 0, "axis": "y", "origin": [8, 5, 12]},
			"faces": {
				"north": {"uv": [2.25, 0.25, 2.75, 0.75], "texture": "#0"},
				"east": {"uv": [2.25, 0.25, 2.75, 0.75], "texture": "#0"},
				"south": {"uv": [2.25, 0.25, 2.75, 0.75], "texture": "#0"},
				"west": {"uv": [2.25, 0.25, 2.75, 0.75], "texture": "#0"},
				"up": {"uv": [2.25, 0.25, 2.75, 0.75], "rotation": 270, "texture": "#0"},
				"down": {"uv": [2.25, 0.25, 2.75, 0.75], "rotation": 90, "texture": "#0"}
			}
		},
		{
			"name": "voxel",
			"from": [8.66667, 4.53333, 13.2],
			"to": [8.93333, 5.33333, 13.46667],
			"rotation": {"angle": 0, "axis": "y", "origin": [8, 5, 12]},
			"faces": {
				"north": {"uv": [0.25, 0.25, 0.75, 0.75], "texture": "#0"},
				"east": {"uv": [0.25, 0.25, 0.75, 0.75], "texture": "#0"},
				"south": {"uv": [0.25, 0.25, 0.75, 0.75], "texture": "#0"},
				"west": {"uv": [0.25, 0.25, 0.75, 0.75], "texture": "#0"},
				"up": {"uv": [0.25, 0.25, 0.75, 0.75], "rotation": 270, "texture": "#0"},
				"down": {"uv": [0.25, 0.25, 0.75, 0.75], "rotation": 90, "texture": "#0"}
			}
		},
		{
			"name": "voxel",
			"from": [8.4, 4.53333, 13.46667],
			"to": [8.66667, 5.06667, 13.73333],
			"rotation": {"angle": 0, "axis": "y", "origin": [8, 5, 12]},
			"faces": {
				"north": {"uv": [5.25, 0.25, 5.75, 0.75], "texture": "#0"},
				"east": {"uv": [5.25, 0.25, 5.75, 0.75], "texture": "#0"},
				"south": {"uv": [5.25, 0.25, 5.75, 0.75], "texture": "#0"},
				"west": {"uv": [5.25, 0.25, 5.75, 0.75], "texture": "#0"},
				"up": {"uv": [5.25, 0.25, 5.75, 0.75], "rotation": 270, "texture": "#0"},
				"down": {"uv": [5.25, 0.25, 5.75, 0.75], "rotation": 90, "texture": "#0"}
			}
		},
		{
			"name": "voxel",
			"from": [8.13333, 4.53333, 11.06667],
			"to": [8.4, 5.06667, 11.33333],
			"rotation": {"angle": 0, "axis": "y", "origin": [8, 5, 12]},
			"faces": {
				"north": {"uv": [5.25, 0.25, 5.75, 0.75], "texture": "#0"},
				"east": {"uv": [5.25, 0.25, 5.75, 0.75], "texture": "#0"},
				"south": {"uv": [5.25, 0.25, 5.75, 0.75], "texture": "#0"},
				"west": {"uv": [5.25, 0.25, 5.75, 0.75], "texture": "#0"},
				"up": {"uv": [5.25, 0.25, 5.75, 0.75], "rotation": 270, "texture": "#0"},
				"down": {"uv": [5.25, 0.25, 5.75, 0.75], "rotation": 90, "texture": "#0"}
			}
		},
		{
			"name": "voxel",
			"from": [7.86667, 4.53333, 11.06667],
			"to": [8.13333, 5.33333, 11.33333],
			"rotation": {"angle": 0, "axis": "y", "origin": [8, 5, 12]},
			"faces": {
				"north": {"uv": [0.25, 0.25, 0.75, 0.75], "texture": "#0"},
				"east": {"uv": [0.25, 0.25, 0.75, 0.75], "texture": "#0"},
				"south": {"uv": [0.25, 0.25, 0.75, 0.75], "texture": "#0"},
				"west": {"uv": [0.25, 0.25, 0.75, 0.75], "texture": "#0"},
				"up": {"uv": [0.25, 0.25, 0.75, 0.75], "rotation": 270, "texture": "#0"},
				"down": {"uv": [0.25, 0.25, 0.75, 0.75], "rotation": 90, "texture": "#0"}
			}
		},
		{
			"name": "voxel",
			"from": [7.33333, 4.53333, 11.06667],
			"to": [7.86667, 5.06667, 11.33333],
			"rotation": {"angle": 0, "axis": "y", "origin": [8, 5, 12]},
			"faces": {
				"north": {"uv": [2.25, 0.25, 2.75, 0.75], "texture": "#0"},
				"east": {"uv": [2.25, 0.25, 2.75, 0.75], "texture": "#0"},
				"south": {"uv": [2.25, 0.25, 2.75, 0.75], "texture": "#0"},
				"west": {"uv": [2.25, 0.25, 2.75, 0.75], "texture": "#0"},
				"up": {"uv": [2.25, 0.25, 2.75, 0.75], "rotation": 270, "texture": "#0"},
				"down": {"uv": [2.25, 0.25, 2.75, 0.75], "rotation": 90, "texture": "#0"}
			}
		},
		{
			"name": "voxel",
			"from": [7.06667, 4.53333, 11.06667],
			"to": [7.33333, 5.33333, 11.33333],
			"rotation": {"angle": 0, "axis": "y", "origin": [8, 5, 12]},
			"faces": {
				"north": {"uv": [0.25, 0.25, 0.75, 0.75], "texture": "#0"},
				"east": {"uv": [0.25, 0.25, 0.75, 0.75], "texture": "#0"},
				"south": {"uv": [0.25, 0.25, 0.75, 0.75], "texture": "#0"},
				"west": {"uv": [0.25, 0.25, 0.75, 0.75], "texture": "#0"},
				"up": {"uv": [0.25, 0.25, 0.75, 0.75], "rotation": 270, "texture": "#0"},
				"down": {"uv": [0.25, 0.25, 0.75, 0.75], "rotation": 90, "texture": "#0"}
			}
		},
		{
			"name": "voxel",
			"from": [6.8, 4.53333, 11.06667],
			"to": [7.06667, 5.06667, 11.33333],
			"rotation": {"angle": 0, "axis": "y", "origin": [8, 5, 12]},
			"faces": {
				"north": {"uv": [5.25, 0.25, 5.75, 0.75], "texture": "#0"},
				"east": {"uv": [5.25, 0.25, 5.75, 0.75], "texture": "#0"},
				"south": {"uv": [5.25, 0.25, 5.75, 0.75], "texture": "#0"},
				"west": {"uv": [5.25, 0.25, 5.75, 0.75], "texture": "#0"},
				"up": {"uv": [5.25, 0.25, 5.75, 0.75], "rotation": 270, "texture": "#0"},
				"down": {"uv": [5.25, 0.25, 5.75, 0.75], "rotation": 90, "texture": "#0"}
			}
		},
		{
			"name": "voxel",
			"from": [6.53333, 4.53333, 13.46667],
			"to": [6.8, 5.06667, 13.73333],
			"rotation": {"angle": 0, "axis": "y", "origin": [8, 5, 12]},
			"faces": {
				"north": {"uv": [5.25, 0.25, 5.75, 0.75], "texture": "#0"},
				"east": {"uv": [5.25, 0.25, 5.75, 0.75], "texture": "#0"},
				"south": {"uv": [5.25, 0.25, 5.75, 0.75], "texture": "#0"},
				"west": {"uv": [5.25, 0.25, 5.75, 0.75], "texture": "#0"},
				"up": {"uv": [5.25, 0.25, 5.75, 0.75], "rotation": 270, "texture": "#0"},
				"down": {"uv": [5.25, 0.25, 5.75, 0.75], "rotation": 90, "texture": "#0"}
			}
		},
		{
			"name": "voxel",
			"from": [6.26667, 4.53333, 11.06667],
			"to": [6.53333, 5.06667, 11.33333],
			"rotation": {"angle": 0, "axis": "y", "origin": [8, 5, 12]},
			"faces": {
				"north": {"uv": [5.25, 0.25, 5.75, 0.75], "texture": "#0"},
				"east": {"uv": [5.25, 0.25, 5.75, 0.75], "texture": "#0"},
				"south": {"uv": [5.25, 0.25, 5.75, 0.75], "texture": "#0"},
				"west": {"uv": [5.25, 0.25, 5.75, 0.75], "texture": "#0"},
				"up": {"uv": [5.25, 0.25, 5.75, 0.75], "rotation": 270, "texture": "#0"},
				"down": {"uv": [5.25, 0.25, 5.75, 0.75], "rotation": 90, "texture": "#0"}
			}
		},
		{
			"name": "voxel",
			"from": [6.26667, 4.53333, 12.93333],
			"to": [6.53333, 5.06667, 13.2],
			"rotation": {"angle": 0, "axis": "y", "origin": [8, 5, 12]},
			"faces": {
				"north": {"uv": [2.25, 0.25, 2.75, 0.75], "texture": "#0"},
				"east": {"uv": [2.25, 0.25, 2.75, 0.75], "texture": "#0"},
				"south": {"uv": [2.25, 0.25, 2.75, 0.75], "texture": "#0"},
				"west": {"uv": [2.25, 0.25, 2.75, 0.75], "texture": "#0"},
				"up": {"uv": [2.25, 0.25, 2.75, 0.75], "rotation": 270, "texture": "#0"},
				"down": {"uv": [2.25, 0.25, 2.75, 0.75], "rotation": 90, "texture": "#0"}
			}
		},
		{
			"name": "voxel",
			"from": [6.26667, 4.53333, 13.2],
			"to": [6.53333, 5.33333, 13.46667],
			"rotation": {"angle": 0, "axis": "y", "origin": [8, 5, 12]},
			"faces": {
				"north": {"uv": [0.25, 0.25, 0.75, 0.75], "texture": "#0"},
				"east": {"uv": [0.25, 0.25, 0.75, 0.75], "texture": "#0"},
				"south": {"uv": [0.25, 0.25, 0.75, 0.75], "texture": "#0"},
				"west": {"uv": [0.25, 0.25, 0.75, 0.75], "texture": "#0"},
				"up": {"uv": [0.25, 0.25, 0.75, 0.75], "rotation": 270, "texture": "#0"},
				"down": {"uv": [0.25, 0.25, 0.75, 0.75], "rotation": 90, "texture": "#0"}
			}
		},
		{
			"name": "voxel",
			"from": [6, 4.53333, 11.33333],
			"to": [6.26667, 5.06667, 11.6],
			"rotation": {"angle": 0, "axis": "y", "origin": [8, 5, 12]},
			"faces": {
				"north": {"uv": [5.25, 0.25, 5.75, 0.75], "texture": "#0"},
				"east": {"uv": [5.25, 0.25, 5.75, 0.75], "texture": "#0"},
				"south": {"uv": [5.25, 0.25, 5.75, 0.75], "texture": "#0"},
				"west": {"uv": [5.25, 0.25, 5.75, 0.75], "texture": "#0"},
				"up": {"uv": [5.25, 0.25, 5.75, 0.75], "rotation": 270, "texture": "#0"},
				"down": {"uv": [5.25, 0.25, 5.75, 0.75], "rotation": 90, "texture": "#0"}
			}
		},
		{
			"name": "voxel",
			"from": [6, 4.53333, 11.6],
			"to": [6.26667, 5.33333, 11.86667],
			"rotation": {"angle": 0, "axis": "y", "origin": [8, 5, 12]},
			"faces": {
				"north": {"uv": [0.25, 0.25, 0.75, 0.75], "texture": "#0"},
				"east": {"uv": [0.25, 0.25, 0.75, 0.75], "texture": "#0"},
				"south": {"uv": [0.25, 0.25, 0.75, 0.75], "texture": "#0"},
				"west": {"uv": [0.25, 0.25, 0.75, 0.75], "texture": "#0"},
				"up": {"uv": [0.25, 0.25, 0.75, 0.75], "rotation": 270, "texture": "#0"},
				"down": {"uv": [0.25, 0.25, 0.75, 0.75], "rotation": 90, "texture": "#0"}
			}
		},
		{
			"name": "voxel",
			"from": [6, 4.53333, 11.86667],
			"to": [6.26667, 5.06667, 12.13333],
			"rotation": {"angle": 0, "axis": "y", "origin": [8, 5, 12]},
			"faces": {
				"north": {"uv": [2.25, 0.25, 2.75, 0.75], "texture": "#0"},
				"east": {"uv": [2.25, 0.25, 2.75, 0.75], "texture": "#0"},
				"south": {"uv": [2.25, 0.25, 2.75, 0.75], "texture": "#0"},
				"west": {"uv": [2.25, 0.25, 2.75, 0.75], "texture": "#0"},
				"up": {"uv": [2.25, 0.25, 2.75, 0.75], "rotation": 270, "texture": "#0"},
				"down": {"uv": [2.25, 0.25, 2.75, 0.75], "rotation": 90, "texture": "#0"}
			}
		},
		{
			"name": "voxel",
			"from": [6, 4.53333, 12.13333],
			"to": [6.26667, 5.33333, 12.4],
			"rotation": {"angle": 0, "axis": "y", "origin": [8, 5, 12]},
			"faces": {
				"north": {"uv": [0.25, 0.25, 0.75, 0.75], "texture": "#0"},
				"east": {"uv": [0.25, 0.25, 0.75, 0.75], "texture": "#0"},
				"south": {"uv": [0.25, 0.25, 0.75, 0.75], "texture": "#0"},
				"west": {"uv": [0.25, 0.25, 0.75, 0.75], "texture": "#0"},
				"up": {"uv": [0.25, 0.25, 0.75, 0.75], "rotation": 270, "texture": "#0"},
				"down": {"uv": [0.25, 0.25, 0.75, 0.75], "rotation": 90, "texture": "#0"}
			}
		},
		{
			"name": "voxel",
			"from": [6, 4.53333, 12.4],
			"to": [6.26667, 5.06667, 12.66667],
			"rotation": {"angle": 0, "axis": "y", "origin": [8, 5, 12]},
			"faces": {
				"north": {"uv": [5.25, 0.25, 5.75, 0.75], "texture": "#0"},
				"east": {"uv": [5.25, 0.25, 5.75, 0.75], "texture": "#0"},
				"south": {"uv": [5.25, 0.25, 5.75, 0.75], "texture": "#0"},
				"west": {"uv": [5.25, 0.25, 5.75, 0.75], "texture": "#0"},
				"up": {"uv": [5.25, 0.25, 5.75, 0.75], "rotation": 270, "texture": "#0"},
				"down": {"uv": [5.25, 0.25, 5.75, 0.75], "rotation": 90, "texture": "#0"}
			}
		},
		{
			"name": "voxel",
			"from": [8.93333, 4.26667, 11.33333],
			"to": [9.2, 4.53333, 11.6],
			"rotation": {"angle": 0, "axis": "y", "origin": [8, 5, 12]},
			"faces": {
				"north": {"uv": [1.25, 0.25, 1.75, 0.75], "texture": "#0"},
				"east": {"uv": [1.25, 0.25, 1.75, 0.75], "texture": "#0"},
				"south": {"uv": [1.25, 0.25, 1.75, 0.75], "texture": "#0"},
				"west": {"uv": [1.25, 0.25, 1.75, 0.75], "texture": "#0"},
				"up": {"uv": [1.25, 0.25, 1.75, 0.75], "rotation": 270, "texture": "#0"},
				"down": {"uv": [1.25, 0.25, 1.75, 0.75], "rotation": 90, "texture": "#0"}
			}
		},
		{
			"name": "voxel",
			"from": [8.93333, 4.26667, 11.6],
			"to": [9.2, 4.53333, 12.4],
			"rotation": {"angle": 0, "axis": "y", "origin": [8, 5, 12]},
			"faces": {
				"north": {"uv": [0.25, 0.25, 0.75, 0.75], "texture": "#0"},
				"east": {"uv": [0.25, 0.25, 0.75, 0.75], "texture": "#0"},
				"south": {"uv": [0.25, 0.25, 0.75, 0.75], "texture": "#0"},
				"west": {"uv": [0.25, 0.25, 0.75, 0.75], "texture": "#0"},
				"up": {"uv": [0.25, 0.25, 0.75, 0.75], "rotation": 270, "texture": "#0"},
				"down": {"uv": [0.25, 0.25, 0.75, 0.75], "rotation": 90, "texture": "#0"}
			}
		},
		{
			"name": "voxel",
			"from": [8.93333, 4.26667, 12.4],
			"to": [9.2, 4.53333, 12.66667],
			"rotation": {"angle": 0, "axis": "y", "origin": [8, 5, 12]},
			"faces": {
				"north": {"uv": [1.25, 0.25, 1.75, 0.75], "texture": "#0"},
				"east": {"uv": [1.25, 0.25, 1.75, 0.75], "texture": "#0"},
				"south": {"uv": [1.25, 0.25, 1.75, 0.75], "texture": "#0"},
				"west": {"uv": [1.25, 0.25, 1.75, 0.75], "texture": "#0"},
				"up": {"uv": [1.25, 0.25, 1.75, 0.75], "rotation": 270, "texture": "#0"},
				"down": {"uv": [1.25, 0.25, 1.75, 0.75], "rotation": 90, "texture": "#0"}
			}
		},
		{
			"name": "voxel",
			"from": [8.93333, 4.26667, 12.66667],
			"to": [9.2, 5.33333, 12.93333],
			"rotation": {"angle": 0, "axis": "y", "origin": [8, 5, 12]},
			"faces": {
				"north": {"uv": [0.25, 0.25, 0.75, 0.75], "texture": "#0"},
				"east": {"uv": [0.25, 0.25, 0.75, 0.75], "texture": "#0"},
				"south": {"uv": [0.25, 0.25, 0.75, 0.75], "texture": "#0"},
				"west": {"uv": [0.25, 0.25, 0.75, 0.75], "texture": "#0"},
				"up": {"uv": [0.25, 0.25, 0.75, 0.75], "rotation": 270, "texture": "#0"},
				"down": {"uv": [0.25, 0.25, 0.75, 0.75], "rotation": 90, "texture": "#0"}
			}
		},
		{
			"name": "voxel",
			"from": [8.66667, 4.26667, 11.06667],
			"to": [8.93333, 4.53333, 11.33333],
			"rotation": {"angle": 0, "axis": "y", "origin": [8, 5, 12]},
			"faces": {
				"north": {"uv": [1.25, 0.25, 1.75, 0.75], "texture": "#0"},
				"east": {"uv": [1.25, 0.25, 1.75, 0.75], "texture": "#0"},
				"south": {"uv": [1.25, 0.25, 1.75, 0.75], "texture": "#0"},
				"west": {"uv": [1.25, 0.25, 1.75, 0.75], "texture": "#0"},
				"up": {"uv": [1.25, 0.25, 1.75, 0.75], "rotation": 270, "texture": "#0"},
				"down": {"uv": [1.25, 0.25, 1.75, 0.75], "rotation": 90, "texture": "#0"}
			}
		},
		{
			"name": "voxel",
			"from": [8.66667, 4.26667, 12.93333],
			"to": [8.93333, 4.53333, 13.46667],
			"rotation": {"angle": 0, "axis": "y", "origin": [8, 5, 12]},
			"faces": {
				"north": {"uv": [0.25, 0.25, 0.75, 0.75], "texture": "#0"},
				"east": {"uv": [0.25, 0.25, 0.75, 0.75], "texture": "#0"},
				"south": {"uv": [0.25, 0.25, 0.75, 0.75], "texture": "#0"},
				"west": {"uv": [0.25, 0.25, 0.75, 0.75], "texture": "#0"},
				"up": {"uv": [0.25, 0.25, 0.75, 0.75], "rotation": 270, "texture": "#0"},
				"down": {"uv": [0.25, 0.25, 0.75, 0.75], "rotation": 90, "texture": "#0"}
			}
		},
		{
			"name": "voxel",
			"from": [8.4, 4.26667, 11.06667],
			"to": [8.66667, 5.33333, 11.33333],
			"rotation": {"angle": 0, "axis": "y", "origin": [8, 5, 12]},
			"faces": {
				"north": {"uv": [0.25, 0.25, 0.75, 0.75], "texture": "#0"},
				"east": {"uv": [0.25, 0.25, 0.75, 0.75], "texture": "#0"},
				"south": {"uv": [0.25, 0.25, 0.75, 0.75], "texture": "#0"},
				"west": {"uv": [0.25, 0.25, 0.75, 0.75], "texture": "#0"},
				"up": {"uv": [0.25, 0.25, 0.75, 0.75], "rotation": 270, "texture": "#0"},
				"down": {"uv": [0.25, 0.25, 0.75, 0.75], "rotation": 90, "texture": "#0"}
			}
		},
		{
			"name": "voxel",
			"from": [8.13333, 4.26667, 11.06667],
			"to": [8.4, 4.53333, 11.33333],
			"rotation": {"angle": 0, "axis": "y", "origin": [8, 5, 12]},
			"faces": {
				"north": {"uv": [1.25, 0.25, 1.75, 0.75], "texture": "#0"},
				"east": {"uv": [1.25, 0.25, 1.75, 0.75], "texture": "#0"},
				"south": {"uv": [1.25, 0.25, 1.75, 0.75], "texture": "#0"},
				"west": {"uv": [1.25, 0.25, 1.75, 0.75], "texture": "#0"},
				"up": {"uv": [1.25, 0.25, 1.75, 0.75], "rotation": 270, "texture": "#0"},
				"down": {"uv": [1.25, 0.25, 1.75, 0.75], "rotation": 90, "texture": "#0"}
			}
		},
		{
			"name": "voxel",
			"from": [7.06667, 4.26667, 11.06667],
			"to": [8.13333, 4.53333, 11.33333],
			"rotation": {"angle": 0, "axis": "y", "origin": [8, 5, 12]},
			"faces": {
				"north": {"uv": [0.25, 0.25, 0.75, 0.75], "texture": "#0"},
				"east": {"uv": [0.25, 0.25, 0.75, 0.75], "texture": "#0"},
				"south": {"uv": [0.25, 0.25, 0.75, 0.75], "texture": "#0"},
				"west": {"uv": [0.25, 0.25, 0.75, 0.75], "texture": "#0"},
				"up": {"uv": [0.25, 0.25, 0.75, 0.75], "rotation": 270, "texture": "#0"},
				"down": {"uv": [0.25, 0.25, 0.75, 0.75], "rotation": 90, "texture": "#0"}
			}
		},
		{
			"name": "voxel",
			"from": [6.8, 4.26667, 11.06667],
			"to": [7.06667, 4.53333, 11.33333],
			"rotation": {"angle": 0, "axis": "y", "origin": [8, 5, 12]},
			"faces": {
				"north": {"uv": [1.25, 0.25, 1.75, 0.75], "texture": "#0"},
				"east": {"uv": [1.25, 0.25, 1.75, 0.75], "texture": "#0"},
				"south": {"uv": [1.25, 0.25, 1.75, 0.75], "texture": "#0"},
				"west": {"uv": [1.25, 0.25, 1.75, 0.75], "texture": "#0"},
				"up": {"uv": [1.25, 0.25, 1.75, 0.75], "rotation": 270, "texture": "#0"},
				"down": {"uv": [1.25, 0.25, 1.75, 0.75], "rotation": 90, "texture": "#0"}
			}
		},
		{
			"name": "voxel",
			"from": [6.53333, 4.26667, 11.06667],
			"to": [6.8, 5.33333, 11.33333],
			"rotation": {"angle": 0, "axis": "y", "origin": [8, 5, 12]},
			"faces": {
				"north": {"uv": [0.25, 0.25, 0.75, 0.75], "texture": "#0"},
				"east": {"uv": [0.25, 0.25, 0.75, 0.75], "texture": "#0"},
				"south": {"uv": [0.25, 0.25, 0.75, 0.75], "texture": "#0"},
				"west": {"uv": [0.25, 0.25, 0.75, 0.75], "texture": "#0"},
				"up": {"uv": [0.25, 0.25, 0.75, 0.75], "rotation": 270, "texture": "#0"},
				"down": {"uv": [0.25, 0.25, 0.75, 0.75], "rotation": 90, "texture": "#0"}
			}
		},
		{
			"name": "voxel",
			"from": [6.26667, 4.26667, 11.06667],
			"to": [6.53333, 4.53333, 11.33333],
			"rotation": {"angle": 0, "axis": "y", "origin": [8, 5, 12]},
			"faces": {
				"north": {"uv": [1.25, 0.25, 1.75, 0.75], "texture": "#0"},
				"east": {"uv": [1.25, 0.25, 1.75, 0.75], "texture": "#0"},
				"south": {"uv": [1.25, 0.25, 1.75, 0.75], "texture": "#0"},
				"west": {"uv": [1.25, 0.25, 1.75, 0.75], "texture": "#0"},
				"up": {"uv": [1.25, 0.25, 1.75, 0.75], "rotation": 270, "texture": "#0"},
				"down": {"uv": [1.25, 0.25, 1.75, 0.75], "rotation": 90, "texture": "#0"}
			}
		},
		{
			"name": "voxel",
			"from": [6.26667, 4.26667, 12.93333],
			"to": [6.53333, 4.53333, 13.46667],
			"rotation": {"angle": 0, "axis": "y", "origin": [8, 5, 12]},
			"faces": {
				"north": {"uv": [0.25, 0.25, 0.75, 0.75], "texture": "#0"},
				"east": {"uv": [0.25, 0.25, 0.75, 0.75], "texture": "#0"},
				"south": {"uv": [0.25, 0.25, 0.75, 0.75], "texture": "#0"},
				"west": {"uv": [0.25, 0.25, 0.75, 0.75], "texture": "#0"},
				"up": {"uv": [0.25, 0.25, 0.75, 0.75], "rotation": 270, "texture": "#0"},
				"down": {"uv": [0.25, 0.25, 0.75, 0.75], "rotation": 90, "texture": "#0"}
			}
		},
		{
			"name": "voxel",
			"from": [6, 4.26667, 11.33333],
			"to": [6.26667, 4.53333, 11.6],
			"rotation": {"angle": 0, "axis": "y", "origin": [8, 5, 12]},
			"faces": {
				"north": {"uv": [1.25, 0.25, 1.75, 0.75], "texture": "#0"},
				"east": {"uv": [1.25, 0.25, 1.75, 0.75], "texture": "#0"},
				"south": {"uv": [1.25, 0.25, 1.75, 0.75], "texture": "#0"},
				"west": {"uv": [1.25, 0.25, 1.75, 0.75], "texture": "#0"},
				"up": {"uv": [1.25, 0.25, 1.75, 0.75], "rotation": 270, "texture": "#0"},
				"down": {"uv": [1.25, 0.25, 1.75, 0.75], "rotation": 90, "texture": "#0"}
			}
		},
		{
			"name": "voxel",
			"from": [6, 4.26667, 11.6],
			"to": [6.26667, 4.53333, 12.4],
			"rotation": {"angle": 0, "axis": "y", "origin": [8, 5, 12]},
			"faces": {
				"north": {"uv": [0.25, 0.25, 0.75, 0.75], "texture": "#0"},
				"east": {"uv": [0.25, 0.25, 0.75, 0.75], "texture": "#0"},
				"south": {"uv": [0.25, 0.25, 0.75, 0.75], "texture": "#0"},
				"west": {"uv": [0.25, 0.25, 0.75, 0.75], "texture": "#0"},
				"up": {"uv": [0.25, 0.25, 0.75, 0.75], "rotation": 270, "texture": "#0"},
				"down": {"uv": [0.25, 0.25, 0.75, 0.75], "rotation": 90, "texture": "#0"}
			}
		},
		{
			"name": "voxel",
			"from": [6, 4.26667, 12.4],
			"to": [6.26667, 4.53333, 12.66667],
			"rotation": {"angle": 0, "axis": "y", "origin": [8, 5, 12]},
			"faces": {
				"north": {"uv": [1.25, 0.25, 1.75, 0.75], "texture": "#0"},
				"east": {"uv": [1.25, 0.25, 1.75, 0.75], "texture": "#0"},
				"south": {"uv": [1.25, 0.25, 1.75, 0.75], "texture": "#0"},
				"west": {"uv": [1.25, 0.25, 1.75, 0.75], "texture": "#0"},
				"up": {"uv": [1.25, 0.25, 1.75, 0.75], "rotation": 270, "texture": "#0"},
				"down": {"uv": [1.25, 0.25, 1.75, 0.75], "rotation": 90, "texture": "#0"}
			}
		},
		{
			"name": "voxel",
			"from": [6, 4.26667, 12.66667],
			"to": [6.26667, 5.33333, 12.93333],
			"rotation": {"angle": 0, "axis": "y", "origin": [8, 5, 12]},
			"faces": {
				"north": {"uv": [0.25, 0.25, 0.75, 0.75], "texture": "#0"},
				"east": {"uv": [0.25, 0.25, 0.75, 0.75], "texture": "#0"},
				"south": {"uv": [0.25, 0.25, 0.75, 0.75], "texture": "#0"},
				"west": {"uv": [0.25, 0.25, 0.75, 0.75], "texture": "#0"},
				"up": {"uv": [0.25, 0.25, 0.75, 0.75], "rotation": 270, "texture": "#0"},
				"down": {"uv": [0.25, 0.25, 0.75, 0.75], "rotation": 90, "texture": "#0"}
			}
		},
		{
			"name": "voxel",
			"from": [8.93333, 4, 11.06667],
			"to": [9.2, 5.86667, 11.33333],
			"rotation": {"angle": 0, "axis": "y", "origin": [8, 5, 12]},
			"faces": {
				"north": {"uv": [0.25, 0.25, 0.75, 0.75], "texture": "#0"},
				"east": {"uv": [0.25, 0.25, 0.75, 0.75], "texture": "#0"},
				"south": {"uv": [0.25, 0.25, 0.75, 0.75], "texture": "#0"},
				"west": {"uv": [0.25, 0.25, 0.75, 0.75], "texture": "#0"},
				"up": {"uv": [0.25, 0.25, 0.75, 0.75], "rotation": 270, "texture": "#0"},
				"down": {"uv": [0.25, 0.25, 0.75, 0.75], "rotation": 90, "texture": "#0"}
			}
		},
		{
			"name": "voxel",
			"from": [8.93333, 4, 11.33333],
			"to": [9.2, 4.26667, 12.93333],
			"rotation": {"angle": 0, "axis": "y", "origin": [8, 5, 12]},
			"faces": {
				"north": {"uv": [1.25, 0.25, 1.75, 0.75], "texture": "#0"},
				"east": {"uv": [1.25, 0.25, 1.75, 0.75], "texture": "#0"},
				"south": {"uv": [1.25, 0.25, 1.75, 0.75], "texture": "#0"},
				"west": {"uv": [1.25, 0.25, 1.75, 0.75], "texture": "#0"},
				"up": {"uv": [1.25, 0.25, 1.75, 0.75], "rotation": 270, "texture": "#0"},
				"down": {"uv": [1.25, 0.25, 1.75, 0.75], "rotation": 90, "texture": "#0"}
			}
		},
		{
			"name": "voxel",
			"from": [8.66667, 4, 12.93333],
			"to": [8.93333, 4.26667, 13.46667],
			"rotation": {"angle": 0, "axis": "y", "origin": [8, 5, 12]},
			"faces": {
				"north": {"uv": [1.25, 0.25, 1.75, 0.75], "texture": "#0"},
				"east": {"uv": [1.25, 0.25, 1.75, 0.75], "texture": "#0"},
				"south": {"uv": [1.25, 0.25, 1.75, 0.75], "texture": "#0"},
				"west": {"uv": [1.25, 0.25, 1.75, 0.75], "texture": "#0"},
				"up": {"uv": [1.25, 0.25, 1.75, 0.75], "rotation": 270, "texture": "#0"},
				"down": {"uv": [1.25, 0.25, 1.75, 0.75], "rotation": 90, "texture": "#0"}
			}
		},
		{
			"name": "voxel",
			"from": [8.4, 4, 13.46667],
			"to": [8.66667, 4.53333, 13.73333],
			"rotation": {"angle": 0, "axis": "y", "origin": [8, 5, 12]},
			"faces": {
				"north": {"uv": [1.25, 0.25, 1.75, 0.75], "texture": "#0"},
				"east": {"uv": [1.25, 0.25, 1.75, 0.75], "texture": "#0"},
				"south": {"uv": [1.25, 0.25, 1.75, 0.75], "texture": "#0"},
				"west": {"uv": [1.25, 0.25, 1.75, 0.75], "texture": "#0"},
				"up": {"uv": [1.25, 0.25, 1.75, 0.75], "rotation": 270, "texture": "#0"},
				"down": {"uv": [1.25, 0.25, 1.75, 0.75], "rotation": 90, "texture": "#0"}
			}
		},
		{
			"name": "voxel",
			"from": [8.4, 4, 13.73333],
			"to": [8.66667, 5.86667, 14],
			"rotation": {"angle": 0, "axis": "y", "origin": [8, 5, 12]},
			"faces": {
				"north": {"uv": [0.25, 0.25, 0.75, 0.75], "texture": "#0"},
				"east": {"uv": [0.25, 0.25, 0.75, 0.75], "texture": "#0"},
				"south": {"uv": [0.25, 0.25, 0.75, 0.75], "texture": "#0"},
				"west": {"uv": [0.25, 0.25, 0.75, 0.75], "texture": "#0"},
				"up": {"uv": [0.25, 0.25, 0.75, 0.75], "rotation": 270, "texture": "#0"},
				"down": {"uv": [0.25, 0.25, 0.75, 0.75], "rotation": 90, "texture": "#0"}
			}
		},
		{
			"name": "voxel",
			"from": [6.8, 4, 13.73333],
			"to": [8.4, 5.6, 13.86667],
			"rotation": {"angle": 0, "axis": "y", "origin": [8, 5, 12]},
			"faces": {
				"north": {"uv": [4.25, 0.25, 4.75, 0.75], "texture": "#0"},
				"east": {"uv": [4.25, 0.25, 4.75, 0.75], "texture": "#0"},
				"south": {"uv": [4.25, 0.25, 4.75, 0.75], "texture": "#0"},
				"west": {"uv": [4.25, 0.25, 4.75, 0.75], "texture": "#0"},
				"up": {"uv": [4.25, 0.25, 4.75, 0.75], "rotation": 270, "texture": "#0"},
				"down": {"uv": [4.25, 0.25, 4.75, 0.75], "rotation": 90, "texture": "#0"}
			}
		},
		{
			"name": "voxel",
			"from": [6.8, 4, 13.86667],
			"to": [8.4, 5.6, 14],
			"rotation": {"angle": 0, "axis": "y", "origin": [8, 5, 12]},
			"faces": {
				"north": {"uv": [3.25, 0.25, 3.75, 0.75], "texture": "#0"},
				"east": {"uv": [3.25, 0.25, 3.75, 0.75], "texture": "#0"},
				"south": {"uv": [3.25, 0.25, 3.75, 0.75], "texture": "#0"},
				"west": {"uv": [3.25, 0.25, 3.75, 0.75], "texture": "#0"},
				"up": {"uv": [3.25, 0.25, 3.75, 0.75], "rotation": 270, "texture": "#0"},
				"down": {"uv": [3.25, 0.25, 3.75, 0.75], "rotation": 90, "texture": "#0"}
			}
		},
		{
			"name": "voxel",
			"from": [6.53333, 4, 13.46667],
			"to": [6.8, 4.53333, 13.73333],
			"rotation": {"angle": 0, "axis": "y", "origin": [8, 5, 12]},
			"faces": {
				"north": {"uv": [1.25, 0.25, 1.75, 0.75], "texture": "#0"},
				"east": {"uv": [1.25, 0.25, 1.75, 0.75], "texture": "#0"},
				"south": {"uv": [1.25, 0.25, 1.75, 0.75], "texture": "#0"},
				"west": {"uv": [1.25, 0.25, 1.75, 0.75], "texture": "#0"},
				"up": {"uv": [1.25, 0.25, 1.75, 0.75], "rotation": 270, "texture": "#0"},
				"down": {"uv": [1.25, 0.25, 1.75, 0.75], "rotation": 90, "texture": "#0"}
			}
		},
		{
			"name": "voxel",
			"from": [6.53333, 4, 13.73333],
			"to": [6.8, 5.86667, 14],
			"rotation": {"angle": 0, "axis": "y", "origin": [8, 5, 12]},
			"faces": {
				"north": {"uv": [0.25, 0.25, 0.75, 0.75], "texture": "#0"},
				"east": {"uv": [0.25, 0.25, 0.75, 0.75], "texture": "#0"},
				"south": {"uv": [0.25, 0.25, 0.75, 0.75], "texture": "#0"},
				"west": {"uv": [0.25, 0.25, 0.75, 0.75], "texture": "#0"},
				"up": {"uv": [0.25, 0.25, 0.75, 0.75], "rotation": 270, "texture": "#0"},
				"down": {"uv": [0.25, 0.25, 0.75, 0.75], "rotation": 90, "texture": "#0"}
			}
		},
		{
			"name": "voxel",
			"from": [6.26667, 4, 11.06667],
			"to": [8.93333, 4.26667, 11.33333],
			"rotation": {"angle": 0, "axis": "y", "origin": [8, 5, 12]},
			"faces": {
				"north": {"uv": [1.25, 0.25, 1.75, 0.75], "texture": "#0"},
				"east": {"uv": [1.25, 0.25, 1.75, 0.75], "texture": "#0"},
				"south": {"uv": [1.25, 0.25, 1.75, 0.75], "texture": "#0"},
				"west": {"uv": [1.25, 0.25, 1.75, 0.75], "texture": "#0"},
				"up": {"uv": [1.25, 0.25, 1.75, 0.75], "rotation": 270, "texture": "#0"},
				"down": {"uv": [1.25, 0.25, 1.75, 0.75], "rotation": 90, "texture": "#0"}
			}
		},
		{
			"name": "voxel",
			"from": [6.26667, 4, 12.93333],
			"to": [6.53333, 4.26667, 13.46667],
			"rotation": {"angle": 0, "axis": "y", "origin": [8, 5, 12]},
			"faces": {
				"north": {"uv": [1.25, 0.25, 1.75, 0.75], "texture": "#0"},
				"east": {"uv": [1.25, 0.25, 1.75, 0.75], "texture": "#0"},
				"south": {"uv": [1.25, 0.25, 1.75, 0.75], "texture": "#0"},
				"west": {"uv": [1.25, 0.25, 1.75, 0.75], "texture": "#0"},
				"up": {"uv": [1.25, 0.25, 1.75, 0.75], "rotation": 270, "texture": "#0"},
				"down": {"uv": [1.25, 0.25, 1.75, 0.75], "rotation": 90, "texture": "#0"}
			}
		},
		{
			"name": "voxel",
			"from": [6, 4, 11.06667],
			"to": [6.26667, 5.86667, 11.33333],
			"rotation": {"angle": 0, "axis": "y", "origin": [8, 5, 12]},
			"faces": {
				"north": {"uv": [0.25, 0.25, 0.75, 0.75], "texture": "#0"},
				"east": {"uv": [0.25, 0.25, 0.75, 0.75], "texture": "#0"},
				"south": {"uv": [0.25, 0.25, 0.75, 0.75], "texture": "#0"},
				"west": {"uv": [0.25, 0.25, 0.75, 0.75], "texture": "#0"},
				"up": {"uv": [0.25, 0.25, 0.75, 0.75], "rotation": 270, "texture": "#0"},
				"down": {"uv": [0.25, 0.25, 0.75, 0.75], "rotation": 90, "texture": "#0"}
			}
		},
		{
			"name": "voxel",
			"from": [6, 4, 11.33333],
			"to": [6.26667, 4.26667, 12.93333],
			"rotation": {"angle": 0, "axis": "y", "origin": [8, 5, 12]},
			"faces": {
				"north": {"uv": [1.25, 0.25, 1.75, 0.75], "texture": "#0"},
				"east": {"uv": [1.25, 0.25, 1.75, 0.75], "texture": "#0"},
				"south": {"uv": [1.25, 0.25, 1.75, 0.75], "texture": "#0"},
				"west": {"uv": [1.25, 0.25, 1.75, 0.75], "texture": "#0"},
				"up": {"uv": [1.25, 0.25, 1.75, 0.75], "rotation": 270, "texture": "#0"},
				"down": {"uv": [1.25, 0.25, 1.75, 0.75], "rotation": 90, "texture": "#0"}
			}
		},
		{
			"name": "voxel",
			"from": [8.93333, 3.73333, 11.33333],
			"to": [9.2, 4, 12.93333],
			"rotation": {"angle": 0, "axis": "y", "origin": [8, 5, 12]},
			"faces": {
				"north": {"uv": [0.25, 0.25, 0.75, 0.75], "texture": "#0"},
				"east": {"uv": [0.25, 0.25, 0.75, 0.75], "texture": "#0"},
				"south": {"uv": [0.25, 0.25, 0.75, 0.75], "texture": "#0"},
				"west": {"uv": [0.25, 0.25, 0.75, 0.75], "texture": "#0"},
				"up": {"uv": [0.25, 0.25, 0.75, 0.75], "rotation": 270, "texture": "#0"},
				"down": {"uv": [0.25, 0.25, 0.75, 0.75], "rotation": 90, "texture": "#0"}
			}
		},
		{
			"name": "voxel",
			"from": [8.66667, 3.73333, 11.6],
			"to": [8.93333, 4, 12.4],
			"rotation": {"angle": 0, "axis": "y", "origin": [8, 5, 12]},
			"faces": {
				"north": {"uv": [1.25, 0.25, 1.75, 0.75], "texture": "#0"},
				"east": {"uv": [1.25, 0.25, 1.75, 0.75], "texture": "#0"},
				"south": {"uv": [1.25, 0.25, 1.75, 0.75], "texture": "#0"},
				"west": {"uv": [1.25, 0.25, 1.75, 0.75], "texture": "#0"},
				"up": {"uv": [1.25, 0.25, 1.75, 0.75], "rotation": 270, "texture": "#0"},
				"down": {"uv": [1.25, 0.25, 1.75, 0.75], "rotation": 90, "texture": "#0"}
			}
		},
		{
			"name": "voxel",
			"from": [8.66667, 3.73333, 12.66667],
			"to": [8.93333, 4, 12.93333],
			"rotation": {"angle": 0, "axis": "y", "origin": [8, 5, 12]},
			"faces": {
				"north": {"uv": [1.25, 0.25, 1.75, 0.75], "texture": "#0"},
				"east": {"uv": [1.25, 0.25, 1.75, 0.75], "texture": "#0"},
				"south": {"uv": [1.25, 0.25, 1.75, 0.75], "texture": "#0"},
				"west": {"uv": [1.25, 0.25, 1.75, 0.75], "texture": "#0"},
				"up": {"uv": [1.25, 0.25, 1.75, 0.75], "rotation": 270, "texture": "#0"},
				"down": {"uv": [1.25, 0.25, 1.75, 0.75], "rotation": 90, "texture": "#0"}
			}
		},
		{
			"name": "voxel",
			"from": [8.66667, 3.73333, 12.93333],
			"to": [8.93333, 4, 13.46667],
			"rotation": {"angle": 0, "axis": "y", "origin": [8, 5, 12]},
			"faces": {
				"north": {"uv": [0.25, 0.25, 0.75, 0.75], "texture": "#0"},
				"east": {"uv": [0.25, 0.25, 0.75, 0.75], "texture": "#0"},
				"south": {"uv": [0.25, 0.25, 0.75, 0.75], "texture": "#0"},
				"west": {"uv": [0.25, 0.25, 0.75, 0.75], "texture": "#0"},
				"up": {"uv": [0.25, 0.25, 0.75, 0.75], "rotation": 270, "texture": "#0"},
				"down": {"uv": [0.25, 0.25, 0.75, 0.75], "rotation": 90, "texture": "#0"}
			}
		},
		{
			"name": "voxel",
			"from": [8.4, 3.73333, 11.86667],
			"to": [8.66667, 4, 12.13333],
			"rotation": {"angle": 0, "axis": "y", "origin": [8, 5, 12]},
			"faces": {
				"north": {"uv": [0.25, 0.25, 0.75, 0.75], "texture": "#0"},
				"east": {"uv": [0.25, 0.25, 0.75, 0.75], "texture": "#0"},
				"south": {"uv": [0.25, 0.25, 0.75, 0.75], "texture": "#0"},
				"west": {"uv": [0.25, 0.25, 0.75, 0.75], "texture": "#0"},
				"up": {"uv": [0.25, 0.25, 0.75, 0.75], "rotation": 270, "texture": "#0"},
				"down": {"uv": [0.25, 0.25, 0.75, 0.75], "rotation": 90, "texture": "#0"}
			}
		},
		{
			"name": "voxel",
			"from": [8.4, 3.73333, 12.93333],
			"to": [8.66667, 4, 13.46667],
			"rotation": {"angle": 0, "axis": "y", "origin": [8, 5, 12]},
			"faces": {
				"north": {"uv": [1.25, 0.25, 1.75, 0.75], "texture": "#0"},
				"east": {"uv": [1.25, 0.25, 1.75, 0.75], "texture": "#0"},
				"south": {"uv": [1.25, 0.25, 1.75, 0.75], "texture": "#0"},
				"west": {"uv": [1.25, 0.25, 1.75, 0.75], "texture": "#0"},
				"up": {"uv": [1.25, 0.25, 1.75, 0.75], "rotation": 270, "texture": "#0"},
				"down": {"uv": [1.25, 0.25, 1.75, 0.75], "rotation": 90, "texture": "#0"}
			}
		},
		{
			"name": "voxel",
			"from": [8.4, 3.73333, 13.46667],
			"to": [8.66667, 4, 14],
			"rotation": {"angle": 0, "axis": "y", "origin": [8, 5, 12]},
			"faces": {
				"north": {"uv": [0.25, 0.25, 0.75, 0.75], "texture": "#0"},
				"east": {"uv": [0.25, 0.25, 0.75, 0.75], "texture": "#0"},
				"south": {"uv": [0.25, 0.25, 0.75, 0.75], "texture": "#0"},
				"west": {"uv": [0.25, 0.25, 0.75, 0.75], "texture": "#0"},
				"up": {"uv": [0.25, 0.25, 0.75, 0.75], "rotation": 270, "texture": "#0"},
				"down": {"uv": [0.25, 0.25, 0.75, 0.75], "rotation": 90, "texture": "#0"}
			}
		},
		{
			"name": "voxel",
			"from": [8.13333, 3.73333, 12.93333],
			"to": [8.4, 4, 13.2],
			"rotation": {"angle": 0, "axis": "y", "origin": [8, 5, 12]},
			"faces": {
				"north": {"uv": [0.25, 0.25, 0.75, 0.75], "texture": "#0"},
				"east": {"uv": [0.25, 0.25, 0.75, 0.75], "texture": "#0"},
				"south": {"uv": [0.25, 0.25, 0.75, 0.75], "texture": "#0"},
				"west": {"uv": [0.25, 0.25, 0.75, 0.75], "texture": "#0"},
				"up": {"uv": [0.25, 0.25, 0.75, 0.75], "rotation": 270, "texture": "#0"},
				"down": {"uv": [0.25, 0.25, 0.75, 0.75], "rotation": 90, "texture": "#0"}
			}
		},
		{
			"name": "voxel",
			"from": [7.06667, 3.73333, 12.93333],
			"to": [8.13333, 4, 13.2],
			"rotation": {"angle": 0, "axis": "y", "origin": [8, 5, 12]},
			"faces": {
				"north": {"uv": [2.25, 0.25, 2.75, 0.75], "texture": "#0"},
				"east": {"uv": [2.25, 0.25, 2.75, 0.75], "texture": "#0"},
				"south": {"uv": [2.25, 0.25, 2.75, 0.75], "texture": "#0"},
				"west": {"uv": [2.25, 0.25, 2.75, 0.75], "texture": "#0"},
				"up": {"uv": [2.25, 0.25, 2.75, 0.75], "rotation": 270, "texture": "#0"},
				"down": {"uv": [2.25, 0.25, 2.75, 0.75], "rotation": 90, "texture": "#0"}
			}
		},
		{
			"name": "voxel",
			"from": [7.06667, 3.73333, 13.2],
			"to": [8.4, 4, 13.46667],
			"rotation": {"angle": 0, "axis": "y", "origin": [8, 5, 12]},
			"faces": {
				"north": {"uv": [0.25, 0.25, 0.75, 0.75], "texture": "#0"},
				"east": {"uv": [0.25, 0.25, 0.75, 0.75], "texture": "#0"},
				"south": {"uv": [0.25, 0.25, 0.75, 0.75], "texture": "#0"},
				"west": {"uv": [0.25, 0.25, 0.75, 0.75], "texture": "#0"},
				"up": {"uv": [0.25, 0.25, 0.75, 0.75], "rotation": 270, "texture": "#0"},
				"down": {"uv": [0.25, 0.25, 0.75, 0.75], "rotation": 90, "texture": "#0"}
			}
		},
		{
			"name": "voxel",
			"from": [6.8, 3.73333, 11.6],
			"to": [8.66667, 4, 11.86667],
			"rotation": {"angle": 0, "axis": "y", "origin": [8, 5, 12]},
			"faces": {
				"north": {"uv": [0.25, 0.25, 0.75, 0.75], "texture": "#0"},
				"east": {"uv": [0.25, 0.25, 0.75, 0.75], "texture": "#0"},
				"south": {"uv": [0.25, 0.25, 0.75, 0.75], "texture": "#0"},
				"west": {"uv": [0.25, 0.25, 0.75, 0.75], "texture": "#0"},
				"up": {"uv": [0.25, 0.25, 0.75, 0.75], "rotation": 270, "texture": "#0"},
				"down": {"uv": [0.25, 0.25, 0.75, 0.75], "rotation": 90, "texture": "#0"}
			}
		},
		{
			"name": "voxel",
			"from": [6.8, 3.73333, 11.86667],
			"to": [8.4, 4, 12.13333],
			"rotation": {"angle": 0, "axis": "y", "origin": [8, 5, 12]},
			"faces": {
				"north": {"uv": [2.25, 0.25, 2.75, 0.75], "texture": "#0"},
				"east": {"uv": [2.25, 0.25, 2.75, 0.75], "texture": "#0"},
				"south": {"uv": [2.25, 0.25, 2.75, 0.75], "texture": "#0"},
				"west": {"uv": [2.25, 0.25, 2.75, 0.75], "texture": "#0"},
				"up": {"uv": [2.25, 0.25, 2.75, 0.75], "rotation": 270, "texture": "#0"},
				"down": {"uv": [2.25, 0.25, 2.75, 0.75], "rotation": 90, "texture": "#0"}
			}
		},
		{
			"name": "voxel",
			"from": [6.8, 3.73333, 12.13333],
			"to": [8.66667, 4, 12.4],
			"rotation": {"angle": 0, "axis": "y", "origin": [8, 5, 12]},
			"faces": {
				"north": {"uv": [0.25, 0.25, 0.75, 0.75], "texture": "#0"},
				"east": {"uv": [0.25, 0.25, 0.75, 0.75], "texture": "#0"},
				"south": {"uv": [0.25, 0.25, 0.75, 0.75], "texture": "#0"},
				"west": {"uv": [0.25, 0.25, 0.75, 0.75], "texture": "#0"},
				"up": {"uv": [0.25, 0.25, 0.75, 0.75], "rotation": 270, "texture": "#0"},
				"down": {"uv": [0.25, 0.25, 0.75, 0.75], "rotation": 90, "texture": "#0"}
			}
		},
		{
			"name": "voxel",
			"from": [6.8, 3.73333, 12.93333],
			"to": [7.06667, 4, 13.46667],
			"rotation": {"angle": 0, "axis": "y", "origin": [8, 5, 12]},
			"faces": {
				"north": {"uv": [0.25, 0.25, 0.75, 0.75], "texture": "#0"},
				"east": {"uv": [0.25, 0.25, 0.75, 0.75], "texture": "#0"},
				"south": {"uv": [0.25, 0.25, 0.75, 0.75], "texture": "#0"},
				"west": {"uv": [0.25, 0.25, 0.75, 0.75], "texture": "#0"},
				"up": {"uv": [0.25, 0.25, 0.75, 0.75], "rotation": 270, "texture": "#0"},
				"down": {"uv": [0.25, 0.25, 0.75, 0.75], "rotation": 90, "texture": "#0"}
			}
		},
		{
			"name": "voxel",
			"from": [6.8, 3.73333, 13.46667],
			"to": [8.4, 4, 13.73333],
			"rotation": {"angle": 0, "axis": "y", "origin": [8, 5, 12]},
			"faces": {
				"north": {"uv": [1.25, 0.25, 1.75, 0.75], "texture": "#0"},
				"east": {"uv": [1.25, 0.25, 1.75, 0.75], "texture": "#0"},
				"south": {"uv": [1.25, 0.25, 1.75, 0.75], "texture": "#0"},
				"west": {"uv": [1.25, 0.25, 1.75, 0.75], "texture": "#0"},
				"up": {"uv": [1.25, 0.25, 1.75, 0.75], "rotation": 270, "texture": "#0"},
				"down": {"uv": [1.25, 0.25, 1.75, 0.75], "rotation": 90, "texture": "#0"}
			}
		},
		{
			"name": "voxel",
			"from": [6.8, 3.73333, 13.73333],
			"to": [8.4, 4, 14],
			"rotation": {"angle": 0, "axis": "y", "origin": [8, 5, 12]},
			"faces": {
				"north": {"uv": [0.25, 0.25, 0.75, 0.75], "texture": "#0"},
				"east": {"uv": [0.25, 0.25, 0.75, 0.75], "texture": "#0"},
				"south": {"uv": [0.25, 0.25, 0.75, 0.75], "texture": "#0"},
				"west": {"uv": [0.25, 0.25, 0.75, 0.75], "texture": "#0"},
				"up": {"uv": [0.25, 0.25, 0.75, 0.75], "rotation": 270, "texture": "#0"},
				"down": {"uv": [0.25, 0.25, 0.75, 0.75], "rotation": 90, "texture": "#0"}
			}
		},
		{
			"name": "voxel",
			"from": [6.53333, 3.73333, 11.33333],
			"to": [8.93333, 4, 11.6],
			"rotation": {"angle": 0, "axis": "y", "origin": [8, 5, 12]},
			"faces": {
				"north": {"uv": [1.25, 0.25, 1.75, 0.75], "texture": "#0"},
				"east": {"uv": [1.25, 0.25, 1.75, 0.75], "texture": "#0"},
				"south": {"uv": [1.25, 0.25, 1.75, 0.75], "texture": "#0"},
				"west": {"uv": [1.25, 0.25, 1.75, 0.75], "texture": "#0"},
				"up": {"uv": [1.25, 0.25, 1.75, 0.75], "rotation": 270, "texture": "#0"},
				"down": {"uv": [1.25, 0.25, 1.75, 0.75], "rotation": 90, "texture": "#0"}
			}
		},
		{
			"name": "voxel",
			"from": [6.53333, 3.73333, 11.6],
			"to": [6.8, 4, 12.4],
			"rotation": {"angle": 0, "axis": "y", "origin": [8, 5, 12]},
			"faces": {
				"north": {"uv": [0.25, 0.25, 0.75, 0.75], "texture": "#0"},
				"east": {"uv": [0.25, 0.25, 0.75, 0.75], "texture": "#0"},
				"south": {"uv": [0.25, 0.25, 0.75, 0.75], "texture": "#0"},
				"west": {"uv": [0.25, 0.25, 0.75, 0.75], "texture": "#0"},
				"up": {"uv": [0.25, 0.25, 0.75, 0.75], "rotation": 270, "texture": "#0"},
				"down": {"uv": [0.25, 0.25, 0.75, 0.75], "rotation": 90, "texture": "#0"}
			}
		},
		{
			"name": "voxel",
			"from": [6.53333, 3.73333, 12.4],
			"to": [8.93333, 4, 12.66667],
			"rotation": {"angle": 0, "axis": "y", "origin": [8, 5, 12]},
			"faces": {
				"north": {"uv": [1.25, 0.25, 1.75, 0.75], "texture": "#0"},
				"east": {"uv": [1.25, 0.25, 1.75, 0.75], "texture": "#0"},
				"south": {"uv": [1.25, 0.25, 1.75, 0.75], "texture": "#0"},
				"west": {"uv": [1.25, 0.25, 1.75, 0.75], "texture": "#0"},
				"up": {"uv": [1.25, 0.25, 1.75, 0.75], "rotation": 270, "texture": "#0"},
				"down": {"uv": [1.25, 0.25, 1.75, 0.75], "rotation": 90, "texture": "#0"}
			}
		},
		{
			"name": "voxel",
			"from": [6.53333, 3.73333, 12.66667],
			"to": [8.66667, 4, 12.93333],
			"rotation": {"angle": 0, "axis": "y", "origin": [8, 5, 12]},
			"faces": {
				"north": {"uv": [0.25, 0.25, 0.75, 0.75], "texture": "#0"},
				"east": {"uv": [0.25, 0.25, 0.75, 0.75], "texture": "#0"},
				"south": {"uv": [0.25, 0.25, 0.75, 0.75], "texture": "#0"},
				"west": {"uv": [0.25, 0.25, 0.75, 0.75], "texture": "#0"},
				"up": {"uv": [0.25, 0.25, 0.75, 0.75], "rotation": 270, "texture": "#0"},
				"down": {"uv": [0.25, 0.25, 0.75, 0.75], "rotation": 90, "texture": "#0"}
			}
		},
		{
			"name": "voxel",
			"from": [6.53333, 3.73333, 12.93333],
			"to": [6.8, 4, 13.46667],
			"rotation": {"angle": 0, "axis": "y", "origin": [8, 5, 12]},
			"faces": {
				"north": {"uv": [1.25, 0.25, 1.75, 0.75], "texture": "#0"},
				"east": {"uv": [1.25, 0.25, 1.75, 0.75], "texture": "#0"},
				"south": {"uv": [1.25, 0.25, 1.75, 0.75], "texture": "#0"},
				"west": {"uv": [1.25, 0.25, 1.75, 0.75], "texture": "#0"},
				"up": {"uv": [1.25, 0.25, 1.75, 0.75], "rotation": 270, "texture": "#0"},
				"down": {"uv": [1.25, 0.25, 1.75, 0.75], "rotation": 90, "texture": "#0"}
			}
		},
		{
			"name": "voxel",
			"from": [6.53333, 3.73333, 13.46667],
			"to": [6.8, 4, 14],
			"rotation": {"angle": 0, "axis": "y", "origin": [8, 5, 12]},
			"faces": {
				"north": {"uv": [0.25, 0.25, 0.75, 0.75], "texture": "#0"},
				"east": {"uv": [0.25, 0.25, 0.75, 0.75], "texture": "#0"},
				"south": {"uv": [0.25, 0.25, 0.75, 0.75], "texture": "#0"},
				"west": {"uv": [0.25, 0.25, 0.75, 0.75], "texture": "#0"},
				"up": {"uv": [0.25, 0.25, 0.75, 0.75], "rotation": 270, "texture": "#0"},
				"down": {"uv": [0.25, 0.25, 0.75, 0.75], "rotation": 90, "texture": "#0"}
			}
		},
		{
			"name": "voxel",
			"from": [6.26667, 3.73333, 11.06667],
			"to": [9.2, 4, 11.33333],
			"rotation": {"angle": 0, "axis": "y", "origin": [8, 5, 12]},
			"faces": {
				"north": {"uv": [0.25, 0.25, 0.75, 0.75], "texture": "#0"},
				"east": {"uv": [0.25, 0.25, 0.75, 0.75], "texture": "#0"},
				"south": {"uv": [0.25, 0.25, 0.75, 0.75], "texture": "#0"},
				"west": {"uv": [0.25, 0.25, 0.75, 0.75], "texture": "#0"},
				"up": {"uv": [0.25, 0.25, 0.75, 0.75], "rotation": 270, "texture": "#0"},
				"down": {"uv": [0.25, 0.25, 0.75, 0.75], "rotation": 90, "texture": "#0"}
			}
		},
		{
			"name": "voxel",
			"from": [6.26667, 3.73333, 11.33333],
			"to": [6.53333, 4, 12.93333],
			"rotation": {"angle": 0, "axis": "y", "origin": [8, 5, 12]},
			"faces": {
				"north": {"uv": [1.25, 0.25, 1.75, 0.75], "texture": "#0"},
				"east": {"uv": [1.25, 0.25, 1.75, 0.75], "texture": "#0"},
				"south": {"uv": [1.25, 0.25, 1.75, 0.75], "texture": "#0"},
				"west": {"uv": [1.25, 0.25, 1.75, 0.75], "texture": "#0"},
				"up": {"uv": [1.25, 0.25, 1.75, 0.75], "rotation": 270, "texture": "#0"},
				"down": {"uv": [1.25, 0.25, 1.75, 0.75], "rotation": 90, "texture": "#0"}
			}
		},
		{
			"name": "voxel",
			"from": [6.26667, 3.73333, 12.93333],
			"to": [6.53333, 4, 13.46667],
			"rotation": {"angle": 0, "axis": "y", "origin": [8, 5, 12]},
			"faces": {
				"north": {"uv": [0.25, 0.25, 0.75, 0.75], "texture": "#0"},
				"east": {"uv": [0.25, 0.25, 0.75, 0.75], "texture": "#0"},
				"south": {"uv": [0.25, 0.25, 0.75, 0.75], "texture": "#0"},
				"west": {"uv": [0.25, 0.25, 0.75, 0.75], "texture": "#0"},
				"up": {"uv": [0.25, 0.25, 0.75, 0.75], "rotation": 270, "texture": "#0"},
				"down": {"uv": [0.25, 0.25, 0.75, 0.75], "rotation": 90, "texture": "#0"}
			}
		},
		{
			"name": "voxel",
			"from": [6, 3.73333, 11.06667],
			"to": [6.26667, 4, 12.93333],
			"rotation": {"angle": 0, "axis": "y", "origin": [8, 5, 12]},
			"faces": {
				"north": {"uv": [0.25, 0.25, 0.75, 0.75], "texture": "#0"},
				"east": {"uv": [0.25, 0.25, 0.75, 0.75], "texture": "#0"},
				"south": {"uv": [0.25, 0.25, 0.75, 0.75], "texture": "#0"},
				"west": {"uv": [0.25, 0.25, 0.75, 0.75], "texture": "#0"},
				"up": {"uv": [0.25, 0.25, 0.75, 0.75], "rotation": 270, "texture": "#0"},
				"down": {"uv": [0.25, 0.25, 0.75, 0.75], "rotation": 90, "texture": "#0"}
			}
		}
	],
	"display": {
		"thirdperson_righthand": {
			"rotation": [0, 0, -124.5],
			"translation": [0.5, -1.75, -3.75],
			"scale": [1, 1, 1]
		},
		"thirdperson_lefthand": {
			"rotation": [0, 0, -124.5],
			"translation": [0.5, -1.75, -3.75],
			"scale": [1, 1, 1]
		},
		"firstperson_righthand": {
			"rotation": [20.75, 0, 0],
			"translation": [-1, 7.25, 0.25]
		},
		"firstperson_lefthand": {
			"rotation": [20.75, 0, 0],
			"translation": [-1, 7.25, 0.25]
		},
		"ground": {
			"translation": [1, 4, -5.5],
			"scale": [1.25, 1.25, 1.25]
		},
		"gui": {
			"rotation": [-31, -142.25, 0],
			"translation": [6, 11.75, 0],
			"scale": [2.5, 2.5, 2.5]
		},
		"fixed": {
			"rotation": [0, 90, 0],
			"translation": [-8.75, 6.25, -1.25],
			"scale": [2, 2, 2]
		}
	},
	"groups": [
		{
			"name": "voxel_file",
			"origin": [8, 8, 8],
			"color": 0,
			"children": [0, 1, 2, 3, 4, 5, 6, 7, 8, 9, 10, 11, 12, 13, 14, 15, 16, 17, 18, 19, 20, 21, 22, 23, 24, 25, 26, 27, 28, 29, 30, 31, 32, 33, 34, 35, 36, 37, 38, 39, 40, 41, 42, 43, 44, 45, 46, 47, 48, 49, 50, 51, 52, 53, 54, 55, 56, 57, 58, 59, 60, 61, 62, 63, 64, 65, 66, 67, 68, 69, 70, 71, 72, 73, 74, 75, 76, 77, 78, 79, 80, 81, 82, 83, 84, 85, 86, 87, 88, 89, 90, 91, 92, 93, 94, 95, 96, 97, 98, 99, 100, 101, 102, 103, 104, 105, 106, 107, 108, 109, 110, 111, 112, 113, 114, 115, 116, 117, 118, 119, 120, 121, 122, 123, 124, 125, 126]
		}
	]
}