{ 
    "custom.kali_shot": { "category": "master", "sounds": [ "custom/kali" ]},
    "custom.kali_shot_front": { "category": "master", "sounds": [ "custom/kali_front" ]},
    "custom.kali_shot_back": { "category": "master", "sounds": [ "custom/kali_back" ]},
    "custom.kali_shot_left": { "category": "master", "sounds": [ "custom/kali_left" ]},
    "custom.kali_shot_right": { "category": "master", "sounds": [ "custom/kali_right" ]},
    "custom.no_bullet": { "category": "master", "sounds": [ "custom/no_bullet" ]},
    "custom.reloading_sound": { "category": "master", "sounds": [ "custom/reloading_sound" ]},
    "custom.reloading_start": { "category": "master", "sounds": [ "custom/reloading_start" ]},
    "custom.reloading_over": { "category": "master", "sounds": [ "custom/reloading_over" ]},
    "custom.reloading_success": { "category": "master", "sounds": [ "custom/reloading_success" ]}
}