{
	"parent": "item/generated",
	"textures": {
		"layer0": "item/gunpowder"
	},
	
	"overrides": [
		{"predicate": {"custom_model_data":1}, "model": "item/Explode"},
		{"predicate": {"custom_model_data":2}, "model": "item/Medium Explode"},
		{"predicate": {"custom_model_data":3}, "model": "item/Large Explode"},
		{"predicate": {"custom_model_data":4}, "model": "item/Huge Explode"},
		{"predicate": {"custom_model_data":5}, "model": "item/Huge Explode(Slime)"},
		{"predicate": {"custom_model_data":6}, "model": "item/Huge Explode(Fire)"}
	]                                                    
}                                                        
                                                         