{
	"parent": "item/generated",
	"textures": {
		"layer0": "item/milk_potion"
	},
	
	"overrides": [
		{"predicate": {"custom_model_data":0}, "model": "item/milk_bucket2"},
		{"predicate": {"custom_model_data":1}, "model": "item/iron_potion"},
		{"predicate": {"custom_model_data":2}, "model": "item/diamond_potion"},
		{"predicate": {"custom_model_data":3}, "model": "item/zombie_potion"},
		{"predicate": {"custom_model_data":4}, "model": "item/skeleton_potion"},
		{"predicate": {"custom_model_data":5}, "model": "item/spider_potion"},
		{"predicate": {"custom_model_data":6}, "model": "item/creeper_potion"},
		{"predicate": {"custom_model_data":7}, "model": "item/bat_potion"},
		{"predicate": {"custom_model_data":8}, "model": "item/iron_golem_potion"},
		{"predicate": {"custom_model_data":9}, "model": "item/blaze_potion"},
		{"predicate": {"custom_model_data":10}, "model": "item/cow_potion"}
	]                                                    
}                                                        
                                                         