{
	"credit": "Made with Blockbench",
	"textures": {
		"1": "block/compensator",
		"particle": "block/compensator"
	},
	"elements": [
		{
			"name": "voxel",
			"from": [7.38333, 2.2, 8.38333],
			"to": [7.51667, 2.33333, 8.51667],
			"faces": {
				"north": {"uv": [2.25, 0.25, 2.75, 0.75], "rotation": 90, "texture": "#1"},
				"east": {"uv": [2.25, 0.25, 2.75, 0.75], "rotation": 270, "texture": "#1"},
				"south": {"uv": [2.25, 0.25, 2.75, 0.75], "rotation": 270, "texture": "#1"},
				"west": {"uv": [2.25, 0.25, 2.75, 0.75], "rotation": 270, "texture": "#1"},
				"up": {"uv": [2.25, 0.25, 2.75, 0.75], "rotation": 270, "texture": "#1"},
				"down": {"uv": [2.25, 0.25, 2.75, 0.75], "rotation": 270, "texture": "#1"}
			}
		},
		{
			"name": "voxel",
			"from": [7.38333, 2.06667, 8.25],
			"to": [7.51667, 2.33333, 8.38333],
			"faces": {
				"north": {"uv": [2.25, 0.25, 2.75, 0.75], "rotation": 90, "texture": "#1"},
				"east": {"uv": [2.25, 0.25, 2.75, 0.75], "rotation": 270, "texture": "#1"},
				"south": {"uv": [2.25, 0.25, 2.75, 0.75], "rotation": 270, "texture": "#1"},
				"west": {"uv": [2.25, 0.25, 2.75, 0.75], "rotation": 270, "texture": "#1"},
				"up": {"uv": [2.25, 0.25, 2.75, 0.75], "rotation": 270, "texture": "#1"},
				"down": {"uv": [2.25, 0.25, 2.75, 0.75], "rotation": 270, "texture": "#1"}
			}
		},
		{
			"name": "voxel",
			"from": [7.38333, 1.53333, 8.25],
			"to": [7.51667, 1.66667, 8.51667],
			"faces": {
				"north": {"uv": [2.25, 0.25, 2.75, 0.75], "rotation": 90, "texture": "#1"},
				"east": {"uv": [2.25, 0.25, 2.75, 0.75], "rotation": 270, "texture": "#1"},
				"south": {"uv": [2.25, 0.25, 2.75, 0.75], "rotation": 270, "texture": "#1"},
				"west": {"uv": [2.25, 0.25, 2.75, 0.75], "rotation": 270, "texture": "#1"},
				"up": {"uv": [2.25, 0.25, 2.75, 0.75], "rotation": 270, "texture": "#1"},
				"down": {"uv": [2.25, 0.25, 2.75, 0.75], "rotation": 270, "texture": "#1"}
			}
		},
		{
			"name": "voxel",
			"from": [7.38333, 1.26667, 7.98333],
			"to": [7.51667, 1.4, 8.51667],
			"faces": {
				"north": {"uv": [2.25, 0.25, 2.75, 0.75], "rotation": 90, "texture": "#1"},
				"east": {"uv": [2.25, 0.25, 2.75, 0.75], "rotation": 270, "texture": "#1"},
				"south": {"uv": [2.25, 0.25, 2.75, 0.75], "rotation": 270, "texture": "#1"},
				"west": {"uv": [2.25, 0.25, 2.75, 0.75], "rotation": 270, "texture": "#1"},
				"up": {"uv": [2.25, 0.25, 2.75, 0.75], "rotation": 270, "texture": "#1"},
				"down": {"uv": [2.25, 0.25, 2.75, 0.75], "rotation": 270, "texture": "#1"}
			}
		},
		{
			"name": "voxel",
			"from": [7.38333, 2.86667, 7.85],
			"to": [7.51667, 3, 7.98333],
			"faces": {
				"north": {"uv": [2.25, 0.25, 2.75, 0.75], "rotation": 90, "texture": "#1"},
				"east": {"uv": [2.25, 0.25, 2.75, 0.75], "rotation": 270, "texture": "#1"},
				"south": {"uv": [2.25, 0.25, 2.75, 0.75], "rotation": 270, "texture": "#1"},
				"west": {"uv": [2.25, 0.25, 2.75, 0.75], "rotation": 270, "texture": "#1"},
				"up": {"uv": [2.25, 0.25, 2.75, 0.75], "rotation": 270, "texture": "#1"},
				"down": {"uv": [2.25, 0.25, 2.75, 0.75], "rotation": 270, "texture": "#1"}
			}
		},
		{
			"name": "voxel",
			"from": [7.38333, 2.46667, 7.85],
			"to": [7.51667, 2.6, 7.98333],
			"faces": {
				"north": {"uv": [2.25, 0.25, 2.75, 0.75], "rotation": 90, "texture": "#1"},
				"east": {"uv": [2.25, 0.25, 2.75, 0.75], "rotation": 270, "texture": "#1"},
				"south": {"uv": [2.25, 0.25, 2.75, 0.75], "rotation": 270, "texture": "#1"},
				"west": {"uv": [2.25, 0.25, 2.75, 0.75], "rotation": 270, "texture": "#1"},
				"up": {"uv": [2.25, 0.25, 2.75, 0.75], "rotation": 270, "texture": "#1"},
				"down": {"uv": [2.25, 0.25, 2.75, 0.75], "rotation": 270, "texture": "#1"}
			}
		},
		{
			"name": "voxel",
			"from": [7.38333, 2.06667, 7.85],
			"to": [7.51667, 2.2, 7.98333],
			"faces": {
				"north": {"uv": [2.25, 0.25, 2.75, 0.75], "rotation": 90, "texture": "#1"},
				"east": {"uv": [2.25, 0.25, 2.75, 0.75], "rotation": 270, "texture": "#1"},
				"south": {"uv": [2.25, 0.25, 2.75, 0.75], "rotation": 270, "texture": "#1"},
				"west": {"uv": [2.25, 0.25, 2.75, 0.75], "rotation": 270, "texture": "#1"},
				"up": {"uv": [2.25, 0.25, 2.75, 0.75], "rotation": 270, "texture": "#1"},
				"down": {"uv": [2.25, 0.25, 2.75, 0.75], "rotation": 270, "texture": "#1"}
			}
		},
		{
			"name": "voxel",
			"from": [7.38333, 3, 7.71667],
			"to": [7.51667, 3.13333, 7.98333],
			"faces": {
				"north": {"uv": [2.25, 0.25, 2.75, 0.75], "rotation": 90, "texture": "#1"},
				"east": {"uv": [2.25, 0.25, 2.75, 0.75], "rotation": 270, "texture": "#1"},
				"south": {"uv": [2.25, 0.25, 2.75, 0.75], "rotation": 270, "texture": "#1"},
				"west": {"uv": [2.25, 0.25, 2.75, 0.75], "rotation": 270, "texture": "#1"},
				"up": {"uv": [2.25, 0.25, 2.75, 0.75], "rotation": 270, "texture": "#1"},
				"down": {"uv": [2.25, 0.25, 2.75, 0.75], "rotation": 270, "texture": "#1"}
			}
		},
		{
			"name": "voxel",
			"from": [7.38333, 2.2, 7.71667],
			"to": [7.51667, 2.46667, 8.25],
			"faces": {
				"north": {"uv": [2.25, 0.25, 2.75, 0.75], "rotation": 90, "texture": "#1"},
				"east": {"uv": [2.25, 0.25, 2.75, 0.75], "rotation": 270, "texture": "#1"},
				"south": {"uv": [2.25, 0.25, 2.75, 0.75], "rotation": 270, "texture": "#1"},
				"west": {"uv": [2.25, 0.25, 2.75, 0.75], "rotation": 270, "texture": "#1"},
				"up": {"uv": [2.25, 0.25, 2.75, 0.75], "rotation": 270, "texture": "#1"},
				"down": {"uv": [2.25, 0.25, 2.75, 0.75], "rotation": 270, "texture": "#1"}
			}
		},
		{
			"name": "voxel",
			"from": [7.38333, 1.53333, 7.71667],
			"to": [7.51667, 1.66667, 8.25],
			"faces": {
				"north": {"uv": [1.25, 0.25, 1.75, 0.75], "rotation": 90, "texture": "#1"},
				"east": {"uv": [1.25, 0.25, 1.75, 0.75], "rotation": 270, "texture": "#1"},
				"south": {"uv": [1.25, 0.25, 1.75, 0.75], "rotation": 270, "texture": "#1"},
				"west": {"uv": [1.25, 0.25, 1.75, 0.75], "rotation": 270, "texture": "#1"},
				"up": {"uv": [1.25, 0.25, 1.75, 0.75], "rotation": 270, "texture": "#1"},
				"down": {"uv": [1.25, 0.25, 1.75, 0.75], "rotation": 270, "texture": "#1"}
			}
		},
		{
			"name": "voxel",
			"from": [7.38333, 1.26667, 7.71667],
			"to": [7.51667, 1.4, 7.98333],
			"faces": {
				"north": {"uv": [1.25, 0.25, 1.75, 0.75], "rotation": 90, "texture": "#1"},
				"east": {"uv": [1.25, 0.25, 1.75, 0.75], "rotation": 270, "texture": "#1"},
				"south": {"uv": [1.25, 0.25, 1.75, 0.75], "rotation": 270, "texture": "#1"},
				"west": {"uv": [1.25, 0.25, 1.75, 0.75], "rotation": 270, "texture": "#1"},
				"up": {"uv": [1.25, 0.25, 1.75, 0.75], "rotation": 270, "texture": "#1"},
				"down": {"uv": [1.25, 0.25, 1.75, 0.75], "rotation": 270, "texture": "#1"}
			}
		},
		{
			"name": "voxel",
			"from": [7.38333, 2.06667, 8.51667],
			"to": [7.65, 3.4, 8.78333],
			"faces": {
				"north": {"uv": [0.25, 0.25, 0.75, 0.75], "rotation": 90, "texture": "#1"},
				"east": {"uv": [0.25, 0.25, 0.75, 0.75], "rotation": 270, "texture": "#1"},
				"south": {"uv": [0.25, 0.25, 0.75, 0.75], "rotation": 270, "texture": "#1"},
				"west": {"uv": [0.25, 0.25, 0.75, 0.75], "rotation": 270, "texture": "#1"},
				"up": {"uv": [0.25, 0.25, 0.75, 0.75], "rotation": 270, "texture": "#1"},
				"down": {"uv": [0.25, 0.25, 0.75, 0.75], "rotation": 270, "texture": "#1"}
			}
		},
		{
			"name": "voxel",
			"from": [7.38333, 1.26667, 8.51667],
			"to": [7.65, 1.8, 8.78333],
			"faces": {
				"north": {"uv": [0.25, 0.25, 0.75, 0.75], "rotation": 90, "texture": "#1"},
				"east": {"uv": [0.25, 0.25, 0.75, 0.75], "rotation": 270, "texture": "#1"},
				"south": {"uv": [0.25, 0.25, 0.75, 0.75], "rotation": 270, "texture": "#1"},
				"west": {"uv": [0.25, 0.25, 0.75, 0.75], "rotation": 270, "texture": "#1"},
				"up": {"uv": [0.25, 0.25, 0.75, 0.75], "rotation": 270, "texture": "#1"},
				"down": {"uv": [0.25, 0.25, 0.75, 0.75], "rotation": 270, "texture": "#1"}
			}
		},
		{
			"name": "voxel",
			"from": [7.51667, 3.26667, 8.38333],
			"to": [7.65, 3.4, 8.51667],
			"faces": {
				"north": {"uv": [2.25, 0.25, 2.75, 0.75], "rotation": 90, "texture": "#1"},
				"east": {"uv": [2.25, 0.25, 2.75, 0.75], "rotation": 270, "texture": "#1"},
				"south": {"uv": [2.25, 0.25, 2.75, 0.75], "rotation": 270, "texture": "#1"},
				"west": {"uv": [2.25, 0.25, 2.75, 0.75], "rotation": 270, "texture": "#1"},
				"up": {"uv": [2.25, 0.25, 2.75, 0.75], "rotation": 270, "texture": "#1"},
				"down": {"uv": [2.25, 0.25, 2.75, 0.75], "rotation": 270, "texture": "#1"}
			}
		},
		{
			"name": "voxel",
			"from": [7.51667, 2.86667, 8.38333],
			"to": [7.65, 3, 8.51667],
			"faces": {
				"north": {"uv": [2.25, 0.25, 2.75, 0.75], "rotation": 90, "texture": "#1"},
				"east": {"uv": [2.25, 0.25, 2.75, 0.75], "rotation": 270, "texture": "#1"},
				"south": {"uv": [2.25, 0.25, 2.75, 0.75], "rotation": 270, "texture": "#1"},
				"west": {"uv": [2.25, 0.25, 2.75, 0.75], "rotation": 270, "texture": "#1"},
				"up": {"uv": [2.25, 0.25, 2.75, 0.75], "rotation": 270, "texture": "#1"},
				"down": {"uv": [2.25, 0.25, 2.75, 0.75], "rotation": 270, "texture": "#1"}
			}
		},
		{
			"name": "voxel",
			"from": [7.51667, 2.46667, 8.38333],
			"to": [7.65, 2.6, 8.51667],
			"faces": {
				"north": {"uv": [2.25, 0.25, 2.75, 0.75], "rotation": 90, "texture": "#1"},
				"east": {"uv": [2.25, 0.25, 2.75, 0.75], "rotation": 270, "texture": "#1"},
				"south": {"uv": [2.25, 0.25, 2.75, 0.75], "rotation": 270, "texture": "#1"},
				"west": {"uv": [2.25, 0.25, 2.75, 0.75], "rotation": 270, "texture": "#1"},
				"up": {"uv": [2.25, 0.25, 2.75, 0.75], "rotation": 270, "texture": "#1"},
				"down": {"uv": [2.25, 0.25, 2.75, 0.75], "rotation": 270, "texture": "#1"}
			}
		},
		{
			"name": "voxel",
			"from": [7.38333, 2.33333, 8.38333],
			"to": [7.65, 2.46667, 8.51667],
			"faces": {
				"north": {"uv": [1.25, 0.25, 1.75, 0.75], "rotation": 90, "texture": "#1"},
				"east": {"uv": [1.25, 0.25, 1.75, 0.75], "rotation": 270, "texture": "#1"},
				"south": {"uv": [1.25, 0.25, 1.75, 0.75], "rotation": 270, "texture": "#1"},
				"west": {"uv": [1.25, 0.25, 1.75, 0.75], "rotation": 270, "texture": "#1"},
				"up": {"uv": [1.25, 0.25, 1.75, 0.75], "rotation": 270, "texture": "#1"},
				"down": {"uv": [1.25, 0.25, 1.75, 0.75], "rotation": 270, "texture": "#1"}
			}
		},
		{
			"name": "voxel",
			"from": [7.38333, 3.26667, 8.25],
			"to": [7.65, 3.4, 8.38333],
			"faces": {
				"north": {"uv": [1.25, 0.25, 1.75, 0.75], "rotation": 90, "texture": "#1"},
				"east": {"uv": [1.25, 0.25, 1.75, 0.75], "rotation": 270, "texture": "#1"},
				"south": {"uv": [1.25, 0.25, 1.75, 0.75], "rotation": 270, "texture": "#1"},
				"west": {"uv": [1.25, 0.25, 1.75, 0.75], "rotation": 270, "texture": "#1"},
				"up": {"uv": [1.25, 0.25, 1.75, 0.75], "rotation": 270, "texture": "#1"},
				"down": {"uv": [1.25, 0.25, 1.75, 0.75], "rotation": 270, "texture": "#1"}
			}
		},
		{
			"name": "voxel",
			"from": [7.38333, 2.86667, 8.25],
			"to": [7.65, 3, 8.38333],
			"faces": {
				"north": {"uv": [1.25, 0.25, 1.75, 0.75], "rotation": 90, "texture": "#1"},
				"east": {"uv": [1.25, 0.25, 1.75, 0.75], "rotation": 270, "texture": "#1"},
				"south": {"uv": [1.25, 0.25, 1.75, 0.75], "rotation": 270, "texture": "#1"},
				"west": {"uv": [1.25, 0.25, 1.75, 0.75], "rotation": 270, "texture": "#1"},
				"up": {"uv": [1.25, 0.25, 1.75, 0.75], "rotation": 270, "texture": "#1"},
				"down": {"uv": [1.25, 0.25, 1.75, 0.75], "rotation": 270, "texture": "#1"}
			}
		},
		{
			"name": "voxel",
			"from": [7.38333, 2.33333, 8.25],
			"to": [7.65, 2.6, 8.38333],
			"faces": {
				"north": {"uv": [1.25, 0.25, 1.75, 0.75], "rotation": 90, "texture": "#1"},
				"east": {"uv": [1.25, 0.25, 1.75, 0.75], "rotation": 270, "texture": "#1"},
				"south": {"uv": [1.25, 0.25, 1.75, 0.75], "rotation": 270, "texture": "#1"},
				"west": {"uv": [1.25, 0.25, 1.75, 0.75], "rotation": 270, "texture": "#1"},
				"up": {"uv": [1.25, 0.25, 1.75, 0.75], "rotation": 270, "texture": "#1"},
				"down": {"uv": [1.25, 0.25, 1.75, 0.75], "rotation": 270, "texture": "#1"}
			}
		},
		{
			"name": "voxel",
			"from": [7.51667, 2.06667, 8.25],
			"to": [7.65, 2.33333, 8.51667],
			"faces": {
				"north": {"uv": [2.25, 0.25, 2.75, 0.75], "rotation": 90, "texture": "#1"},
				"east": {"uv": [2.25, 0.25, 2.75, 0.75], "rotation": 270, "texture": "#1"},
				"south": {"uv": [2.25, 0.25, 2.75, 0.75], "rotation": 270, "texture": "#1"},
				"west": {"uv": [2.25, 0.25, 2.75, 0.75], "rotation": 270, "texture": "#1"},
				"up": {"uv": [2.25, 0.25, 2.75, 0.75], "rotation": 270, "texture": "#1"},
				"down": {"uv": [2.25, 0.25, 2.75, 0.75], "rotation": 270, "texture": "#1"}
			}
		},
		{
			"name": "voxel",
			"from": [7.51667, 1.53333, 8.25],
			"to": [7.65, 1.8, 8.51667],
			"faces": {
				"north": {"uv": [2.25, 0.25, 2.75, 0.75], "rotation": 90, "texture": "#1"},
				"east": {"uv": [2.25, 0.25, 2.75, 0.75], "rotation": 270, "texture": "#1"},
				"south": {"uv": [2.25, 0.25, 2.75, 0.75], "rotation": 270, "texture": "#1"},
				"west": {"uv": [2.25, 0.25, 2.75, 0.75], "rotation": 270, "texture": "#1"},
				"up": {"uv": [2.25, 0.25, 2.75, 0.75], "rotation": 270, "texture": "#1"},
				"down": {"uv": [2.25, 0.25, 2.75, 0.75], "rotation": 270, "texture": "#1"}
			}
		},
		{
			"name": "voxel",
			"from": [7.51667, 3.26667, 7.98333],
			"to": [7.65, 3.4, 8.25],
			"faces": {
				"north": {"uv": [2.25, 0.25, 2.75, 0.75], "rotation": 90, "texture": "#1"},
				"east": {"uv": [2.25, 0.25, 2.75, 0.75], "rotation": 270, "texture": "#1"},
				"south": {"uv": [2.25, 0.25, 2.75, 0.75], "rotation": 270, "texture": "#1"},
				"west": {"uv": [2.25, 0.25, 2.75, 0.75], "rotation": 270, "texture": "#1"},
				"up": {"uv": [2.25, 0.25, 2.75, 0.75], "rotation": 270, "texture": "#1"},
				"down": {"uv": [2.25, 0.25, 2.75, 0.75], "rotation": 270, "texture": "#1"}
			}
		},
		{
			"name": "voxel",
			"from": [7.38333, 3, 7.98333],
			"to": [7.65, 3.13333, 8.51667],
			"faces": {
				"north": {"uv": [1.25, 0.25, 1.75, 0.75], "rotation": 90, "texture": "#1"},
				"east": {"uv": [1.25, 0.25, 1.75, 0.75], "rotation": 270, "texture": "#1"},
				"south": {"uv": [1.25, 0.25, 1.75, 0.75], "rotation": 270, "texture": "#1"},
				"west": {"uv": [1.25, 0.25, 1.75, 0.75], "rotation": 270, "texture": "#1"},
				"up": {"uv": [1.25, 0.25, 1.75, 0.75], "rotation": 270, "texture": "#1"},
				"down": {"uv": [1.25, 0.25, 1.75, 0.75], "rotation": 270, "texture": "#1"}
			}
		},
		{
			"name": "voxel",
			"from": [7.51667, 2.86667, 7.98333],
			"to": [7.65, 3, 8.25],
			"faces": {
				"north": {"uv": [2.25, 0.25, 2.75, 0.75], "rotation": 90, "texture": "#1"},
				"east": {"uv": [2.25, 0.25, 2.75, 0.75], "rotation": 270, "texture": "#1"},
				"south": {"uv": [2.25, 0.25, 2.75, 0.75], "rotation": 270, "texture": "#1"},
				"west": {"uv": [2.25, 0.25, 2.75, 0.75], "rotation": 270, "texture": "#1"},
				"up": {"uv": [2.25, 0.25, 2.75, 0.75], "rotation": 270, "texture": "#1"},
				"down": {"uv": [2.25, 0.25, 2.75, 0.75], "rotation": 270, "texture": "#1"}
			}
		},
		{
			"name": "voxel",
			"from": [7.38333, 2.6, 7.98333],
			"to": [7.65, 2.86667, 8.51667],
			"faces": {
				"north": {"uv": [1.25, 0.25, 1.75, 0.75], "rotation": 90, "texture": "#1"},
				"east": {"uv": [1.25, 0.25, 1.75, 0.75], "rotation": 270, "texture": "#1"},
				"south": {"uv": [1.25, 0.25, 1.75, 0.75], "rotation": 270, "texture": "#1"},
				"west": {"uv": [1.25, 0.25, 1.75, 0.75], "rotation": 270, "texture": "#1"},
				"up": {"uv": [1.25, 0.25, 1.75, 0.75], "rotation": 270, "texture": "#1"},
				"down": {"uv": [1.25, 0.25, 1.75, 0.75], "rotation": 270, "texture": "#1"}
			}
		},
		{
			"name": "voxel",
			"from": [7.51667, 1.53333, 7.98333],
			"to": [7.65, 1.8, 8.25],
			"faces": {
				"north": {"uv": [1.25, 0.25, 1.75, 0.75], "rotation": 90, "texture": "#1"},
				"east": {"uv": [1.25, 0.25, 1.75, 0.75], "rotation": 270, "texture": "#1"},
				"south": {"uv": [1.25, 0.25, 1.75, 0.75], "rotation": 270, "texture": "#1"},
				"west": {"uv": [1.25, 0.25, 1.75, 0.75], "rotation": 270, "texture": "#1"},
				"up": {"uv": [1.25, 0.25, 1.75, 0.75], "rotation": 270, "texture": "#1"},
				"down": {"uv": [1.25, 0.25, 1.75, 0.75], "rotation": 270, "texture": "#1"}
			}
		},
		{
			"name": "voxel",
			"from": [7.51667, 1.26667, 7.98333],
			"to": [7.65, 1.53333, 8.51667],
			"faces": {
				"north": {"uv": [2.25, 0.25, 2.75, 0.75], "rotation": 90, "texture": "#1"},
				"east": {"uv": [2.25, 0.25, 2.75, 0.75], "rotation": 270, "texture": "#1"},
				"south": {"uv": [2.25, 0.25, 2.75, 0.75], "rotation": 270, "texture": "#1"},
				"west": {"uv": [2.25, 0.25, 2.75, 0.75], "rotation": 270, "texture": "#1"},
				"up": {"uv": [2.25, 0.25, 2.75, 0.75], "rotation": 270, "texture": "#1"},
				"down": {"uv": [2.25, 0.25, 2.75, 0.75], "rotation": 270, "texture": "#1"}
			}
		},
		{
			"name": "voxel",
			"from": [7.38333, 3.26667, 7.85],
			"to": [7.65, 3.4, 7.98333],
			"faces": {
				"north": {"uv": [1.25, 0.25, 1.75, 0.75], "rotation": 90, "texture": "#1"},
				"east": {"uv": [1.25, 0.25, 1.75, 0.75], "rotation": 270, "texture": "#1"},
				"south": {"uv": [1.25, 0.25, 1.75, 0.75], "rotation": 270, "texture": "#1"},
				"west": {"uv": [1.25, 0.25, 1.75, 0.75], "rotation": 270, "texture": "#1"},
				"up": {"uv": [1.25, 0.25, 1.75, 0.75], "rotation": 270, "texture": "#1"},
				"down": {"uv": [1.25, 0.25, 1.75, 0.75], "rotation": 270, "texture": "#1"}
			}
		},
		{
			"name": "voxel",
			"from": [7.38333, 3.4, 7.71667],
			"to": [7.65, 3.66667, 8.51667],
			"faces": {
				"north": {"uv": [0.25, 0.25, 0.75, 0.75], "rotation": 90, "texture": "#1"},
				"east": {"uv": [0.25, 0.25, 0.75, 0.75], "rotation": 270, "texture": "#1"},
				"south": {"uv": [0.25, 0.25, 0.75, 0.75], "rotation": 270, "texture": "#1"},
				"west": {"uv": [0.25, 0.25, 0.75, 0.75], "rotation": 270, "texture": "#1"},
				"up": {"uv": [0.25, 0.25, 0.75, 0.75], "rotation": 270, "texture": "#1"},
				"down": {"uv": [0.25, 0.25, 0.75, 0.75], "rotation": 270, "texture": "#1"}
			}
		},
		{
			"name": "voxel",
			"from": [7.51667, 3.26667, 7.71667],
			"to": [7.65, 3.4, 7.85],
			"faces": {
				"north": {"uv": [2.25, 0.25, 2.75, 0.75], "rotation": 90, "texture": "#1"},
				"east": {"uv": [2.25, 0.25, 2.75, 0.75], "rotation": 270, "texture": "#1"},
				"south": {"uv": [2.25, 0.25, 2.75, 0.75], "rotation": 270, "texture": "#1"},
				"west": {"uv": [2.25, 0.25, 2.75, 0.75], "rotation": 270, "texture": "#1"},
				"up": {"uv": [2.25, 0.25, 2.75, 0.75], "rotation": 270, "texture": "#1"},
				"down": {"uv": [2.25, 0.25, 2.75, 0.75], "rotation": 270, "texture": "#1"}
			}
		},
		{
			"name": "voxel",
			"from": [7.38333, 3.13333, 7.71667],
			"to": [7.65, 3.26667, 8.51667],
			"faces": {
				"north": {"uv": [1.25, 0.25, 1.75, 0.75], "rotation": 90, "texture": "#1"},
				"east": {"uv": [1.25, 0.25, 1.75, 0.75], "rotation": 270, "texture": "#1"},
				"south": {"uv": [1.25, 0.25, 1.75, 0.75], "rotation": 270, "texture": "#1"},
				"west": {"uv": [1.25, 0.25, 1.75, 0.75], "rotation": 270, "texture": "#1"},
				"up": {"uv": [1.25, 0.25, 1.75, 0.75], "rotation": 270, "texture": "#1"},
				"down": {"uv": [1.25, 0.25, 1.75, 0.75], "rotation": 270, "texture": "#1"}
			}
		},
		{
			"name": "voxel",
			"from": [7.51667, 2.86667, 7.71667],
			"to": [7.65, 3.13333, 7.98333],
			"faces": {
				"north": {"uv": [2.25, 0.25, 2.75, 0.75], "rotation": 90, "texture": "#1"},
				"east": {"uv": [2.25, 0.25, 2.75, 0.75], "rotation": 270, "texture": "#1"},
				"south": {"uv": [2.25, 0.25, 2.75, 0.75], "rotation": 270, "texture": "#1"},
				"west": {"uv": [2.25, 0.25, 2.75, 0.75], "rotation": 270, "texture": "#1"},
				"up": {"uv": [2.25, 0.25, 2.75, 0.75], "rotation": 270, "texture": "#1"},
				"down": {"uv": [2.25, 0.25, 2.75, 0.75], "rotation": 270, "texture": "#1"}
			}
		},
		{
			"name": "voxel",
			"from": [7.38333, 2.6, 7.71667],
			"to": [7.65, 2.86667, 7.98333],
			"faces": {
				"north": {"uv": [2.25, 0.25, 2.75, 0.75], "rotation": 90, "texture": "#1"},
				"east": {"uv": [2.25, 0.25, 2.75, 0.75], "rotation": 270, "texture": "#1"},
				"south": {"uv": [2.25, 0.25, 2.75, 0.75], "rotation": 270, "texture": "#1"},
				"west": {"uv": [2.25, 0.25, 2.75, 0.75], "rotation": 270, "texture": "#1"},
				"up": {"uv": [2.25, 0.25, 2.75, 0.75], "rotation": 270, "texture": "#1"},
				"down": {"uv": [2.25, 0.25, 2.75, 0.75], "rotation": 270, "texture": "#1"}
			}
		},
		{
			"name": "voxel",
			"from": [7.51667, 2.06667, 7.71667],
			"to": [7.65, 2.6, 8.25],
			"faces": {
				"north": {"uv": [2.25, 0.25, 2.75, 0.75], "rotation": 90, "texture": "#1"},
				"east": {"uv": [2.25, 0.25, 2.75, 0.75], "rotation": 270, "texture": "#1"},
				"south": {"uv": [2.25, 0.25, 2.75, 0.75], "rotation": 270, "texture": "#1"},
				"west": {"uv": [2.25, 0.25, 2.75, 0.75], "rotation": 270, "texture": "#1"},
				"up": {"uv": [2.25, 0.25, 2.75, 0.75], "rotation": 270, "texture": "#1"},
				"down": {"uv": [2.25, 0.25, 2.75, 0.75], "rotation": 270, "texture": "#1"}
			}
		},
		{
			"name": "voxel",
			"from": [7.38333, 1.8, 7.71667],
			"to": [7.65, 2.06667, 8.51667],
			"faces": {
				"north": {"uv": [0.25, 0.25, 0.75, 0.75], "rotation": 90, "texture": "#1"},
				"east": {"uv": [0.25, 0.25, 0.75, 0.75], "rotation": 270, "texture": "#1"},
				"south": {"uv": [0.25, 0.25, 0.75, 0.75], "rotation": 270, "texture": "#1"},
				"west": {"uv": [0.25, 0.25, 0.75, 0.75], "rotation": 270, "texture": "#1"},
				"up": {"uv": [0.25, 0.25, 0.75, 0.75], "rotation": 270, "texture": "#1"},
				"down": {"uv": [0.25, 0.25, 0.75, 0.75], "rotation": 270, "texture": "#1"}
			}
		},
		{
			"name": "voxel",
			"from": [7.51667, 1.26667, 7.71667],
			"to": [7.65, 1.8, 7.98333],
			"faces": {
				"north": {"uv": [1.25, 0.25, 1.75, 0.75], "rotation": 90, "texture": "#1"},
				"east": {"uv": [1.25, 0.25, 1.75, 0.75], "rotation": 270, "texture": "#1"},
				"south": {"uv": [1.25, 0.25, 1.75, 0.75], "rotation": 270, "texture": "#1"},
				"west": {"uv": [1.25, 0.25, 1.75, 0.75], "rotation": 270, "texture": "#1"},
				"up": {"uv": [1.25, 0.25, 1.75, 0.75], "rotation": 270, "texture": "#1"},
				"down": {"uv": [1.25, 0.25, 1.75, 0.75], "rotation": 270, "texture": "#1"}
			}
		},
		{
			"name": "voxel",
			"from": [7.38333, 1, 7.71667],
			"to": [7.65, 1.26667, 8.51667],
			"faces": {
				"north": {"uv": [0.25, 0.25, 0.75, 0.75], "rotation": 90, "texture": "#1"},
				"east": {"uv": [0.25, 0.25, 0.75, 0.75], "rotation": 270, "texture": "#1"},
				"south": {"uv": [0.25, 0.25, 0.75, 0.75], "rotation": 270, "texture": "#1"},
				"west": {"uv": [0.25, 0.25, 0.75, 0.75], "rotation": 270, "texture": "#1"},
				"up": {"uv": [0.25, 0.25, 0.75, 0.75], "rotation": 270, "texture": "#1"},
				"down": {"uv": [0.25, 0.25, 0.75, 0.75], "rotation": 270, "texture": "#1"}
			}
		},
		{
			"name": "voxel",
			"from": [7.38333, 2.06667, 7.45],
			"to": [7.65, 3.4, 7.71667],
			"faces": {
				"north": {"uv": [0.25, 0.25, 0.75, 0.75], "rotation": 90, "texture": "#1"},
				"east": {"uv": [0.25, 0.25, 0.75, 0.75], "rotation": 270, "texture": "#1"},
				"south": {"uv": [0.25, 0.25, 0.75, 0.75], "rotation": 270, "texture": "#1"},
				"west": {"uv": [0.25, 0.25, 0.75, 0.75], "rotation": 270, "texture": "#1"},
				"up": {"uv": [0.25, 0.25, 0.75, 0.75], "rotation": 270, "texture": "#1"},
				"down": {"uv": [0.25, 0.25, 0.75, 0.75], "rotation": 270, "texture": "#1"}
			}
		},
		{
			"name": "voxel",
			"from": [7.38333, 1.26667, 7.45],
			"to": [7.65, 1.8, 7.71667],
			"faces": {
				"north": {"uv": [0.25, 0.25, 0.75, 0.75], "rotation": 90, "texture": "#1"},
				"east": {"uv": [0.25, 0.25, 0.75, 0.75], "rotation": 270, "texture": "#1"},
				"south": {"uv": [0.25, 0.25, 0.75, 0.75], "rotation": 270, "texture": "#1"},
				"west": {"uv": [0.25, 0.25, 0.75, 0.75], "rotation": 270, "texture": "#1"},
				"up": {"uv": [0.25, 0.25, 0.75, 0.75], "rotation": 270, "texture": "#1"},
				"down": {"uv": [0.25, 0.25, 0.75, 0.75], "rotation": 270, "texture": "#1"}
			}
		},
		{
			"name": "voxel",
			"from": [7.65, 3.26667, 8.51667],
			"to": [7.78333, 3.4, 8.65],
			"faces": {
				"north": {"uv": [2.25, 0.25, 2.75, 0.75], "rotation": 90, "texture": "#1"},
				"east": {"uv": [2.25, 0.25, 2.75, 0.75], "rotation": 270, "texture": "#1"},
				"south": {"uv": [2.25, 0.25, 2.75, 0.75], "rotation": 270, "texture": "#1"},
				"west": {"uv": [2.25, 0.25, 2.75, 0.75], "rotation": 270, "texture": "#1"},
				"up": {"uv": [2.25, 0.25, 2.75, 0.75], "rotation": 270, "texture": "#1"},
				"down": {"uv": [2.25, 0.25, 2.75, 0.75], "rotation": 270, "texture": "#1"}
			}
		},
		{
			"name": "voxel",
			"from": [7.65, 3.13333, 8.51667],
			"to": [7.78333, 3.26667, 8.78333],
			"faces": {
				"north": {"uv": [1.25, 0.25, 1.75, 0.75], "rotation": 90, "texture": "#1"},
				"east": {"uv": [1.25, 0.25, 1.75, 0.75], "rotation": 270, "texture": "#1"},
				"south": {"uv": [1.25, 0.25, 1.75, 0.75], "rotation": 270, "texture": "#1"},
				"west": {"uv": [1.25, 0.25, 1.75, 0.75], "rotation": 270, "texture": "#1"},
				"up": {"uv": [1.25, 0.25, 1.75, 0.75], "rotation": 270, "texture": "#1"},
				"down": {"uv": [1.25, 0.25, 1.75, 0.75], "rotation": 270, "texture": "#1"}
			}
		},
		{
			"name": "voxel",
			"from": [7.65, 3.26667, 7.58333],
			"to": [7.78333, 3.4, 7.71667],
			"faces": {
				"north": {"uv": [2.25, 0.25, 2.75, 0.75], "rotation": 90, "texture": "#1"},
				"east": {"uv": [2.25, 0.25, 2.75, 0.75], "rotation": 270, "texture": "#1"},
				"south": {"uv": [2.25, 0.25, 2.75, 0.75], "rotation": 270, "texture": "#1"},
				"west": {"uv": [2.25, 0.25, 2.75, 0.75], "rotation": 270, "texture": "#1"},
				"up": {"uv": [2.25, 0.25, 2.75, 0.75], "rotation": 270, "texture": "#1"},
				"down": {"uv": [2.25, 0.25, 2.75, 0.75], "rotation": 270, "texture": "#1"}
			}
		},
		{
			"name": "voxel",
			"from": [7.65, 2.86667, 7.58333],
			"to": [7.78333, 3, 7.71667],
			"faces": {
				"north": {"uv": [2.25, 0.25, 2.75, 0.75], "rotation": 90, "texture": "#1"},
				"east": {"uv": [2.25, 0.25, 2.75, 0.75], "rotation": 270, "texture": "#1"},
				"south": {"uv": [2.25, 0.25, 2.75, 0.75], "rotation": 270, "texture": "#1"},
				"west": {"uv": [2.25, 0.25, 2.75, 0.75], "rotation": 270, "texture": "#1"},
				"up": {"uv": [2.25, 0.25, 2.75, 0.75], "rotation": 270, "texture": "#1"},
				"down": {"uv": [2.25, 0.25, 2.75, 0.75], "rotation": 270, "texture": "#1"}
			}
		},
		{
			"name": "voxel",
			"from": [7.65, 2.46667, 7.58333],
			"to": [7.78333, 2.6, 7.71667],
			"faces": {
				"north": {"uv": [2.25, 0.25, 2.75, 0.75], "rotation": 90, "texture": "#1"},
				"east": {"uv": [2.25, 0.25, 2.75, 0.75], "rotation": 270, "texture": "#1"},
				"south": {"uv": [2.25, 0.25, 2.75, 0.75], "rotation": 270, "texture": "#1"},
				"west": {"uv": [2.25, 0.25, 2.75, 0.75], "rotation": 270, "texture": "#1"},
				"up": {"uv": [2.25, 0.25, 2.75, 0.75], "rotation": 270, "texture": "#1"},
				"down": {"uv": [2.25, 0.25, 2.75, 0.75], "rotation": 270, "texture": "#1"}
			}
		},
		{
			"name": "voxel",
			"from": [7.65, 2.33333, 7.45],
			"to": [7.78333, 2.46667, 7.71667],
			"faces": {
				"north": {"uv": [1.25, 0.25, 1.75, 0.75], "rotation": 90, "texture": "#1"},
				"east": {"uv": [1.25, 0.25, 1.75, 0.75], "rotation": 270, "texture": "#1"},
				"south": {"uv": [1.25, 0.25, 1.75, 0.75], "rotation": 270, "texture": "#1"},
				"west": {"uv": [1.25, 0.25, 1.75, 0.75], "rotation": 270, "texture": "#1"},
				"up": {"uv": [1.25, 0.25, 1.75, 0.75], "rotation": 270, "texture": "#1"},
				"down": {"uv": [1.25, 0.25, 1.75, 0.75], "rotation": 270, "texture": "#1"}
			}
		},
		{
			"name": "voxel",
			"from": [7.65, 2.2, 7.45],
			"to": [7.78333, 2.33333, 7.58333],
			"faces": {
				"north": {"uv": [2.25, 0.25, 2.75, 0.75], "rotation": 90, "texture": "#1"},
				"east": {"uv": [2.25, 0.25, 2.75, 0.75], "rotation": 270, "texture": "#1"},
				"south": {"uv": [2.25, 0.25, 2.75, 0.75], "rotation": 270, "texture": "#1"},
				"west": {"uv": [2.25, 0.25, 2.75, 0.75], "rotation": 270, "texture": "#1"},
				"up": {"uv": [2.25, 0.25, 2.75, 0.75], "rotation": 270, "texture": "#1"},
				"down": {"uv": [2.25, 0.25, 2.75, 0.75], "rotation": 270, "texture": "#1"}
			}
		},
		{
			"name": "voxel",
			"from": [7.78333, 2.86667, 8.65],
			"to": [7.91667, 3, 8.78333],
			"faces": {
				"north": {"uv": [2.25, 0.25, 2.75, 0.75], "rotation": 90, "texture": "#1"},
				"east": {"uv": [2.25, 0.25, 2.75, 0.75], "rotation": 270, "texture": "#1"},
				"south": {"uv": [2.25, 0.25, 2.75, 0.75], "rotation": 270, "texture": "#1"},
				"west": {"uv": [2.25, 0.25, 2.75, 0.75], "rotation": 270, "texture": "#1"},
				"up": {"uv": [2.25, 0.25, 2.75, 0.75], "rotation": 270, "texture": "#1"},
				"down": {"uv": [2.25, 0.25, 2.75, 0.75], "rotation": 270, "texture": "#1"}
			}
		},
		{
			"name": "voxel",
			"from": [7.78333, 2.46667, 8.65],
			"to": [7.91667, 2.6, 8.78333],
			"faces": {
				"north": {"uv": [2.25, 0.25, 2.75, 0.75], "rotation": 90, "texture": "#1"},
				"east": {"uv": [2.25, 0.25, 2.75, 0.75], "rotation": 270, "texture": "#1"},
				"south": {"uv": [2.25, 0.25, 2.75, 0.75], "rotation": 270, "texture": "#1"},
				"west": {"uv": [2.25, 0.25, 2.75, 0.75], "rotation": 270, "texture": "#1"},
				"up": {"uv": [2.25, 0.25, 2.75, 0.75], "rotation": 270, "texture": "#1"},
				"down": {"uv": [2.25, 0.25, 2.75, 0.75], "rotation": 270, "texture": "#1"}
			}
		},
		{
			"name": "voxel",
			"from": [7.78333, 2.06667, 8.65],
			"to": [7.91667, 2.2, 8.78333],
			"faces": {
				"north": {"uv": [2.25, 0.25, 2.75, 0.75], "rotation": 90, "texture": "#1"},
				"east": {"uv": [2.25, 0.25, 2.75, 0.75], "rotation": 270, "texture": "#1"},
				"south": {"uv": [2.25, 0.25, 2.75, 0.75], "rotation": 270, "texture": "#1"},
				"west": {"uv": [2.25, 0.25, 2.75, 0.75], "rotation": 270, "texture": "#1"},
				"up": {"uv": [2.25, 0.25, 2.75, 0.75], "rotation": 270, "texture": "#1"},
				"down": {"uv": [2.25, 0.25, 2.75, 0.75], "rotation": 270, "texture": "#1"}
			}
		},
		{
			"name": "voxel",
			"from": [7.65, 1.26667, 8.65],
			"to": [7.91667, 1.4, 8.78333],
			"faces": {
				"north": {"uv": [1.25, 0.25, 1.75, 0.75], "rotation": 90, "texture": "#1"},
				"east": {"uv": [1.25, 0.25, 1.75, 0.75], "rotation": 270, "texture": "#1"},
				"south": {"uv": [1.25, 0.25, 1.75, 0.75], "rotation": 270, "texture": "#1"},
				"west": {"uv": [1.25, 0.25, 1.75, 0.75], "rotation": 270, "texture": "#1"},
				"up": {"uv": [1.25, 0.25, 1.75, 0.75], "rotation": 270, "texture": "#1"},
				"down": {"uv": [1.25, 0.25, 1.75, 0.75], "rotation": 270, "texture": "#1"}
			}
		},
		{
			"name": "voxel",
			"from": [7.78333, 3.13333, 8.51667],
			"to": [7.91667, 3.4, 8.78333],
			"faces": {
				"north": {"uv": [1.25, 0.25, 1.75, 0.75], "rotation": 90, "texture": "#1"},
				"east": {"uv": [1.25, 0.25, 1.75, 0.75], "rotation": 270, "texture": "#1"},
				"south": {"uv": [1.25, 0.25, 1.75, 0.75], "rotation": 270, "texture": "#1"},
				"west": {"uv": [1.25, 0.25, 1.75, 0.75], "rotation": 270, "texture": "#1"},
				"up": {"uv": [1.25, 0.25, 1.75, 0.75], "rotation": 270, "texture": "#1"},
				"down": {"uv": [1.25, 0.25, 1.75, 0.75], "rotation": 270, "texture": "#1"}
			}
		},
		{
			"name": "voxel",
			"from": [7.65, 3, 8.51667],
			"to": [7.91667, 3.13333, 8.78333],
			"faces": {
				"north": {"uv": [2.25, 0.25, 2.75, 0.75], "rotation": 90, "texture": "#1"},
				"east": {"uv": [2.25, 0.25, 2.75, 0.75], "rotation": 270, "texture": "#1"},
				"south": {"uv": [2.25, 0.25, 2.75, 0.75], "rotation": 270, "texture": "#1"},
				"west": {"uv": [2.25, 0.25, 2.75, 0.75], "rotation": 270, "texture": "#1"},
				"up": {"uv": [2.25, 0.25, 2.75, 0.75], "rotation": 270, "texture": "#1"},
				"down": {"uv": [2.25, 0.25, 2.75, 0.75], "rotation": 270, "texture": "#1"}
			}
		},
		{
			"name": "voxel",
			"from": [7.65, 2.6, 8.51667],
			"to": [7.91667, 2.86667, 8.78333],
			"faces": {
				"north": {"uv": [2.25, 0.25, 2.75, 0.75], "rotation": 90, "texture": "#1"},
				"east": {"uv": [2.25, 0.25, 2.75, 0.75], "rotation": 270, "texture": "#1"},
				"south": {"uv": [2.25, 0.25, 2.75, 0.75], "rotation": 270, "texture": "#1"},
				"west": {"uv": [2.25, 0.25, 2.75, 0.75], "rotation": 270, "texture": "#1"},
				"up": {"uv": [2.25, 0.25, 2.75, 0.75], "rotation": 270, "texture": "#1"},
				"down": {"uv": [2.25, 0.25, 2.75, 0.75], "rotation": 270, "texture": "#1"}
			}
		},
		{
			"name": "voxel",
			"from": [7.65, 1.26667, 8.51667],
			"to": [7.91667, 1.53333, 8.65],
			"faces": {
				"north": {"uv": [1.25, 0.25, 1.75, 0.75], "rotation": 90, "texture": "#1"},
				"east": {"uv": [1.25, 0.25, 1.75, 0.75], "rotation": 270, "texture": "#1"},
				"south": {"uv": [1.25, 0.25, 1.75, 0.75], "rotation": 270, "texture": "#1"},
				"west": {"uv": [1.25, 0.25, 1.75, 0.75], "rotation": 270, "texture": "#1"},
				"up": {"uv": [1.25, 0.25, 1.75, 0.75], "rotation": 270, "texture": "#1"},
				"down": {"uv": [1.25, 0.25, 1.75, 0.75], "rotation": 270, "texture": "#1"}
			}
		},
		{
			"name": "voxel",
			"from": [7.65, 1, 7.98333],
			"to": [7.91667, 1.26667, 8.51667],
			"faces": {
				"north": {"uv": [2.25, 0.25, 2.75, 0.75], "rotation": 90, "texture": "#1"},
				"east": {"uv": [2.25, 0.25, 2.75, 0.75], "rotation": 270, "texture": "#1"},
				"south": {"uv": [2.25, 0.25, 2.75, 0.75], "rotation": 270, "texture": "#1"},
				"west": {"uv": [2.25, 0.25, 2.75, 0.75], "rotation": 270, "texture": "#1"},
				"up": {"uv": [2.25, 0.25, 2.75, 0.75], "rotation": 270, "texture": "#1"},
				"down": {"uv": [2.25, 0.25, 2.75, 0.75], "rotation": 270, "texture": "#1"}
			}
		},
		{
			"name": "voxel",
			"from": [7.65, 3.4, 7.71667],
			"to": [7.91667, 3.66667, 8.25],
			"faces": {
				"north": {"uv": [1.25, 0.25, 1.75, 0.75], "rotation": 90, "texture": "#1"},
				"east": {"uv": [1.25, 0.25, 1.75, 0.75], "rotation": 270, "texture": "#1"},
				"south": {"uv": [1.25, 0.25, 1.75, 0.75], "rotation": 270, "texture": "#1"},
				"west": {"uv": [1.25, 0.25, 1.75, 0.75], "rotation": 270, "texture": "#1"},
				"up": {"uv": [1.25, 0.25, 1.75, 0.75], "rotation": 270, "texture": "#1"},
				"down": {"uv": [1.25, 0.25, 1.75, 0.75], "rotation": 270, "texture": "#1"}
			}
		},
		{
			"name": "voxel",
			"from": [7.65, 2.2, 7.58333],
			"to": [7.91667, 2.33333, 7.71667],
			"faces": {
				"north": {"uv": [2.25, 0.25, 2.75, 0.75], "rotation": 90, "texture": "#1"},
				"east": {"uv": [2.25, 0.25, 2.75, 0.75], "rotation": 270, "texture": "#1"},
				"south": {"uv": [2.25, 0.25, 2.75, 0.75], "rotation": 270, "texture": "#1"},
				"west": {"uv": [2.25, 0.25, 2.75, 0.75], "rotation": 270, "texture": "#1"},
				"up": {"uv": [2.25, 0.25, 2.75, 0.75], "rotation": 270, "texture": "#1"},
				"down": {"uv": [2.25, 0.25, 2.75, 0.75], "rotation": 270, "texture": "#1"}
			}
		},
		{
			"name": "voxel",
			"from": [7.65, 1.4, 7.58333],
			"to": [7.91667, 1.53333, 7.71667],
			"faces": {
				"north": {"uv": [1.25, 0.25, 1.75, 0.75], "rotation": 90, "texture": "#1"},
				"east": {"uv": [1.25, 0.25, 1.75, 0.75], "rotation": 270, "texture": "#1"},
				"south": {"uv": [1.25, 0.25, 1.75, 0.75], "rotation": 270, "texture": "#1"},
				"west": {"uv": [1.25, 0.25, 1.75, 0.75], "rotation": 270, "texture": "#1"},
				"up": {"uv": [1.25, 0.25, 1.75, 0.75], "rotation": 270, "texture": "#1"},
				"down": {"uv": [1.25, 0.25, 1.75, 0.75], "rotation": 270, "texture": "#1"}
			}
		},
		{
			"name": "voxel",
			"from": [7.78333, 3.26667, 7.45],
			"to": [7.91667, 3.4, 7.71667],
			"faces": {
				"north": {"uv": [1.25, 0.25, 1.75, 0.75], "rotation": 90, "texture": "#1"},
				"east": {"uv": [1.25, 0.25, 1.75, 0.75], "rotation": 270, "texture": "#1"},
				"south": {"uv": [1.25, 0.25, 1.75, 0.75], "rotation": 270, "texture": "#1"},
				"west": {"uv": [1.25, 0.25, 1.75, 0.75], "rotation": 270, "texture": "#1"},
				"up": {"uv": [1.25, 0.25, 1.75, 0.75], "rotation": 270, "texture": "#1"},
				"down": {"uv": [1.25, 0.25, 1.75, 0.75], "rotation": 270, "texture": "#1"}
			}
		},
		{
			"name": "voxel",
			"from": [7.78333, 2.86667, 7.45],
			"to": [7.91667, 3, 7.71667],
			"faces": {
				"north": {"uv": [1.25, 0.25, 1.75, 0.75], "rotation": 90, "texture": "#1"},
				"east": {"uv": [1.25, 0.25, 1.75, 0.75], "rotation": 270, "texture": "#1"},
				"south": {"uv": [1.25, 0.25, 1.75, 0.75], "rotation": 270, "texture": "#1"},
				"west": {"uv": [1.25, 0.25, 1.75, 0.75], "rotation": 270, "texture": "#1"},
				"up": {"uv": [1.25, 0.25, 1.75, 0.75], "rotation": 270, "texture": "#1"},
				"down": {"uv": [1.25, 0.25, 1.75, 0.75], "rotation": 270, "texture": "#1"}
			}
		},
		{
			"name": "voxel",
			"from": [7.78333, 2.33333, 7.45],
			"to": [7.91667, 2.6, 7.71667],
			"faces": {
				"north": {"uv": [1.25, 0.25, 1.75, 0.75], "rotation": 90, "texture": "#1"},
				"east": {"uv": [1.25, 0.25, 1.75, 0.75], "rotation": 270, "texture": "#1"},
				"south": {"uv": [1.25, 0.25, 1.75, 0.75], "rotation": 270, "texture": "#1"},
				"west": {"uv": [1.25, 0.25, 1.75, 0.75], "rotation": 270, "texture": "#1"},
				"up": {"uv": [1.25, 0.25, 1.75, 0.75], "rotation": 270, "texture": "#1"},
				"down": {"uv": [1.25, 0.25, 1.75, 0.75], "rotation": 270, "texture": "#1"}
			}
		},
		{
			"name": "voxel",
			"from": [7.78333, 2.06667, 7.45],
			"to": [7.91667, 2.33333, 7.58333],
			"faces": {
				"north": {"uv": [2.25, 0.25, 2.75, 0.75], "rotation": 90, "texture": "#1"},
				"east": {"uv": [2.25, 0.25, 2.75, 0.75], "rotation": 270, "texture": "#1"},
				"south": {"uv": [2.25, 0.25, 2.75, 0.75], "rotation": 270, "texture": "#1"},
				"west": {"uv": [2.25, 0.25, 2.75, 0.75], "rotation": 270, "texture": "#1"},
				"up": {"uv": [2.25, 0.25, 2.75, 0.75], "rotation": 270, "texture": "#1"},
				"down": {"uv": [2.25, 0.25, 2.75, 0.75], "rotation": 270, "texture": "#1"}
			}
		},
		{
			"name": "voxel",
			"from": [7.65, 1.26667, 7.45],
			"to": [7.91667, 1.4, 7.71667],
			"faces": {
				"north": {"uv": [1.25, 0.25, 1.75, 0.75], "rotation": 90, "texture": "#1"},
				"east": {"uv": [1.25, 0.25, 1.75, 0.75], "rotation": 270, "texture": "#1"},
				"south": {"uv": [1.25, 0.25, 1.75, 0.75], "rotation": 270, "texture": "#1"},
				"west": {"uv": [1.25, 0.25, 1.75, 0.75], "rotation": 270, "texture": "#1"},
				"up": {"uv": [1.25, 0.25, 1.75, 0.75], "rotation": 270, "texture": "#1"},
				"down": {"uv": [1.25, 0.25, 1.75, 0.75], "rotation": 270, "texture": "#1"}
			}
		},
		{
			"name": "voxel",
			"from": [7.65, 2.33333, 8.65],
			"to": [8.18333, 2.46667, 8.78333],
			"faces": {
				"north": {"uv": [2.25, 0.25, 2.75, 0.75], "rotation": 90, "texture": "#1"},
				"east": {"uv": [2.25, 0.25, 2.75, 0.75], "rotation": 270, "texture": "#1"},
				"south": {"uv": [2.25, 0.25, 2.75, 0.75], "rotation": 270, "texture": "#1"},
				"west": {"uv": [2.25, 0.25, 2.75, 0.75], "rotation": 270, "texture": "#1"},
				"up": {"uv": [2.25, 0.25, 2.75, 0.75], "rotation": 270, "texture": "#1"},
				"down": {"uv": [2.25, 0.25, 2.75, 0.75], "rotation": 270, "texture": "#1"}
			}
		},
		{
			"name": "voxel",
			"from": [7.65, 1.53333, 8.65],
			"to": [8.18333, 1.66667, 8.78333],
			"faces": {
				"north": {"uv": [1.25, 0.25, 1.75, 0.75], "rotation": 90, "texture": "#1"},
				"east": {"uv": [1.25, 0.25, 1.75, 0.75], "rotation": 270, "texture": "#1"},
				"south": {"uv": [1.25, 0.25, 1.75, 0.75], "rotation": 270, "texture": "#1"},
				"west": {"uv": [1.25, 0.25, 1.75, 0.75], "rotation": 270, "texture": "#1"},
				"up": {"uv": [1.25, 0.25, 1.75, 0.75], "rotation": 270, "texture": "#1"},
				"down": {"uv": [1.25, 0.25, 1.75, 0.75], "rotation": 270, "texture": "#1"}
			}
		},
		{
			"name": "voxel",
			"from": [7.91667, 3.26667, 8.51667],
			"to": [8.18333, 3.4, 8.65],
			"faces": {
				"north": {"uv": [2.25, 0.25, 2.75, 0.75], "rotation": 90, "texture": "#1"},
				"east": {"uv": [2.25, 0.25, 2.75, 0.75], "rotation": 270, "texture": "#1"},
				"south": {"uv": [2.25, 0.25, 2.75, 0.75], "rotation": 270, "texture": "#1"},
				"west": {"uv": [2.25, 0.25, 2.75, 0.75], "rotation": 270, "texture": "#1"},
				"up": {"uv": [2.25, 0.25, 2.75, 0.75], "rotation": 270, "texture": "#1"},
				"down": {"uv": [2.25, 0.25, 2.75, 0.75], "rotation": 270, "texture": "#1"}
			}
		},
		{
			"name": "voxel",
			"from": [7.65, 2.86667, 8.51667],
			"to": [8.18333, 3, 8.65],
			"faces": {
				"north": {"uv": [2.25, 0.25, 2.75, 0.75], "rotation": 90, "texture": "#1"},
				"east": {"uv": [2.25, 0.25, 2.75, 0.75], "rotation": 270, "texture": "#1"},
				"south": {"uv": [2.25, 0.25, 2.75, 0.75], "rotation": 270, "texture": "#1"},
				"west": {"uv": [2.25, 0.25, 2.75, 0.75], "rotation": 270, "texture": "#1"},
				"up": {"uv": [2.25, 0.25, 2.75, 0.75], "rotation": 270, "texture": "#1"},
				"down": {"uv": [2.25, 0.25, 2.75, 0.75], "rotation": 270, "texture": "#1"}
			}
		},
		{
			"name": "voxel",
			"from": [7.65, 2.33333, 8.51667],
			"to": [8.18333, 2.6, 8.65],
			"faces": {
				"north": {"uv": [2.25, 0.25, 2.75, 0.75], "rotation": 90, "texture": "#1"},
				"east": {"uv": [2.25, 0.25, 2.75, 0.75], "rotation": 270, "texture": "#1"},
				"south": {"uv": [2.25, 0.25, 2.75, 0.75], "rotation": 270, "texture": "#1"},
				"west": {"uv": [2.25, 0.25, 2.75, 0.75], "rotation": 270, "texture": "#1"},
				"up": {"uv": [2.25, 0.25, 2.75, 0.75], "rotation": 270, "texture": "#1"},
				"down": {"uv": [2.25, 0.25, 2.75, 0.75], "rotation": 270, "texture": "#1"}
			}
		},
		{
			"name": "voxel",
			"from": [7.65, 1.53333, 8.51667],
			"to": [8.18333, 1.8, 8.65],
			"faces": {
				"north": {"uv": [1.25, 0.25, 1.75, 0.75], "rotation": 90, "texture": "#1"},
				"east": {"uv": [1.25, 0.25, 1.75, 0.75], "rotation": 270, "texture": "#1"},
				"south": {"uv": [1.25, 0.25, 1.75, 0.75], "rotation": 270, "texture": "#1"},
				"west": {"uv": [1.25, 0.25, 1.75, 0.75], "rotation": 270, "texture": "#1"},
				"up": {"uv": [1.25, 0.25, 1.75, 0.75], "rotation": 270, "texture": "#1"},
				"down": {"uv": [1.25, 0.25, 1.75, 0.75], "rotation": 270, "texture": "#1"}
			}
		},
		{
			"name": "voxel",
			"from": [7.91667, 1.26667, 8.51667],
			"to": [8.18333, 1.53333, 8.65],
			"faces": {
				"north": {"uv": [2.25, 0.25, 2.75, 0.75], "rotation": 90, "texture": "#1"},
				"east": {"uv": [2.25, 0.25, 2.75, 0.75], "rotation": 270, "texture": "#1"},
				"south": {"uv": [2.25, 0.25, 2.75, 0.75], "rotation": 270, "texture": "#1"},
				"west": {"uv": [2.25, 0.25, 2.75, 0.75], "rotation": 270, "texture": "#1"},
				"up": {"uv": [2.25, 0.25, 2.75, 0.75], "rotation": 270, "texture": "#1"},
				"down": {"uv": [2.25, 0.25, 2.75, 0.75], "rotation": 270, "texture": "#1"}
			}
		},
		{
			"name": "voxel",
			"from": [7.65, 3.4, 8.25],
			"to": [8.18333, 3.66667, 8.51667],
			"faces": {
				"north": {"uv": [1.25, 0.25, 1.75, 0.75], "rotation": 90, "texture": "#1"},
				"east": {"uv": [1.25, 0.25, 1.75, 0.75], "rotation": 270, "texture": "#1"},
				"south": {"uv": [1.25, 0.25, 1.75, 0.75], "rotation": 270, "texture": "#1"},
				"west": {"uv": [1.25, 0.25, 1.75, 0.75], "rotation": 270, "texture": "#1"},
				"up": {"uv": [1.25, 0.25, 1.75, 0.75], "rotation": 270, "texture": "#1"},
				"down": {"uv": [1.25, 0.25, 1.75, 0.75], "rotation": 270, "texture": "#1"}
			}
		},
		{
			"name": "voxel",
			"from": [7.91667, 1, 8.25],
			"to": [8.18333, 1.26667, 8.51667],
			"faces": {
				"north": {"uv": [1.25, 0.25, 1.75, 0.75], "rotation": 90, "texture": "#1"},
				"east": {"uv": [1.25, 0.25, 1.75, 0.75], "rotation": 270, "texture": "#1"},
				"south": {"uv": [1.25, 0.25, 1.75, 0.75], "rotation": 270, "texture": "#1"},
				"west": {"uv": [1.25, 0.25, 1.75, 0.75], "rotation": 270, "texture": "#1"},
				"up": {"uv": [1.25, 0.25, 1.75, 0.75], "rotation": 270, "texture": "#1"},
				"down": {"uv": [1.25, 0.25, 1.75, 0.75], "rotation": 270, "texture": "#1"}
			}
		},
		{
			"name": "voxel",
			"from": [7.91667, 3.4, 7.98333],
			"to": [8.18333, 3.66667, 8.25],
			"faces": {
				"north": {"uv": [0.25, 0.25, 0.75, 0.75], "rotation": 90, "texture": "#1"},
				"east": {"uv": [0.25, 0.25, 0.75, 0.75], "rotation": 270, "texture": "#1"},
				"south": {"uv": [0.25, 0.25, 0.75, 0.75], "rotation": 270, "texture": "#1"},
				"west": {"uv": [0.25, 0.25, 0.75, 0.75], "rotation": 270, "texture": "#1"},
				"up": {"uv": [0.25, 0.25, 0.75, 0.75], "rotation": 270, "texture": "#1"},
				"down": {"uv": [0.25, 0.25, 0.75, 0.75], "rotation": 270, "texture": "#1"}
			}
		},
		{
			"name": "voxel",
			"from": [7.91667, 1, 7.98333],
			"to": [8.18333, 1.26667, 8.25],
			"faces": {
				"north": {"uv": [0.25, 0.25, 0.75, 0.75], "rotation": 90, "texture": "#1"},
				"east": {"uv": [0.25, 0.25, 0.75, 0.75], "rotation": 270, "texture": "#1"},
				"south": {"uv": [0.25, 0.25, 0.75, 0.75], "rotation": 270, "texture": "#1"},
				"west": {"uv": [0.25, 0.25, 0.75, 0.75], "rotation": 270, "texture": "#1"},
				"up": {"uv": [0.25, 0.25, 0.75, 0.75], "rotation": 270, "texture": "#1"},
				"down": {"uv": [0.25, 0.25, 0.75, 0.75], "rotation": 270, "texture": "#1"}
			}
		},
		{
			"name": "voxel",
			"from": [7.91667, 3.4, 7.71667],
			"to": [8.18333, 3.66667, 7.98333],
			"faces": {
				"north": {"uv": [2.25, 0.25, 2.75, 0.75], "rotation": 90, "texture": "#1"},
				"east": {"uv": [2.25, 0.25, 2.75, 0.75], "rotation": 270, "texture": "#1"},
				"south": {"uv": [2.25, 0.25, 2.75, 0.75], "rotation": 270, "texture": "#1"},
				"west": {"uv": [2.25, 0.25, 2.75, 0.75], "rotation": 270, "texture": "#1"},
				"up": {"uv": [2.25, 0.25, 2.75, 0.75], "rotation": 270, "texture": "#1"},
				"down": {"uv": [2.25, 0.25, 2.75, 0.75], "rotation": 270, "texture": "#1"}
			}
		},
		{
			"name": "voxel",
			"from": [7.65, 1, 7.71667],
			"to": [8.18333, 1.26667, 7.98333],
			"faces": {
				"north": {"uv": [2.25, 0.25, 2.75, 0.75], "rotation": 90, "texture": "#1"},
				"east": {"uv": [2.25, 0.25, 2.75, 0.75], "rotation": 270, "texture": "#1"},
				"south": {"uv": [2.25, 0.25, 2.75, 0.75], "rotation": 270, "texture": "#1"},
				"west": {"uv": [2.25, 0.25, 2.75, 0.75], "rotation": 270, "texture": "#1"},
				"up": {"uv": [2.25, 0.25, 2.75, 0.75], "rotation": 270, "texture": "#1"},
				"down": {"uv": [2.25, 0.25, 2.75, 0.75], "rotation": 270, "texture": "#1"}
			}
		},
		{
			"name": "voxel",
			"from": [7.91667, 3.26667, 7.58333],
			"to": [8.18333, 3.4, 7.71667],
			"faces": {
				"north": {"uv": [2.25, 0.25, 2.75, 0.75], "rotation": 90, "texture": "#1"},
				"east": {"uv": [2.25, 0.25, 2.75, 0.75], "rotation": 270, "texture": "#1"},
				"south": {"uv": [2.25, 0.25, 2.75, 0.75], "rotation": 270, "texture": "#1"},
				"west": {"uv": [2.25, 0.25, 2.75, 0.75], "rotation": 270, "texture": "#1"},
				"up": {"uv": [2.25, 0.25, 2.75, 0.75], "rotation": 270, "texture": "#1"},
				"down": {"uv": [2.25, 0.25, 2.75, 0.75], "rotation": 270, "texture": "#1"}
			}
		},
		{
			"name": "voxel",
			"from": [7.65, 1.66667, 7.58333],
			"to": [8.18333, 1.8, 7.71667],
			"faces": {
				"north": {"uv": [1.25, 0.25, 1.75, 0.75], "rotation": 90, "texture": "#1"},
				"east": {"uv": [1.25, 0.25, 1.75, 0.75], "rotation": 270, "texture": "#1"},
				"south": {"uv": [1.25, 0.25, 1.75, 0.75], "rotation": 270, "texture": "#1"},
				"west": {"uv": [1.25, 0.25, 1.75, 0.75], "rotation": 270, "texture": "#1"},
				"up": {"uv": [1.25, 0.25, 1.75, 0.75], "rotation": 270, "texture": "#1"},
				"down": {"uv": [1.25, 0.25, 1.75, 0.75], "rotation": 270, "texture": "#1"}
			}
		},
		{
			"name": "voxel",
			"from": [7.65, 3, 7.45],
			"to": [8.18333, 3.13333, 7.71667],
			"faces": {
				"north": {"uv": [1.25, 0.25, 1.75, 0.75], "rotation": 90, "texture": "#1"},
				"east": {"uv": [1.25, 0.25, 1.75, 0.75], "rotation": 270, "texture": "#1"},
				"south": {"uv": [1.25, 0.25, 1.75, 0.75], "rotation": 270, "texture": "#1"},
				"west": {"uv": [1.25, 0.25, 1.75, 0.75], "rotation": 270, "texture": "#1"},
				"up": {"uv": [1.25, 0.25, 1.75, 0.75], "rotation": 270, "texture": "#1"},
				"down": {"uv": [1.25, 0.25, 1.75, 0.75], "rotation": 270, "texture": "#1"}
			}
		},
		{
			"name": "voxel",
			"from": [7.65, 2.6, 7.45],
			"to": [8.18333, 2.86667, 7.71667],
			"faces": {
				"north": {"uv": [1.25, 0.25, 1.75, 0.75], "rotation": 90, "texture": "#1"},
				"east": {"uv": [1.25, 0.25, 1.75, 0.75], "rotation": 270, "texture": "#1"},
				"south": {"uv": [1.25, 0.25, 1.75, 0.75], "rotation": 270, "texture": "#1"},
				"west": {"uv": [1.25, 0.25, 1.75, 0.75], "rotation": 270, "texture": "#1"},
				"up": {"uv": [1.25, 0.25, 1.75, 0.75], "rotation": 270, "texture": "#1"},
				"down": {"uv": [1.25, 0.25, 1.75, 0.75], "rotation": 270, "texture": "#1"}
			}
		},
		{
			"name": "voxel",
			"from": [7.65, 1.53333, 7.45],
			"to": [8.18333, 1.66667, 7.71667],
			"faces": {
				"north": {"uv": [1.25, 0.25, 1.75, 0.75], "rotation": 90, "texture": "#1"},
				"east": {"uv": [1.25, 0.25, 1.75, 0.75], "rotation": 270, "texture": "#1"},
				"south": {"uv": [1.25, 0.25, 1.75, 0.75], "rotation": 270, "texture": "#1"},
				"west": {"uv": [1.25, 0.25, 1.75, 0.75], "rotation": 270, "texture": "#1"},
				"up": {"uv": [1.25, 0.25, 1.75, 0.75], "rotation": 270, "texture": "#1"},
				"down": {"uv": [1.25, 0.25, 1.75, 0.75], "rotation": 270, "texture": "#1"}
			}
		},
		{
			"name": "voxel",
			"from": [8.18333, 2.06667, 8.65],
			"to": [8.31667, 2.2, 8.78333],
			"faces": {
				"north": {"uv": [2.25, 0.25, 2.75, 0.75], "rotation": 90, "texture": "#1"},
				"east": {"uv": [2.25, 0.25, 2.75, 0.75], "rotation": 270, "texture": "#1"},
				"south": {"uv": [2.25, 0.25, 2.75, 0.75], "rotation": 270, "texture": "#1"},
				"west": {"uv": [2.25, 0.25, 2.75, 0.75], "rotation": 270, "texture": "#1"},
				"up": {"uv": [2.25, 0.25, 2.75, 0.75], "rotation": 270, "texture": "#1"},
				"down": {"uv": [2.25, 0.25, 2.75, 0.75], "rotation": 270, "texture": "#1"}
			}
		},
		{
			"name": "voxel",
			"from": [8.18333, 3.26667, 8.51667],
			"to": [8.31667, 3.4, 8.78333],
			"faces": {
				"north": {"uv": [1.25, 0.25, 1.75, 0.75], "rotation": 90, "texture": "#1"},
				"east": {"uv": [1.25, 0.25, 1.75, 0.75], "rotation": 270, "texture": "#1"},
				"south": {"uv": [1.25, 0.25, 1.75, 0.75], "rotation": 270, "texture": "#1"},
				"west": {"uv": [1.25, 0.25, 1.75, 0.75], "rotation": 270, "texture": "#1"},
				"up": {"uv": [1.25, 0.25, 1.75, 0.75], "rotation": 270, "texture": "#1"},
				"down": {"uv": [1.25, 0.25, 1.75, 0.75], "rotation": 270, "texture": "#1"}
			}
		},
		{
			"name": "voxel",
			"from": [8.18333, 2.86667, 8.51667],
			"to": [8.31667, 3, 8.78333],
			"faces": {
				"north": {"uv": [1.25, 0.25, 1.75, 0.75], "rotation": 90, "texture": "#1"},
				"east": {"uv": [1.25, 0.25, 1.75, 0.75], "rotation": 270, "texture": "#1"},
				"south": {"uv": [1.25, 0.25, 1.75, 0.75], "rotation": 270, "texture": "#1"},
				"west": {"uv": [1.25, 0.25, 1.75, 0.75], "rotation": 270, "texture": "#1"},
				"up": {"uv": [1.25, 0.25, 1.75, 0.75], "rotation": 270, "texture": "#1"},
				"down": {"uv": [1.25, 0.25, 1.75, 0.75], "rotation": 270, "texture": "#1"}
			}
		},
		{
			"name": "voxel",
			"from": [8.18333, 2.46667, 8.51667],
			"to": [8.31667, 2.6, 8.78333],
			"faces": {
				"north": {"uv": [1.25, 0.25, 1.75, 0.75], "rotation": 90, "texture": "#1"},
				"east": {"uv": [1.25, 0.25, 1.75, 0.75], "rotation": 270, "texture": "#1"},
				"south": {"uv": [1.25, 0.25, 1.75, 0.75], "rotation": 270, "texture": "#1"},
				"west": {"uv": [1.25, 0.25, 1.75, 0.75], "rotation": 270, "texture": "#1"},
				"up": {"uv": [1.25, 0.25, 1.75, 0.75], "rotation": 270, "texture": "#1"},
				"down": {"uv": [1.25, 0.25, 1.75, 0.75], "rotation": 270, "texture": "#1"}
			}
		},
		{
			"name": "voxel",
			"from": [8.18333, 3.26667, 7.45],
			"to": [8.31667, 3.4, 7.71667],
			"faces": {
				"north": {"uv": [1.25, 0.25, 1.75, 0.75], "rotation": 90, "texture": "#1"},
				"east": {"uv": [1.25, 0.25, 1.75, 0.75], "rotation": 270, "texture": "#1"},
				"south": {"uv": [1.25, 0.25, 1.75, 0.75], "rotation": 270, "texture": "#1"},
				"west": {"uv": [1.25, 0.25, 1.75, 0.75], "rotation": 270, "texture": "#1"},
				"up": {"uv": [1.25, 0.25, 1.75, 0.75], "rotation": 270, "texture": "#1"},
				"down": {"uv": [1.25, 0.25, 1.75, 0.75], "rotation": 270, "texture": "#1"}
			}
		},
		{
			"name": "voxel",
			"from": [8.18333, 2.86667, 7.45],
			"to": [8.31667, 3, 7.58333],
			"faces": {
				"north": {"uv": [2.25, 0.25, 2.75, 0.75], "rotation": 90, "texture": "#1"},
				"east": {"uv": [2.25, 0.25, 2.75, 0.75], "rotation": 270, "texture": "#1"},
				"south": {"uv": [2.25, 0.25, 2.75, 0.75], "rotation": 270, "texture": "#1"},
				"west": {"uv": [2.25, 0.25, 2.75, 0.75], "rotation": 270, "texture": "#1"},
				"up": {"uv": [2.25, 0.25, 2.75, 0.75], "rotation": 270, "texture": "#1"},
				"down": {"uv": [2.25, 0.25, 2.75, 0.75], "rotation": 270, "texture": "#1"}
			}
		},
		{
			"name": "voxel",
			"from": [8.18333, 2.46667, 7.45],
			"to": [8.31667, 2.6, 7.58333],
			"faces": {
				"north": {"uv": [2.25, 0.25, 2.75, 0.75], "rotation": 90, "texture": "#1"},
				"east": {"uv": [2.25, 0.25, 2.75, 0.75], "rotation": 270, "texture": "#1"},
				"south": {"uv": [2.25, 0.25, 2.75, 0.75], "rotation": 270, "texture": "#1"},
				"west": {"uv": [2.25, 0.25, 2.75, 0.75], "rotation": 270, "texture": "#1"},
				"up": {"uv": [2.25, 0.25, 2.75, 0.75], "rotation": 270, "texture": "#1"},
				"down": {"uv": [2.25, 0.25, 2.75, 0.75], "rotation": 270, "texture": "#1"}
			}
		},
		{
			"name": "voxel",
			"from": [8.18333, 2.06667, 7.45],
			"to": [8.31667, 2.2, 7.58333],
			"faces": {
				"north": {"uv": [2.25, 0.25, 2.75, 0.75], "rotation": 90, "texture": "#1"},
				"east": {"uv": [2.25, 0.25, 2.75, 0.75], "rotation": 270, "texture": "#1"},
				"south": {"uv": [2.25, 0.25, 2.75, 0.75], "rotation": 270, "texture": "#1"},
				"west": {"uv": [2.25, 0.25, 2.75, 0.75], "rotation": 270, "texture": "#1"},
				"up": {"uv": [2.25, 0.25, 2.75, 0.75], "rotation": 270, "texture": "#1"},
				"down": {"uv": [2.25, 0.25, 2.75, 0.75], "rotation": 270, "texture": "#1"}
			}
		},
		{
			"name": "voxel",
			"from": [7.65, 2.2, 8.65],
			"to": [8.45, 2.33333, 8.78333],
			"faces": {
				"north": {"uv": [2.25, 0.25, 2.75, 0.75], "rotation": 90, "texture": "#1"},
				"east": {"uv": [2.25, 0.25, 2.75, 0.75], "rotation": 270, "texture": "#1"},
				"south": {"uv": [2.25, 0.25, 2.75, 0.75], "rotation": 270, "texture": "#1"},
				"west": {"uv": [2.25, 0.25, 2.75, 0.75], "rotation": 270, "texture": "#1"},
				"up": {"uv": [2.25, 0.25, 2.75, 0.75], "rotation": 270, "texture": "#1"},
				"down": {"uv": [2.25, 0.25, 2.75, 0.75], "rotation": 270, "texture": "#1"}
			}
		},
		{
			"name": "voxel",
			"from": [8.18333, 1.53333, 8.65],
			"to": [8.45, 1.66667, 8.78333],
			"faces": {
				"north": {"uv": [2.25, 0.25, 2.75, 0.75], "rotation": 90, "texture": "#1"},
				"east": {"uv": [2.25, 0.25, 2.75, 0.75], "rotation": 270, "texture": "#1"},
				"south": {"uv": [2.25, 0.25, 2.75, 0.75], "rotation": 270, "texture": "#1"},
				"west": {"uv": [2.25, 0.25, 2.75, 0.75], "rotation": 270, "texture": "#1"},
				"up": {"uv": [2.25, 0.25, 2.75, 0.75], "rotation": 270, "texture": "#1"},
				"down": {"uv": [2.25, 0.25, 2.75, 0.75], "rotation": 270, "texture": "#1"}
			}
		},
		{
			"name": "voxel",
			"from": [7.91667, 1.26667, 8.65],
			"to": [8.45, 1.4, 8.78333],
			"faces": {
				"north": {"uv": [2.25, 0.25, 2.75, 0.75], "rotation": 90, "texture": "#1"},
				"east": {"uv": [2.25, 0.25, 2.75, 0.75], "rotation": 270, "texture": "#1"},
				"south": {"uv": [2.25, 0.25, 2.75, 0.75], "rotation": 270, "texture": "#1"},
				"west": {"uv": [2.25, 0.25, 2.75, 0.75], "rotation": 270, "texture": "#1"},
				"up": {"uv": [2.25, 0.25, 2.75, 0.75], "rotation": 270, "texture": "#1"},
				"down": {"uv": [2.25, 0.25, 2.75, 0.75], "rotation": 270, "texture": "#1"}
			}
		},
		{
			"name": "voxel",
			"from": [7.38333, 3.4, 8.51667],
			"to": [8.45, 3.66667, 8.78333],
			"faces": {
				"north": {"uv": [0.25, 0.25, 0.75, 0.75], "rotation": 90, "texture": "#1"},
				"east": {"uv": [0.25, 0.25, 0.75, 0.75], "rotation": 270, "texture": "#1"},
				"south": {"uv": [0.25, 0.25, 0.75, 0.75], "rotation": 270, "texture": "#1"},
				"west": {"uv": [0.25, 0.25, 0.75, 0.75], "rotation": 270, "texture": "#1"},
				"up": {"uv": [0.25, 0.25, 0.75, 0.75], "rotation": 270, "texture": "#1"},
				"down": {"uv": [0.25, 0.25, 0.75, 0.75], "rotation": 270, "texture": "#1"}
			}
		},
		{
			"name": "voxel",
			"from": [8.31667, 3.26667, 8.51667],
			"to": [8.45, 3.4, 8.65],
			"faces": {
				"north": {"uv": [2.25, 0.25, 2.75, 0.75], "rotation": 90, "texture": "#1"},
				"east": {"uv": [2.25, 0.25, 2.75, 0.75], "rotation": 270, "texture": "#1"},
				"south": {"uv": [2.25, 0.25, 2.75, 0.75], "rotation": 270, "texture": "#1"},
				"west": {"uv": [2.25, 0.25, 2.75, 0.75], "rotation": 270, "texture": "#1"},
				"up": {"uv": [2.25, 0.25, 2.75, 0.75], "rotation": 270, "texture": "#1"},
				"down": {"uv": [2.25, 0.25, 2.75, 0.75], "rotation": 270, "texture": "#1"}
			}
		},
		{
			"name": "voxel",
			"from": [7.91667, 3, 8.51667],
			"to": [8.45, 3.26667, 8.78333],
			"faces": {
				"north": {"uv": [1.25, 0.25, 1.75, 0.75], "rotation": 90, "texture": "#1"},
				"east": {"uv": [1.25, 0.25, 1.75, 0.75], "rotation": 270, "texture": "#1"},
				"south": {"uv": [1.25, 0.25, 1.75, 0.75], "rotation": 270, "texture": "#1"},
				"west": {"uv": [1.25, 0.25, 1.75, 0.75], "rotation": 270, "texture": "#1"},
				"up": {"uv": [1.25, 0.25, 1.75, 0.75], "rotation": 270, "texture": "#1"},
				"down": {"uv": [1.25, 0.25, 1.75, 0.75], "rotation": 270, "texture": "#1"}
			}
		},
		{
			"name": "voxel",
			"from": [8.31667, 2.86667, 8.51667],
			"to": [8.45, 3, 8.65],
			"faces": {
				"north": {"uv": [2.25, 0.25, 2.75, 0.75], "rotation": 90, "texture": "#1"},
				"east": {"uv": [2.25, 0.25, 2.75, 0.75], "rotation": 270, "texture": "#1"},
				"south": {"uv": [2.25, 0.25, 2.75, 0.75], "rotation": 270, "texture": "#1"},
				"west": {"uv": [2.25, 0.25, 2.75, 0.75], "rotation": 270, "texture": "#1"},
				"up": {"uv": [2.25, 0.25, 2.75, 0.75], "rotation": 270, "texture": "#1"},
				"down": {"uv": [2.25, 0.25, 2.75, 0.75], "rotation": 270, "texture": "#1"}
			}
		},
		{
			"name": "voxel",
			"from": [7.91667, 2.6, 8.51667],
			"to": [8.45, 2.86667, 8.78333],
			"faces": {
				"north": {"uv": [1.25, 0.25, 1.75, 0.75], "rotation": 90, "texture": "#1"},
				"east": {"uv": [1.25, 0.25, 1.75, 0.75], "rotation": 270, "texture": "#1"},
				"south": {"uv": [1.25, 0.25, 1.75, 0.75], "rotation": 270, "texture": "#1"},
				"west": {"uv": [1.25, 0.25, 1.75, 0.75], "rotation": 270, "texture": "#1"},
				"up": {"uv": [1.25, 0.25, 1.75, 0.75], "rotation": 270, "texture": "#1"},
				"down": {"uv": [1.25, 0.25, 1.75, 0.75], "rotation": 270, "texture": "#1"}
			}
		},
		{
			"name": "voxel",
			"from": [8.31667, 2.46667, 8.51667],
			"to": [8.45, 2.6, 8.65],
			"faces": {
				"north": {"uv": [2.25, 0.25, 2.75, 0.75], "rotation": 90, "texture": "#1"},
				"east": {"uv": [2.25, 0.25, 2.75, 0.75], "rotation": 270, "texture": "#1"},
				"south": {"uv": [2.25, 0.25, 2.75, 0.75], "rotation": 270, "texture": "#1"},
				"west": {"uv": [2.25, 0.25, 2.75, 0.75], "rotation": 270, "texture": "#1"},
				"up": {"uv": [2.25, 0.25, 2.75, 0.75], "rotation": 270, "texture": "#1"},
				"down": {"uv": [2.25, 0.25, 2.75, 0.75], "rotation": 270, "texture": "#1"}
			}
		},
		{
			"name": "voxel",
			"from": [8.18333, 2.33333, 8.51667],
			"to": [8.45, 2.46667, 8.78333],
			"faces": {
				"north": {"uv": [1.25, 0.25, 1.75, 0.75], "rotation": 90, "texture": "#1"},
				"east": {"uv": [1.25, 0.25, 1.75, 0.75], "rotation": 270, "texture": "#1"},
				"south": {"uv": [1.25, 0.25, 1.75, 0.75], "rotation": 270, "texture": "#1"},
				"west": {"uv": [1.25, 0.25, 1.75, 0.75], "rotation": 270, "texture": "#1"},
				"up": {"uv": [1.25, 0.25, 1.75, 0.75], "rotation": 270, "texture": "#1"},
				"down": {"uv": [1.25, 0.25, 1.75, 0.75], "rotation": 270, "texture": "#1"}
			}
		},
		{
			"name": "voxel",
			"from": [7.65, 2.06667, 8.51667],
			"to": [8.45, 2.33333, 8.65],
			"faces": {
				"north": {"uv": [2.25, 0.25, 2.75, 0.75], "rotation": 90, "texture": "#1"},
				"east": {"uv": [2.25, 0.25, 2.75, 0.75], "rotation": 270, "texture": "#1"},
				"south": {"uv": [2.25, 0.25, 2.75, 0.75], "rotation": 270, "texture": "#1"},
				"west": {"uv": [2.25, 0.25, 2.75, 0.75], "rotation": 270, "texture": "#1"},
				"up": {"uv": [2.25, 0.25, 2.75, 0.75], "rotation": 270, "texture": "#1"},
				"down": {"uv": [2.25, 0.25, 2.75, 0.75], "rotation": 270, "texture": "#1"}
			}
		},
		{
			"name": "voxel",
			"from": [7.38333, 1.8, 8.51667],
			"to": [8.45, 2.06667, 8.78333],
			"faces": {
				"north": {"uv": [0.25, 0.25, 0.75, 0.75], "rotation": 90, "texture": "#1"},
				"east": {"uv": [0.25, 0.25, 0.75, 0.75], "rotation": 270, "texture": "#1"},
				"south": {"uv": [0.25, 0.25, 0.75, 0.75], "rotation": 270, "texture": "#1"},
				"west": {"uv": [0.25, 0.25, 0.75, 0.75], "rotation": 270, "texture": "#1"},
				"up": {"uv": [0.25, 0.25, 0.75, 0.75], "rotation": 270, "texture": "#1"},
				"down": {"uv": [0.25, 0.25, 0.75, 0.75], "rotation": 270, "texture": "#1"}
			}
		},
		{
			"name": "voxel",
			"from": [8.18333, 1.26667, 8.51667],
			"to": [8.45, 1.8, 8.65],
			"faces": {
				"north": {"uv": [2.25, 0.25, 2.75, 0.75], "rotation": 90, "texture": "#1"},
				"east": {"uv": [2.25, 0.25, 2.75, 0.75], "rotation": 270, "texture": "#1"},
				"south": {"uv": [2.25, 0.25, 2.75, 0.75], "rotation": 270, "texture": "#1"},
				"west": {"uv": [2.25, 0.25, 2.75, 0.75], "rotation": 270, "texture": "#1"},
				"up": {"uv": [2.25, 0.25, 2.75, 0.75], "rotation": 270, "texture": "#1"},
				"down": {"uv": [2.25, 0.25, 2.75, 0.75], "rotation": 270, "texture": "#1"}
			}
		},
		{
			"name": "voxel",
			"from": [7.38333, 1, 8.51667],
			"to": [8.45, 1.26667, 8.78333],
			"faces": {
				"north": {"uv": [0.25, 0.25, 0.75, 0.75], "rotation": 90, "texture": "#1"},
				"east": {"uv": [0.25, 0.25, 0.75, 0.75], "rotation": 270, "texture": "#1"},
				"south": {"uv": [0.25, 0.25, 0.75, 0.75], "rotation": 270, "texture": "#1"},
				"west": {"uv": [0.25, 0.25, 0.75, 0.75], "rotation": 270, "texture": "#1"},
				"up": {"uv": [0.25, 0.25, 0.75, 0.75], "rotation": 270, "texture": "#1"},
				"down": {"uv": [0.25, 0.25, 0.75, 0.75], "rotation": 270, "texture": "#1"}
			}
		},
		{
			"name": "voxel",
			"from": [8.18333, 3.4, 7.71667],
			"to": [8.45, 3.66667, 8.51667],
			"faces": {
				"north": {"uv": [2.25, 0.25, 2.75, 0.75], "rotation": 90, "texture": "#1"},
				"east": {"uv": [2.25, 0.25, 2.75, 0.75], "rotation": 270, "texture": "#1"},
				"south": {"uv": [2.25, 0.25, 2.75, 0.75], "rotation": 270, "texture": "#1"},
				"west": {"uv": [2.25, 0.25, 2.75, 0.75], "rotation": 270, "texture": "#1"},
				"up": {"uv": [2.25, 0.25, 2.75, 0.75], "rotation": 270, "texture": "#1"},
				"down": {"uv": [2.25, 0.25, 2.75, 0.75], "rotation": 270, "texture": "#1"}
			}
		},
		{
			"name": "voxel",
			"from": [8.18333, 1, 7.71667],
			"to": [8.45, 1.26667, 8.51667],
			"faces": {
				"north": {"uv": [1.25, 0.25, 1.75, 0.75], "rotation": 90, "texture": "#1"},
				"east": {"uv": [1.25, 0.25, 1.75, 0.75], "rotation": 270, "texture": "#1"},
				"south": {"uv": [1.25, 0.25, 1.75, 0.75], "rotation": 270, "texture": "#1"},
				"west": {"uv": [1.25, 0.25, 1.75, 0.75], "rotation": 270, "texture": "#1"},
				"up": {"uv": [1.25, 0.25, 1.75, 0.75], "rotation": 270, "texture": "#1"},
				"down": {"uv": [1.25, 0.25, 1.75, 0.75], "rotation": 270, "texture": "#1"}
			}
		},
		{
			"name": "voxel",
			"from": [8.31667, 3.26667, 7.58333],
			"to": [8.45, 3.4, 7.71667],
			"faces": {
				"north": {"uv": [2.25, 0.25, 2.75, 0.75], "rotation": 90, "texture": "#1"},
				"east": {"uv": [2.25, 0.25, 2.75, 0.75], "rotation": 270, "texture": "#1"},
				"south": {"uv": [2.25, 0.25, 2.75, 0.75], "rotation": 270, "texture": "#1"},
				"west": {"uv": [2.25, 0.25, 2.75, 0.75], "rotation": 270, "texture": "#1"},
				"up": {"uv": [2.25, 0.25, 2.75, 0.75], "rotation": 270, "texture": "#1"},
				"down": {"uv": [2.25, 0.25, 2.75, 0.75], "rotation": 270, "texture": "#1"}
			}
		},
		{
			"name": "voxel",
			"from": [7.91667, 2.86667, 7.58333],
			"to": [8.45, 3, 7.71667],
			"faces": {
				"north": {"uv": [2.25, 0.25, 2.75, 0.75], "rotation": 90, "texture": "#1"},
				"east": {"uv": [2.25, 0.25, 2.75, 0.75], "rotation": 270, "texture": "#1"},
				"south": {"uv": [2.25, 0.25, 2.75, 0.75], "rotation": 270, "texture": "#1"},
				"west": {"uv": [2.25, 0.25, 2.75, 0.75], "rotation": 270, "texture": "#1"},
				"up": {"uv": [2.25, 0.25, 2.75, 0.75], "rotation": 270, "texture": "#1"},
				"down": {"uv": [2.25, 0.25, 2.75, 0.75], "rotation": 270, "texture": "#1"}
			}
		},
		{
			"name": "voxel",
			"from": [7.91667, 2.46667, 7.58333],
			"to": [8.45, 2.6, 7.71667],
			"faces": {
				"north": {"uv": [2.25, 0.25, 2.75, 0.75], "rotation": 90, "texture": "#1"},
				"east": {"uv": [2.25, 0.25, 2.75, 0.75], "rotation": 270, "texture": "#1"},
				"south": {"uv": [2.25, 0.25, 2.75, 0.75], "rotation": 270, "texture": "#1"},
				"west": {"uv": [2.25, 0.25, 2.75, 0.75], "rotation": 270, "texture": "#1"},
				"up": {"uv": [2.25, 0.25, 2.75, 0.75], "rotation": 270, "texture": "#1"},
				"down": {"uv": [2.25, 0.25, 2.75, 0.75], "rotation": 270, "texture": "#1"}
			}
		},
		{
			"name": "voxel",
			"from": [7.65, 2.06667, 7.58333],
			"to": [8.45, 2.2, 7.71667],
			"faces": {
				"north": {"uv": [2.25, 0.25, 2.75, 0.75], "rotation": 90, "texture": "#1"},
				"east": {"uv": [2.25, 0.25, 2.75, 0.75], "rotation": 270, "texture": "#1"},
				"south": {"uv": [2.25, 0.25, 2.75, 0.75], "rotation": 270, "texture": "#1"},
				"west": {"uv": [2.25, 0.25, 2.75, 0.75], "rotation": 270, "texture": "#1"},
				"up": {"uv": [2.25, 0.25, 2.75, 0.75], "rotation": 270, "texture": "#1"},
				"down": {"uv": [2.25, 0.25, 2.75, 0.75], "rotation": 270, "texture": "#1"}
			}
		},
		{
			"name": "voxel",
			"from": [8.18333, 1.66667, 7.58333],
			"to": [8.45, 1.8, 7.71667],
			"faces": {
				"north": {"uv": [2.25, 0.25, 2.75, 0.75], "rotation": 90, "texture": "#1"},
				"east": {"uv": [2.25, 0.25, 2.75, 0.75], "rotation": 270, "texture": "#1"},
				"south": {"uv": [2.25, 0.25, 2.75, 0.75], "rotation": 270, "texture": "#1"},
				"west": {"uv": [2.25, 0.25, 2.75, 0.75], "rotation": 270, "texture": "#1"},
				"up": {"uv": [2.25, 0.25, 2.75, 0.75], "rotation": 270, "texture": "#1"},
				"down": {"uv": [2.25, 0.25, 2.75, 0.75], "rotation": 270, "texture": "#1"}
			}
		},
		{
			"name": "voxel",
			"from": [7.91667, 1.4, 7.58333],
			"to": [8.45, 1.53333, 7.71667],
			"faces": {
				"north": {"uv": [2.25, 0.25, 2.75, 0.75], "rotation": 90, "texture": "#1"},
				"east": {"uv": [2.25, 0.25, 2.75, 0.75], "rotation": 270, "texture": "#1"},
				"south": {"uv": [2.25, 0.25, 2.75, 0.75], "rotation": 270, "texture": "#1"},
				"west": {"uv": [2.25, 0.25, 2.75, 0.75], "rotation": 270, "texture": "#1"},
				"up": {"uv": [2.25, 0.25, 2.75, 0.75], "rotation": 270, "texture": "#1"},
				"down": {"uv": [2.25, 0.25, 2.75, 0.75], "rotation": 270, "texture": "#1"}
			}
		},
		{
			"name": "voxel",
			"from": [7.38333, 3.4, 7.45],
			"to": [8.45, 3.66667, 7.71667],
			"faces": {
				"north": {"uv": [0.25, 0.25, 0.75, 0.75], "rotation": 90, "texture": "#1"},
				"east": {"uv": [0.25, 0.25, 0.75, 0.75], "rotation": 270, "texture": "#1"},
				"south": {"uv": [0.25, 0.25, 0.75, 0.75], "rotation": 270, "texture": "#1"},
				"west": {"uv": [0.25, 0.25, 0.75, 0.75], "rotation": 270, "texture": "#1"},
				"up": {"uv": [0.25, 0.25, 0.75, 0.75], "rotation": 270, "texture": "#1"},
				"down": {"uv": [0.25, 0.25, 0.75, 0.75], "rotation": 270, "texture": "#1"}
			}
		},
		{
			"name": "voxel",
			"from": [7.65, 3.13333, 7.45],
			"to": [8.45, 3.26667, 7.71667],
			"faces": {
				"north": {"uv": [1.25, 0.25, 1.75, 0.75], "rotation": 90, "texture": "#1"},
				"east": {"uv": [1.25, 0.25, 1.75, 0.75], "rotation": 270, "texture": "#1"},
				"south": {"uv": [1.25, 0.25, 1.75, 0.75], "rotation": 270, "texture": "#1"},
				"west": {"uv": [1.25, 0.25, 1.75, 0.75], "rotation": 270, "texture": "#1"},
				"up": {"uv": [1.25, 0.25, 1.75, 0.75], "rotation": 270, "texture": "#1"},
				"down": {"uv": [1.25, 0.25, 1.75, 0.75], "rotation": 270, "texture": "#1"}
			}
		},
		{
			"name": "voxel",
			"from": [8.18333, 3, 7.45],
			"to": [8.45, 3.13333, 7.71667],
			"faces": {
				"north": {"uv": [2.25, 0.25, 2.75, 0.75], "rotation": 90, "texture": "#1"},
				"east": {"uv": [2.25, 0.25, 2.75, 0.75], "rotation": 270, "texture": "#1"},
				"south": {"uv": [2.25, 0.25, 2.75, 0.75], "rotation": 270, "texture": "#1"},
				"west": {"uv": [2.25, 0.25, 2.75, 0.75], "rotation": 270, "texture": "#1"},
				"up": {"uv": [2.25, 0.25, 2.75, 0.75], "rotation": 270, "texture": "#1"},
				"down": {"uv": [2.25, 0.25, 2.75, 0.75], "rotation": 270, "texture": "#1"}
			}
		},
		{
			"name": "voxel",
			"from": [8.18333, 2.6, 7.45],
			"to": [8.45, 2.86667, 7.71667],
			"faces": {
				"north": {"uv": [2.25, 0.25, 2.75, 0.75], "rotation": 90, "texture": "#1"},
				"east": {"uv": [2.25, 0.25, 2.75, 0.75], "rotation": 270, "texture": "#1"},
				"south": {"uv": [2.25, 0.25, 2.75, 0.75], "rotation": 270, "texture": "#1"},
				"west": {"uv": [2.25, 0.25, 2.75, 0.75], "rotation": 270, "texture": "#1"},
				"up": {"uv": [2.25, 0.25, 2.75, 0.75], "rotation": 270, "texture": "#1"},
				"down": {"uv": [2.25, 0.25, 2.75, 0.75], "rotation": 270, "texture": "#1"}
			}
		},
		{
			"name": "voxel",
			"from": [7.91667, 2.2, 7.45],
			"to": [8.45, 2.46667, 7.71667],
			"faces": {
				"north": {"uv": [2.25, 0.25, 2.75, 0.75], "rotation": 90, "texture": "#1"},
				"east": {"uv": [2.25, 0.25, 2.75, 0.75], "rotation": 270, "texture": "#1"},
				"south": {"uv": [2.25, 0.25, 2.75, 0.75], "rotation": 270, "texture": "#1"},
				"west": {"uv": [2.25, 0.25, 2.75, 0.75], "rotation": 270, "texture": "#1"},
				"up": {"uv": [2.25, 0.25, 2.75, 0.75], "rotation": 270, "texture": "#1"},
				"down": {"uv": [2.25, 0.25, 2.75, 0.75], "rotation": 270, "texture": "#1"}
			}
		},
		{
			"name": "voxel",
			"from": [7.38333, 1.8, 7.45],
			"to": [8.45, 2.06667, 7.71667],
			"faces": {
				"north": {"uv": [0.25, 0.25, 0.75, 0.75], "rotation": 90, "texture": "#1"},
				"east": {"uv": [0.25, 0.25, 0.75, 0.75], "rotation": 270, "texture": "#1"},
				"south": {"uv": [0.25, 0.25, 0.75, 0.75], "rotation": 270, "texture": "#1"},
				"west": {"uv": [0.25, 0.25, 0.75, 0.75], "rotation": 270, "texture": "#1"},
				"up": {"uv": [0.25, 0.25, 0.75, 0.75], "rotation": 270, "texture": "#1"},
				"down": {"uv": [0.25, 0.25, 0.75, 0.75], "rotation": 270, "texture": "#1"}
			}
		},
		{
			"name": "voxel",
			"from": [8.18333, 1.53333, 7.45],
			"to": [8.45, 1.66667, 7.71667],
			"faces": {
				"north": {"uv": [2.25, 0.25, 2.75, 0.75], "rotation": 90, "texture": "#1"},
				"east": {"uv": [2.25, 0.25, 2.75, 0.75], "rotation": 270, "texture": "#1"},
				"south": {"uv": [2.25, 0.25, 2.75, 0.75], "rotation": 270, "texture": "#1"},
				"west": {"uv": [2.25, 0.25, 2.75, 0.75], "rotation": 270, "texture": "#1"},
				"up": {"uv": [2.25, 0.25, 2.75, 0.75], "rotation": 270, "texture": "#1"},
				"down": {"uv": [2.25, 0.25, 2.75, 0.75], "rotation": 270, "texture": "#1"}
			}
		},
		{
			"name": "voxel",
			"from": [7.91667, 1.26667, 7.45],
			"to": [8.45, 1.4, 7.71667],
			"faces": {
				"north": {"uv": [2.25, 0.25, 2.75, 0.75], "rotation": 90, "texture": "#1"},
				"east": {"uv": [2.25, 0.25, 2.75, 0.75], "rotation": 270, "texture": "#1"},
				"south": {"uv": [2.25, 0.25, 2.75, 0.75], "rotation": 270, "texture": "#1"},
				"west": {"uv": [2.25, 0.25, 2.75, 0.75], "rotation": 270, "texture": "#1"},
				"up": {"uv": [2.25, 0.25, 2.75, 0.75], "rotation": 270, "texture": "#1"},
				"down": {"uv": [2.25, 0.25, 2.75, 0.75], "rotation": 270, "texture": "#1"}
			}
		},
		{
			"name": "voxel",
			"from": [7.38333, 1, 7.45],
			"to": [8.45, 1.26667, 7.71667],
			"faces": {
				"north": {"uv": [0.25, 0.25, 0.75, 0.75], "rotation": 90, "texture": "#1"},
				"east": {"uv": [0.25, 0.25, 0.75, 0.75], "rotation": 270, "texture": "#1"},
				"south": {"uv": [0.25, 0.25, 0.75, 0.75], "rotation": 270, "texture": "#1"},
				"west": {"uv": [0.25, 0.25, 0.75, 0.75], "rotation": 270, "texture": "#1"},
				"up": {"uv": [0.25, 0.25, 0.75, 0.75], "rotation": 270, "texture": "#1"},
				"down": {"uv": [0.25, 0.25, 0.75, 0.75], "rotation": 270, "texture": "#1"}
			}
		},
		{
			"name": "voxel",
			"from": [8.45, 3.26667, 8.38333],
			"to": [8.58333, 3.4, 8.51667],
			"faces": {
				"north": {"uv": [2.25, 0.25, 2.75, 0.75], "rotation": 90, "texture": "#1"},
				"east": {"uv": [2.25, 0.25, 2.75, 0.75], "rotation": 270, "texture": "#1"},
				"south": {"uv": [2.25, 0.25, 2.75, 0.75], "rotation": 270, "texture": "#1"},
				"west": {"uv": [2.25, 0.25, 2.75, 0.75], "rotation": 270, "texture": "#1"},
				"up": {"uv": [2.25, 0.25, 2.75, 0.75], "rotation": 270, "texture": "#1"},
				"down": {"uv": [2.25, 0.25, 2.75, 0.75], "rotation": 270, "texture": "#1"}
			}
		},
		{
			"name": "voxel",
			"from": [8.45, 2.86667, 8.38333],
			"to": [8.58333, 3, 8.51667],
			"faces": {
				"north": {"uv": [2.25, 0.25, 2.75, 0.75], "rotation": 90, "texture": "#1"},
				"east": {"uv": [2.25, 0.25, 2.75, 0.75], "rotation": 270, "texture": "#1"},
				"south": {"uv": [2.25, 0.25, 2.75, 0.75], "rotation": 270, "texture": "#1"},
				"west": {"uv": [2.25, 0.25, 2.75, 0.75], "rotation": 270, "texture": "#1"},
				"up": {"uv": [2.25, 0.25, 2.75, 0.75], "rotation": 270, "texture": "#1"},
				"down": {"uv": [2.25, 0.25, 2.75, 0.75], "rotation": 270, "texture": "#1"}
			}
		},
		{
			"name": "voxel",
			"from": [8.45, 2.46667, 8.38333],
			"to": [8.58333, 2.6, 8.51667],
			"faces": {
				"north": {"uv": [2.25, 0.25, 2.75, 0.75], "rotation": 90, "texture": "#1"},
				"east": {"uv": [2.25, 0.25, 2.75, 0.75], "rotation": 270, "texture": "#1"},
				"south": {"uv": [2.25, 0.25, 2.75, 0.75], "rotation": 270, "texture": "#1"},
				"west": {"uv": [2.25, 0.25, 2.75, 0.75], "rotation": 270, "texture": "#1"},
				"up": {"uv": [2.25, 0.25, 2.75, 0.75], "rotation": 270, "texture": "#1"},
				"down": {"uv": [2.25, 0.25, 2.75, 0.75], "rotation": 270, "texture": "#1"}
			}
		},
		{
			"name": "voxel",
			"from": [8.45, 2.06667, 8.38333],
			"to": [8.58333, 2.2, 8.51667],
			"faces": {
				"north": {"uv": [2.25, 0.25, 2.75, 0.75], "rotation": 90, "texture": "#1"},
				"east": {"uv": [2.25, 0.25, 2.75, 0.75], "rotation": 270, "texture": "#1"},
				"south": {"uv": [2.25, 0.25, 2.75, 0.75], "rotation": 270, "texture": "#1"},
				"west": {"uv": [2.25, 0.25, 2.75, 0.75], "rotation": 270, "texture": "#1"},
				"up": {"uv": [2.25, 0.25, 2.75, 0.75], "rotation": 270, "texture": "#1"},
				"down": {"uv": [2.25, 0.25, 2.75, 0.75], "rotation": 270, "texture": "#1"}
			}
		},
		{
			"name": "voxel",
			"from": [8.45, 1.66667, 8.25],
			"to": [8.58333, 1.8, 8.51667],
			"faces": {
				"north": {"uv": [2.25, 0.25, 2.75, 0.75], "rotation": 90, "texture": "#1"},
				"east": {"uv": [2.25, 0.25, 2.75, 0.75], "rotation": 270, "texture": "#1"},
				"south": {"uv": [2.25, 0.25, 2.75, 0.75], "rotation": 270, "texture": "#1"},
				"west": {"uv": [2.25, 0.25, 2.75, 0.75], "rotation": 270, "texture": "#1"},
				"up": {"uv": [2.25, 0.25, 2.75, 0.75], "rotation": 270, "texture": "#1"},
				"down": {"uv": [2.25, 0.25, 2.75, 0.75], "rotation": 270, "texture": "#1"}
			}
		},
		{
			"name": "voxel",
			"from": [8.45, 3.26667, 7.98333],
			"to": [8.58333, 3.4, 8.25],
			"faces": {
				"north": {"uv": [2.25, 0.25, 2.75, 0.75], "rotation": 90, "texture": "#1"},
				"east": {"uv": [2.25, 0.25, 2.75, 0.75], "rotation": 270, "texture": "#1"},
				"south": {"uv": [2.25, 0.25, 2.75, 0.75], "rotation": 270, "texture": "#1"},
				"west": {"uv": [2.25, 0.25, 2.75, 0.75], "rotation": 270, "texture": "#1"},
				"up": {"uv": [2.25, 0.25, 2.75, 0.75], "rotation": 270, "texture": "#1"},
				"down": {"uv": [2.25, 0.25, 2.75, 0.75], "rotation": 270, "texture": "#1"}
			}
		},
		{
			"name": "voxel",
			"from": [8.45, 2.86667, 7.98333],
			"to": [8.58333, 3, 8.25],
			"faces": {
				"north": {"uv": [2.25, 0.25, 2.75, 0.75], "rotation": 90, "texture": "#1"},
				"east": {"uv": [2.25, 0.25, 2.75, 0.75], "rotation": 270, "texture": "#1"},
				"south": {"uv": [2.25, 0.25, 2.75, 0.75], "rotation": 270, "texture": "#1"},
				"west": {"uv": [2.25, 0.25, 2.75, 0.75], "rotation": 270, "texture": "#1"},
				"up": {"uv": [2.25, 0.25, 2.75, 0.75], "rotation": 270, "texture": "#1"},
				"down": {"uv": [2.25, 0.25, 2.75, 0.75], "rotation": 270, "texture": "#1"}
			}
		},
		{
			"name": "voxel",
			"from": [8.45, 2.46667, 7.98333],
			"to": [8.58333, 2.6, 8.25],
			"faces": {
				"north": {"uv": [2.25, 0.25, 2.75, 0.75], "rotation": 90, "texture": "#1"},
				"east": {"uv": [2.25, 0.25, 2.75, 0.75], "rotation": 270, "texture": "#1"},
				"south": {"uv": [2.25, 0.25, 2.75, 0.75], "rotation": 270, "texture": "#1"},
				"west": {"uv": [2.25, 0.25, 2.75, 0.75], "rotation": 270, "texture": "#1"},
				"up": {"uv": [2.25, 0.25, 2.75, 0.75], "rotation": 270, "texture": "#1"},
				"down": {"uv": [2.25, 0.25, 2.75, 0.75], "rotation": 270, "texture": "#1"}
			}
		},
		{
			"name": "voxel",
			"from": [8.45, 2.06667, 7.98333],
			"to": [8.58333, 2.2, 8.25],
			"faces": {
				"north": {"uv": [2.25, 0.25, 2.75, 0.75], "rotation": 90, "texture": "#1"},
				"east": {"uv": [2.25, 0.25, 2.75, 0.75], "rotation": 270, "texture": "#1"},
				"south": {"uv": [2.25, 0.25, 2.75, 0.75], "rotation": 270, "texture": "#1"},
				"west": {"uv": [2.25, 0.25, 2.75, 0.75], "rotation": 270, "texture": "#1"},
				"up": {"uv": [2.25, 0.25, 2.75, 0.75], "rotation": 270, "texture": "#1"},
				"down": {"uv": [2.25, 0.25, 2.75, 0.75], "rotation": 270, "texture": "#1"}
			}
		},
		{
			"name": "voxel",
			"from": [8.45, 1.4, 7.98333],
			"to": [8.58333, 1.53333, 8.51667],
			"faces": {
				"north": {"uv": [2.25, 0.25, 2.75, 0.75], "rotation": 90, "texture": "#1"},
				"east": {"uv": [2.25, 0.25, 2.75, 0.75], "rotation": 270, "texture": "#1"},
				"south": {"uv": [2.25, 0.25, 2.75, 0.75], "rotation": 270, "texture": "#1"},
				"west": {"uv": [2.25, 0.25, 2.75, 0.75], "rotation": 270, "texture": "#1"},
				"up": {"uv": [2.25, 0.25, 2.75, 0.75], "rotation": 270, "texture": "#1"},
				"down": {"uv": [2.25, 0.25, 2.75, 0.75], "rotation": 270, "texture": "#1"}
			}
		},
		{
			"name": "voxel",
			"from": [8.45, 3.26667, 7.71667],
			"to": [8.58333, 3.4, 7.85],
			"faces": {
				"north": {"uv": [2.25, 0.25, 2.75, 0.75], "rotation": 90, "texture": "#1"},
				"east": {"uv": [2.25, 0.25, 2.75, 0.75], "rotation": 270, "texture": "#1"},
				"south": {"uv": [2.25, 0.25, 2.75, 0.75], "rotation": 270, "texture": "#1"},
				"west": {"uv": [2.25, 0.25, 2.75, 0.75], "rotation": 270, "texture": "#1"},
				"up": {"uv": [2.25, 0.25, 2.75, 0.75], "rotation": 270, "texture": "#1"},
				"down": {"uv": [2.25, 0.25, 2.75, 0.75], "rotation": 270, "texture": "#1"}
			}
		},
		{
			"name": "voxel",
			"from": [8.45, 2.86667, 7.71667],
			"to": [8.58333, 3, 7.85],
			"faces": {
				"north": {"uv": [2.25, 0.25, 2.75, 0.75], "rotation": 90, "texture": "#1"},
				"east": {"uv": [2.25, 0.25, 2.75, 0.75], "rotation": 270, "texture": "#1"},
				"south": {"uv": [2.25, 0.25, 2.75, 0.75], "rotation": 270, "texture": "#1"},
				"west": {"uv": [2.25, 0.25, 2.75, 0.75], "rotation": 270, "texture": "#1"},
				"up": {"uv": [2.25, 0.25, 2.75, 0.75], "rotation": 270, "texture": "#1"},
				"down": {"uv": [2.25, 0.25, 2.75, 0.75], "rotation": 270, "texture": "#1"}
			}
		},
		{
			"name": "voxel",
			"from": [8.45, 2.46667, 7.71667],
			"to": [8.58333, 2.6, 7.85],
			"faces": {
				"north": {"uv": [2.25, 0.25, 2.75, 0.75], "rotation": 90, "texture": "#1"},
				"east": {"uv": [2.25, 0.25, 2.75, 0.75], "rotation": 270, "texture": "#1"},
				"south": {"uv": [2.25, 0.25, 2.75, 0.75], "rotation": 270, "texture": "#1"},
				"west": {"uv": [2.25, 0.25, 2.75, 0.75], "rotation": 270, "texture": "#1"},
				"up": {"uv": [2.25, 0.25, 2.75, 0.75], "rotation": 270, "texture": "#1"},
				"down": {"uv": [2.25, 0.25, 2.75, 0.75], "rotation": 270, "texture": "#1"}
			}
		},
		{
			"name": "voxel",
			"from": [8.45, 2.06667, 7.71667],
			"to": [8.58333, 2.2, 7.85],
			"faces": {
				"north": {"uv": [2.25, 0.25, 2.75, 0.75], "rotation": 90, "texture": "#1"},
				"east": {"uv": [2.25, 0.25, 2.75, 0.75], "rotation": 270, "texture": "#1"},
				"south": {"uv": [2.25, 0.25, 2.75, 0.75], "rotation": 270, "texture": "#1"},
				"west": {"uv": [2.25, 0.25, 2.75, 0.75], "rotation": 270, "texture": "#1"},
				"up": {"uv": [2.25, 0.25, 2.75, 0.75], "rotation": 270, "texture": "#1"},
				"down": {"uv": [2.25, 0.25, 2.75, 0.75], "rotation": 270, "texture": "#1"}
			}
		},
		{
			"name": "voxel",
			"from": [8.45, 1.66667, 7.71667],
			"to": [8.58333, 1.8, 8.25],
			"faces": {
				"north": {"uv": [1.25, 0.25, 1.75, 0.75], "rotation": 90, "texture": "#1"},
				"east": {"uv": [1.25, 0.25, 1.75, 0.75], "rotation": 270, "texture": "#1"},
				"south": {"uv": [1.25, 0.25, 1.75, 0.75], "rotation": 270, "texture": "#1"},
				"west": {"uv": [1.25, 0.25, 1.75, 0.75], "rotation": 270, "texture": "#1"},
				"up": {"uv": [1.25, 0.25, 1.75, 0.75], "rotation": 270, "texture": "#1"},
				"down": {"uv": [1.25, 0.25, 1.75, 0.75], "rotation": 270, "texture": "#1"}
			}
		},
		{
			"name": "voxel",
			"from": [8.45, 1.4, 7.71667],
			"to": [8.58333, 1.53333, 7.98333],
			"faces": {
				"north": {"uv": [1.25, 0.25, 1.75, 0.75], "rotation": 90, "texture": "#1"},
				"east": {"uv": [1.25, 0.25, 1.75, 0.75], "rotation": 270, "texture": "#1"},
				"south": {"uv": [1.25, 0.25, 1.75, 0.75], "rotation": 270, "texture": "#1"},
				"west": {"uv": [1.25, 0.25, 1.75, 0.75], "rotation": 270, "texture": "#1"},
				"up": {"uv": [1.25, 0.25, 1.75, 0.75], "rotation": 270, "texture": "#1"},
				"down": {"uv": [1.25, 0.25, 1.75, 0.75], "rotation": 270, "texture": "#1"}
			}
		},
		{
			"name": "voxel",
			"from": [8.45, 2.06667, 8.51667],
			"to": [8.71667, 3.4, 8.78333],
			"faces": {
				"north": {"uv": [0.25, 0.25, 0.75, 0.75], "rotation": 90, "texture": "#1"},
				"east": {"uv": [0.25, 0.25, 0.75, 0.75], "rotation": 270, "texture": "#1"},
				"south": {"uv": [0.25, 0.25, 0.75, 0.75], "rotation": 270, "texture": "#1"},
				"west": {"uv": [0.25, 0.25, 0.75, 0.75], "rotation": 270, "texture": "#1"},
				"up": {"uv": [0.25, 0.25, 0.75, 0.75], "rotation": 270, "texture": "#1"},
				"down": {"uv": [0.25, 0.25, 0.75, 0.75], "rotation": 270, "texture": "#1"}
			}
		},
		{
			"name": "voxel",
			"from": [8.45, 1.26667, 8.51667],
			"to": [8.71667, 1.8, 8.78333],
			"faces": {
				"north": {"uv": [0.25, 0.25, 0.75, 0.75], "rotation": 90, "texture": "#1"},
				"east": {"uv": [0.25, 0.25, 0.75, 0.75], "rotation": 270, "texture": "#1"},
				"south": {"uv": [0.25, 0.25, 0.75, 0.75], "rotation": 270, "texture": "#1"},
				"west": {"uv": [0.25, 0.25, 0.75, 0.75], "rotation": 270, "texture": "#1"},
				"up": {"uv": [0.25, 0.25, 0.75, 0.75], "rotation": 270, "texture": "#1"},
				"down": {"uv": [0.25, 0.25, 0.75, 0.75], "rotation": 270, "texture": "#1"}
			}
		},
		{
			"name": "voxel",
			"from": [8.45, 3.13333, 8.38333],
			"to": [8.71667, 3.26667, 8.51667],
			"faces": {
				"north": {"uv": [1.25, 0.25, 1.75, 0.75], "rotation": 90, "texture": "#1"},
				"east": {"uv": [1.25, 0.25, 1.75, 0.75], "rotation": 270, "texture": "#1"},
				"south": {"uv": [1.25, 0.25, 1.75, 0.75], "rotation": 270, "texture": "#1"},
				"west": {"uv": [1.25, 0.25, 1.75, 0.75], "rotation": 270, "texture": "#1"},
				"up": {"uv": [1.25, 0.25, 1.75, 0.75], "rotation": 270, "texture": "#1"},
				"down": {"uv": [1.25, 0.25, 1.75, 0.75], "rotation": 270, "texture": "#1"}
			}
		},
		{
			"name": "voxel",
			"from": [8.45, 3, 8.38333],
			"to": [8.71667, 3.13333, 8.51667],
			"faces": {
				"north": {"uv": [2.25, 0.25, 2.75, 0.75], "rotation": 90, "texture": "#1"},
				"east": {"uv": [2.25, 0.25, 2.75, 0.75], "rotation": 270, "texture": "#1"},
				"south": {"uv": [2.25, 0.25, 2.75, 0.75], "rotation": 270, "texture": "#1"},
				"west": {"uv": [2.25, 0.25, 2.75, 0.75], "rotation": 270, "texture": "#1"},
				"up": {"uv": [2.25, 0.25, 2.75, 0.75], "rotation": 270, "texture": "#1"},
				"down": {"uv": [2.25, 0.25, 2.75, 0.75], "rotation": 270, "texture": "#1"}
			}
		},
		{
			"name": "voxel",
			"from": [8.45, 2.6, 8.38333],
			"to": [8.71667, 2.86667, 8.51667],
			"faces": {
				"north": {"uv": [2.25, 0.25, 2.75, 0.75], "rotation": 90, "texture": "#1"},
				"east": {"uv": [2.25, 0.25, 2.75, 0.75], "rotation": 270, "texture": "#1"},
				"south": {"uv": [2.25, 0.25, 2.75, 0.75], "rotation": 270, "texture": "#1"},
				"west": {"uv": [2.25, 0.25, 2.75, 0.75], "rotation": 270, "texture": "#1"},
				"up": {"uv": [2.25, 0.25, 2.75, 0.75], "rotation": 270, "texture": "#1"},
				"down": {"uv": [2.25, 0.25, 2.75, 0.75], "rotation": 270, "texture": "#1"}
			}
		},
		{
			"name": "voxel",
			"from": [8.45, 3.13333, 8.25],
			"to": [8.71667, 3.4, 8.38333],
			"faces": {
				"north": {"uv": [1.25, 0.25, 1.75, 0.75], "rotation": 90, "texture": "#1"},
				"east": {"uv": [1.25, 0.25, 1.75, 0.75], "rotation": 270, "texture": "#1"},
				"south": {"uv": [1.25, 0.25, 1.75, 0.75], "rotation": 270, "texture": "#1"},
				"west": {"uv": [1.25, 0.25, 1.75, 0.75], "rotation": 270, "texture": "#1"},
				"up": {"uv": [1.25, 0.25, 1.75, 0.75], "rotation": 270, "texture": "#1"},
				"down": {"uv": [1.25, 0.25, 1.75, 0.75], "rotation": 270, "texture": "#1"}
			}
		},
		{
			"name": "voxel",
			"from": [8.45, 2.46667, 8.25],
			"to": [8.71667, 3.13333, 8.38333],
			"faces": {
				"north": {"uv": [2.25, 0.25, 2.75, 0.75], "rotation": 90, "texture": "#1"},
				"east": {"uv": [2.25, 0.25, 2.75, 0.75], "rotation": 270, "texture": "#1"},
				"south": {"uv": [2.25, 0.25, 2.75, 0.75], "rotation": 270, "texture": "#1"},
				"west": {"uv": [2.25, 0.25, 2.75, 0.75], "rotation": 270, "texture": "#1"},
				"up": {"uv": [2.25, 0.25, 2.75, 0.75], "rotation": 270, "texture": "#1"},
				"down": {"uv": [2.25, 0.25, 2.75, 0.75], "rotation": 270, "texture": "#1"}
			}
		},
		{
			"name": "voxel",
			"from": [8.45, 2.06667, 8.25],
			"to": [8.71667, 2.2, 8.38333],
			"faces": {
				"north": {"uv": [2.25, 0.25, 2.75, 0.75], "rotation": 90, "texture": "#1"},
				"east": {"uv": [2.25, 0.25, 2.75, 0.75], "rotation": 270, "texture": "#1"},
				"south": {"uv": [2.25, 0.25, 2.75, 0.75], "rotation": 270, "texture": "#1"},
				"west": {"uv": [2.25, 0.25, 2.75, 0.75], "rotation": 270, "texture": "#1"},
				"up": {"uv": [2.25, 0.25, 2.75, 0.75], "rotation": 270, "texture": "#1"},
				"down": {"uv": [2.25, 0.25, 2.75, 0.75], "rotation": 270, "texture": "#1"}
			}
		},
		{
			"name": "voxel",
			"from": [8.45, 1.53333, 8.25],
			"to": [8.71667, 1.66667, 8.51667],
			"faces": {
				"north": {"uv": [2.25, 0.25, 2.75, 0.75], "rotation": 90, "texture": "#1"},
				"east": {"uv": [2.25, 0.25, 2.75, 0.75], "rotation": 270, "texture": "#1"},
				"south": {"uv": [2.25, 0.25, 2.75, 0.75], "rotation": 270, "texture": "#1"},
				"west": {"uv": [2.25, 0.25, 2.75, 0.75], "rotation": 270, "texture": "#1"},
				"up": {"uv": [2.25, 0.25, 2.75, 0.75], "rotation": 270, "texture": "#1"},
				"down": {"uv": [2.25, 0.25, 2.75, 0.75], "rotation": 270, "texture": "#1"}
			}
		},
		{
			"name": "voxel",
			"from": [8.45, 2.33333, 7.98333],
			"to": [8.71667, 2.46667, 8.51667],
			"faces": {
				"north": {"uv": [2.25, 0.25, 2.75, 0.75], "rotation": 90, "texture": "#1"},
				"east": {"uv": [2.25, 0.25, 2.75, 0.75], "rotation": 270, "texture": "#1"},
				"south": {"uv": [2.25, 0.25, 2.75, 0.75], "rotation": 270, "texture": "#1"},
				"west": {"uv": [2.25, 0.25, 2.75, 0.75], "rotation": 270, "texture": "#1"},
				"up": {"uv": [2.25, 0.25, 2.75, 0.75], "rotation": 270, "texture": "#1"},
				"down": {"uv": [2.25, 0.25, 2.75, 0.75], "rotation": 270, "texture": "#1"}
			}
		},
		{
			"name": "voxel",
			"from": [8.45, 1.26667, 7.98333],
			"to": [8.71667, 1.4, 8.51667],
			"faces": {
				"north": {"uv": [2.25, 0.25, 2.75, 0.75], "rotation": 90, "texture": "#1"},
				"east": {"uv": [2.25, 0.25, 2.75, 0.75], "rotation": 270, "texture": "#1"},
				"south": {"uv": [2.25, 0.25, 2.75, 0.75], "rotation": 270, "texture": "#1"},
				"west": {"uv": [2.25, 0.25, 2.75, 0.75], "rotation": 270, "texture": "#1"},
				"up": {"uv": [2.25, 0.25, 2.75, 0.75], "rotation": 270, "texture": "#1"},
				"down": {"uv": [2.25, 0.25, 2.75, 0.75], "rotation": 270, "texture": "#1"}
			}
		},
		{
			"name": "voxel",
			"from": [8.45, 3.26667, 7.85],
			"to": [8.71667, 3.4, 7.98333],
			"faces": {
				"north": {"uv": [1.25, 0.25, 1.75, 0.75], "rotation": 90, "texture": "#1"},
				"east": {"uv": [1.25, 0.25, 1.75, 0.75], "rotation": 270, "texture": "#1"},
				"south": {"uv": [1.25, 0.25, 1.75, 0.75], "rotation": 270, "texture": "#1"},
				"west": {"uv": [1.25, 0.25, 1.75, 0.75], "rotation": 270, "texture": "#1"},
				"up": {"uv": [1.25, 0.25, 1.75, 0.75], "rotation": 270, "texture": "#1"},
				"down": {"uv": [1.25, 0.25, 1.75, 0.75], "rotation": 270, "texture": "#1"}
			}
		},
		{
			"name": "voxel",
			"from": [8.45, 2.86667, 7.85],
			"to": [8.71667, 3, 7.98333],
			"faces": {
				"north": {"uv": [1.25, 0.25, 1.75, 0.75], "rotation": 90, "texture": "#1"},
				"east": {"uv": [1.25, 0.25, 1.75, 0.75], "rotation": 270, "texture": "#1"},
				"south": {"uv": [1.25, 0.25, 1.75, 0.75], "rotation": 270, "texture": "#1"},
				"west": {"uv": [1.25, 0.25, 1.75, 0.75], "rotation": 270, "texture": "#1"},
				"up": {"uv": [1.25, 0.25, 1.75, 0.75], "rotation": 270, "texture": "#1"},
				"down": {"uv": [1.25, 0.25, 1.75, 0.75], "rotation": 270, "texture": "#1"}
			}
		},
		{
			"name": "voxel",
			"from": [8.45, 2.46667, 7.85],
			"to": [8.71667, 2.6, 7.98333],
			"faces": {
				"north": {"uv": [1.25, 0.25, 1.75, 0.75], "rotation": 90, "texture": "#1"},
				"east": {"uv": [1.25, 0.25, 1.75, 0.75], "rotation": 270, "texture": "#1"},
				"south": {"uv": [1.25, 0.25, 1.75, 0.75], "rotation": 270, "texture": "#1"},
				"west": {"uv": [1.25, 0.25, 1.75, 0.75], "rotation": 270, "texture": "#1"},
				"up": {"uv": [1.25, 0.25, 1.75, 0.75], "rotation": 270, "texture": "#1"},
				"down": {"uv": [1.25, 0.25, 1.75, 0.75], "rotation": 270, "texture": "#1"}
			}
		},
		{
			"name": "voxel",
			"from": [8.45, 2.06667, 7.85],
			"to": [8.71667, 2.2, 7.98333],
			"faces": {
				"north": {"uv": [2.25, 0.25, 2.75, 0.75], "rotation": 90, "texture": "#1"},
				"east": {"uv": [2.25, 0.25, 2.75, 0.75], "rotation": 270, "texture": "#1"},
				"south": {"uv": [2.25, 0.25, 2.75, 0.75], "rotation": 270, "texture": "#1"},
				"west": {"uv": [2.25, 0.25, 2.75, 0.75], "rotation": 270, "texture": "#1"},
				"up": {"uv": [2.25, 0.25, 2.75, 0.75], "rotation": 270, "texture": "#1"},
				"down": {"uv": [2.25, 0.25, 2.75, 0.75], "rotation": 270, "texture": "#1"}
			}
		},
		{
			"name": "voxel",
			"from": [8.45, 3.4, 7.71667],
			"to": [8.71667, 3.66667, 8.78333],
			"faces": {
				"north": {"uv": [0.25, 0.25, 0.75, 0.75], "rotation": 90, "texture": "#1"},
				"east": {"uv": [0.25, 0.25, 0.75, 0.75], "rotation": 270, "texture": "#1"},
				"south": {"uv": [0.25, 0.25, 0.75, 0.75], "rotation": 270, "texture": "#1"},
				"west": {"uv": [0.25, 0.25, 0.75, 0.75], "rotation": 270, "texture": "#1"},
				"up": {"uv": [0.25, 0.25, 0.75, 0.75], "rotation": 270, "texture": "#1"},
				"down": {"uv": [0.25, 0.25, 0.75, 0.75], "rotation": 270, "texture": "#1"}
			}
		},
		{
			"name": "voxel",
			"from": [8.45, 3, 7.71667],
			"to": [8.71667, 3.26667, 8.25],
			"faces": {
				"north": {"uv": [1.25, 0.25, 1.75, 0.75], "rotation": 90, "texture": "#1"},
				"east": {"uv": [1.25, 0.25, 1.75, 0.75], "rotation": 270, "texture": "#1"},
				"south": {"uv": [1.25, 0.25, 1.75, 0.75], "rotation": 270, "texture": "#1"},
				"west": {"uv": [1.25, 0.25, 1.75, 0.75], "rotation": 270, "texture": "#1"},
				"up": {"uv": [1.25, 0.25, 1.75, 0.75], "rotation": 270, "texture": "#1"},
				"down": {"uv": [1.25, 0.25, 1.75, 0.75], "rotation": 270, "texture": "#1"}
			}
		},
		{
			"name": "voxel",
			"from": [8.45, 2.6, 7.71667],
			"to": [8.71667, 2.86667, 8.25],
			"faces": {
				"north": {"uv": [1.25, 0.25, 1.75, 0.75], "rotation": 90, "texture": "#1"},
				"east": {"uv": [1.25, 0.25, 1.75, 0.75], "rotation": 270, "texture": "#1"},
				"south": {"uv": [1.25, 0.25, 1.75, 0.75], "rotation": 270, "texture": "#1"},
				"west": {"uv": [1.25, 0.25, 1.75, 0.75], "rotation": 270, "texture": "#1"},
				"up": {"uv": [1.25, 0.25, 1.75, 0.75], "rotation": 270, "texture": "#1"},
				"down": {"uv": [1.25, 0.25, 1.75, 0.75], "rotation": 270, "texture": "#1"}
			}
		},
		{
			"name": "voxel",
			"from": [8.45, 2.33333, 7.71667],
			"to": [8.71667, 2.46667, 7.98333],
			"faces": {
				"north": {"uv": [1.25, 0.25, 1.75, 0.75], "rotation": 90, "texture": "#1"},
				"east": {"uv": [1.25, 0.25, 1.75, 0.75], "rotation": 270, "texture": "#1"},
				"south": {"uv": [1.25, 0.25, 1.75, 0.75], "rotation": 270, "texture": "#1"},
				"west": {"uv": [1.25, 0.25, 1.75, 0.75], "rotation": 270, "texture": "#1"},
				"up": {"uv": [1.25, 0.25, 1.75, 0.75], "rotation": 270, "texture": "#1"},
				"down": {"uv": [1.25, 0.25, 1.75, 0.75], "rotation": 270, "texture": "#1"}
			}
		},
		{
			"name": "voxel",
			"from": [8.45, 2.2, 7.71667],
			"to": [8.71667, 2.33333, 8.51667],
			"faces": {
				"north": {"uv": [2.25, 0.25, 2.75, 0.75], "rotation": 90, "texture": "#1"},
				"east": {"uv": [2.25, 0.25, 2.75, 0.75], "rotation": 270, "texture": "#1"},
				"south": {"uv": [2.25, 0.25, 2.75, 0.75], "rotation": 270, "texture": "#1"},
				"west": {"uv": [2.25, 0.25, 2.75, 0.75], "rotation": 270, "texture": "#1"},
				"up": {"uv": [2.25, 0.25, 2.75, 0.75], "rotation": 270, "texture": "#1"},
				"down": {"uv": [2.25, 0.25, 2.75, 0.75], "rotation": 270, "texture": "#1"}
			}
		},
		{
			"name": "voxel",
			"from": [8.45, 1.8, 7.71667],
			"to": [8.71667, 2.06667, 8.78333],
			"faces": {
				"north": {"uv": [0.25, 0.25, 0.75, 0.75], "rotation": 90, "texture": "#1"},
				"east": {"uv": [0.25, 0.25, 0.75, 0.75], "rotation": 270, "texture": "#1"},
				"south": {"uv": [0.25, 0.25, 0.75, 0.75], "rotation": 270, "texture": "#1"},
				"west": {"uv": [0.25, 0.25, 0.75, 0.75], "rotation": 270, "texture": "#1"},
				"up": {"uv": [0.25, 0.25, 0.75, 0.75], "rotation": 270, "texture": "#1"},
				"down": {"uv": [0.25, 0.25, 0.75, 0.75], "rotation": 270, "texture": "#1"}
			}
		},
		{
			"name": "voxel",
			"from": [8.45, 1.53333, 7.71667],
			"to": [8.71667, 1.66667, 8.25],
			"faces": {
				"north": {"uv": [1.25, 0.25, 1.75, 0.75], "rotation": 90, "texture": "#1"},
				"east": {"uv": [1.25, 0.25, 1.75, 0.75], "rotation": 270, "texture": "#1"},
				"south": {"uv": [1.25, 0.25, 1.75, 0.75], "rotation": 270, "texture": "#1"},
				"west": {"uv": [1.25, 0.25, 1.75, 0.75], "rotation": 270, "texture": "#1"},
				"up": {"uv": [1.25, 0.25, 1.75, 0.75], "rotation": 270, "texture": "#1"},
				"down": {"uv": [1.25, 0.25, 1.75, 0.75], "rotation": 270, "texture": "#1"}
			}
		},
		{
			"name": "voxel",
			"from": [8.45, 1.26667, 7.71667],
			"to": [8.71667, 1.4, 7.98333],
			"faces": {
				"north": {"uv": [1.25, 0.25, 1.75, 0.75], "rotation": 90, "texture": "#1"},
				"east": {"uv": [1.25, 0.25, 1.75, 0.75], "rotation": 270, "texture": "#1"},
				"south": {"uv": [1.25, 0.25, 1.75, 0.75], "rotation": 270, "texture": "#1"},
				"west": {"uv": [1.25, 0.25, 1.75, 0.75], "rotation": 270, "texture": "#1"},
				"up": {"uv": [1.25, 0.25, 1.75, 0.75], "rotation": 270, "texture": "#1"},
				"down": {"uv": [1.25, 0.25, 1.75, 0.75], "rotation": 270, "texture": "#1"}
			}
		},
		{
			"name": "voxel",
			"from": [8.45, 1, 7.71667],
			"to": [8.71667, 1.26667, 8.78333],
			"faces": {
				"north": {"uv": [0.25, 0.25, 0.75, 0.75], "rotation": 90, "texture": "#1"},
				"east": {"uv": [0.25, 0.25, 0.75, 0.75], "rotation": 270, "texture": "#1"},
				"south": {"uv": [0.25, 0.25, 0.75, 0.75], "rotation": 270, "texture": "#1"},
				"west": {"uv": [0.25, 0.25, 0.75, 0.75], "rotation": 270, "texture": "#1"},
				"up": {"uv": [0.25, 0.25, 0.75, 0.75], "rotation": 270, "texture": "#1"},
				"down": {"uv": [0.25, 0.25, 0.75, 0.75], "rotation": 270, "texture": "#1"}
			}
		},
		{
			"name": "voxel",
			"from": [8.45, 1, 7.45],
			"to": [8.71667, 3.66667, 7.71667],
			"faces": {
				"north": {"uv": [0.25, 0.25, 0.75, 0.75], "rotation": 90, "texture": "#1"},
				"east": {"uv": [0.25, 0.25, 0.75, 0.75], "rotation": 270, "texture": "#1"},
				"south": {"uv": [0.25, 0.25, 0.75, 0.75], "rotation": 270, "texture": "#1"},
				"west": {"uv": [0.25, 0.25, 0.75, 0.75], "rotation": 270, "texture": "#1"},
				"up": {"uv": [0.25, 0.25, 0.75, 0.75], "rotation": 270, "texture": "#1"},
				"down": {"uv": [0.25, 0.25, 0.75, 0.75], "rotation": 270, "texture": "#1"}
			}
		}
	],
	"display": {
		"thirdperson_righthand": {
			"translation": [-0.75, 5.25, 0.5],
			"scale": [1, 1, 1]
		},
		"thirdperson_lefthand": {
			"translation": [-0.75, 5.25, 0.5],
			"scale": [1, 1, 1]
		},
		"firstperson_righthand": {
			"rotation": [-21.25, 0, 0],
			"translation": [2.75, 9.25, -2.5],
			"scale": [1.5, 1.5, 1.5]
		},
		"firstperson_lefthand": {
			"rotation": [-21.25, 0, 0],
			"translation": [2.75, 9.25, -2.5],
			"scale": [1.5, 1.5, 1.5]
		},
		"ground": {
			"rotation": [0, 0, 90],
			"translation": [-7, -1, -0.25],
			"scale": [1.25, 1.25, 1.25]
		},
		"gui": {
			"rotation": [0, 0, -45],
			"translation": [11, 11, 0],
			"scale": [3, 3, 3]
		},
		"fixed": {
			"rotation": [0, 90, 0],
			"translation": [0, 10.25, 0],
			"scale": [2, 2, 2]
		}
	},
	"groups": [
		{
			"name": "voxel_file",
			"origin": [8, 8, 8],
			"color": 0,
			"children": [0, 1, 2, 3, 4, 5, 6, 7, 8, 9, 10, 11, 12, 13, 14, 15, 16, 17, 18, 19, 20, 21, 22, 23, 24, 25, 26, 27, 28, 29, 30, 31, 32, 33, 34, 35, 36, 37, 38, 39, 40, 41, 42, 43, 44, 45, 46, 47, 48, 49, 50, 51, 52, 53, 54, 55, 56, 57, 58, 59, 60, 61, 62, 63, 64, 65, 66, 67, 68, 69, 70, 71, 72, 73, 74, 75, 76, 77, 78, 79, 80, 81, 82, 83, 84, 85, 86, 87, 88, 89, 90, 91, 92, 93, 94, 95, 96, 97, 98, 99, 100, 101, 102, 103, 104, 105, 106, 107, 108, 109, 110, 111, 112, 113, 114, 115, 116, 117, 118, 119, 120, 121, 122, 123, 124, 125, 126, 127, 128, 129, 130, 131, 132, 133, 134, 135, 136, 137, 138, 139, 140, 141, 142, 143, 144, 145, 146, 147, 148, 149, 150, 151, 152, 153, 154, 155, 156, 157, 158, 159, 160, 161]
		}
	]
}