{
	"credit": "Made with Blockbench",
	"textures": {
		"1": "block/fire_arrester",
		"particle": "block/fire_arrester"
	},
	"elements": [
		{
			"name": "voxel",
			"from": [8.4, 4.43333, 8.56667],
			"to": [8.66667, 5.23333, 8.83333],
			"faces": {
				"north": {"uv": [0.25, 0.25, 0.75, 0.75], "rotation": 270, "texture": "#1"},
				"east": {"uv": [0.25, 0.25, 0.75, 0.75], "rotation": 90, "texture": "#1"},
				"south": {"uv": [0.25, 0.25, 0.75, 0.75], "rotation": 90, "texture": "#1"},
				"west": {"uv": [0.25, 0.25, 0.75, 0.75], "rotation": 90, "texture": "#1"},
				"up": {"uv": [0.25, 0.25, 0.75, 0.75], "rotation": 90, "texture": "#1"},
				"down": {"uv": [0.25, 0.25, 0.75, 0.75], "rotation": 90, "texture": "#1"}
			}
		},
		{
			"name": "voxel",
			"from": [8.4, 1.36667, 8.3],
			"to": [8.53333, 3.9, 8.43333],
			"faces": {
				"north": {"uv": [1.25, 0.25, 1.75, 0.75], "rotation": 270, "texture": "#1"},
				"east": {"uv": [1.25, 0.25, 1.75, 0.75], "rotation": 90, "texture": "#1"},
				"south": {"uv": [1.25, 0.25, 1.75, 0.75], "rotation": 90, "texture": "#1"},
				"west": {"uv": [1.25, 0.25, 1.75, 0.75], "rotation": 90, "texture": "#1"},
				"up": {"uv": [1.25, 0.25, 1.75, 0.75], "rotation": 90, "texture": "#1"},
				"down": {"uv": [1.25, 0.25, 1.75, 0.75], "rotation": 90, "texture": "#1"}
			}
		},
		{
			"name": "voxel",
			"from": [8.4, 3.9, 8.3],
			"to": [8.53333, 4.03333, 8.43333],
			"faces": {
				"north": {"uv": [2.25, 0.25, 2.75, 0.75], "rotation": 270, "texture": "#1"},
				"east": {"uv": [2.25, 0.25, 2.75, 0.75], "rotation": 90, "texture": "#1"},
				"south": {"uv": [2.25, 0.25, 2.75, 0.75], "rotation": 90, "texture": "#1"},
				"west": {"uv": [2.25, 0.25, 2.75, 0.75], "rotation": 90, "texture": "#1"},
				"up": {"uv": [2.25, 0.25, 2.75, 0.75], "rotation": 90, "texture": "#1"},
				"down": {"uv": [2.25, 0.25, 2.75, 0.75], "rotation": 90, "texture": "#1"}
			}
		},
		{
			"name": "voxel",
			"from": [8.4, 4.43333, 8.3],
			"to": [8.66667, 4.96667, 8.56667],
			"faces": {
				"north": {"uv": [2.25, 0.25, 2.75, 0.75], "rotation": 270, "texture": "#1"},
				"east": {"uv": [2.25, 0.25, 2.75, 0.75], "rotation": 90, "texture": "#1"},
				"south": {"uv": [2.25, 0.25, 2.75, 0.75], "rotation": 90, "texture": "#1"},
				"west": {"uv": [2.25, 0.25, 2.75, 0.75], "rotation": 90, "texture": "#1"},
				"up": {"uv": [2.25, 0.25, 2.75, 0.75], "rotation": 90, "texture": "#1"},
				"down": {"uv": [2.25, 0.25, 2.75, 0.75], "rotation": 90, "texture": "#1"}
			}
		},
		{
			"name": "voxel",
			"from": [8.4, 1.23333, 8.03333],
			"to": [8.53333, 1.36667, 8.43333],
			"faces": {
				"north": {"uv": [1.25, 0.25, 1.75, 0.75], "rotation": 270, "texture": "#1"},
				"east": {"uv": [1.25, 0.25, 1.75, 0.75], "rotation": 90, "texture": "#1"},
				"south": {"uv": [1.25, 0.25, 1.75, 0.75], "rotation": 90, "texture": "#1"},
				"west": {"uv": [1.25, 0.25, 1.75, 0.75], "rotation": 90, "texture": "#1"},
				"up": {"uv": [1.25, 0.25, 1.75, 0.75], "rotation": 90, "texture": "#1"},
				"down": {"uv": [1.25, 0.25, 1.75, 0.75], "rotation": 90, "texture": "#1"}
			}
		},
		{
			"name": "voxel",
			"from": [8.4, 4.03333, 8.03333],
			"to": [8.53333, 4.16667, 8.43333],
			"faces": {
				"north": {"uv": [2.25, 0.25, 2.75, 0.75], "rotation": 270, "texture": "#1"},
				"east": {"uv": [2.25, 0.25, 2.75, 0.75], "rotation": 90, "texture": "#1"},
				"south": {"uv": [2.25, 0.25, 2.75, 0.75], "rotation": 90, "texture": "#1"},
				"west": {"uv": [2.25, 0.25, 2.75, 0.75], "rotation": 90, "texture": "#1"},
				"up": {"uv": [2.25, 0.25, 2.75, 0.75], "rotation": 90, "texture": "#1"},
				"down": {"uv": [2.25, 0.25, 2.75, 0.75], "rotation": 90, "texture": "#1"}
			}
		},
		{
			"name": "voxel",
			"from": [8.4, 4.43333, 8.03333],
			"to": [8.66667, 4.96667, 8.3],
			"faces": {
				"north": {"uv": [1.25, 0.25, 1.75, 0.75], "rotation": 270, "texture": "#1"},
				"east": {"uv": [1.25, 0.25, 1.75, 0.75], "rotation": 90, "texture": "#1"},
				"south": {"uv": [1.25, 0.25, 1.75, 0.75], "rotation": 90, "texture": "#1"},
				"west": {"uv": [1.25, 0.25, 1.75, 0.75], "rotation": 90, "texture": "#1"},
				"up": {"uv": [1.25, 0.25, 1.75, 0.75], "rotation": 90, "texture": "#1"},
				"down": {"uv": [1.25, 0.25, 1.75, 0.75], "rotation": 90, "texture": "#1"}
			}
		},
		{
			"name": "voxel",
			"from": [8.4, 4.96667, 8.03333],
			"to": [8.66667, 5.23333, 8.56667],
			"faces": {
				"north": {"uv": [2.25, 0.25, 2.75, 0.75], "rotation": 270, "texture": "#1"},
				"east": {"uv": [2.25, 0.25, 2.75, 0.75], "rotation": 90, "texture": "#1"},
				"south": {"uv": [2.25, 0.25, 2.75, 0.75], "rotation": 90, "texture": "#1"},
				"west": {"uv": [2.25, 0.25, 2.75, 0.75], "rotation": 90, "texture": "#1"},
				"up": {"uv": [2.25, 0.25, 2.75, 0.75], "rotation": 90, "texture": "#1"},
				"down": {"uv": [2.25, 0.25, 2.75, 0.75], "rotation": 90, "texture": "#1"}
			}
		},
		{
			"name": "voxel",
			"from": [8.4, 1.23333, 7.9],
			"to": [8.53333, 1.76667, 8.03333],
			"faces": {
				"north": {"uv": [1.25, 0.25, 1.75, 0.75], "rotation": 270, "texture": "#1"},
				"east": {"uv": [1.25, 0.25, 1.75, 0.75], "rotation": 90, "texture": "#1"},
				"south": {"uv": [1.25, 0.25, 1.75, 0.75], "rotation": 90, "texture": "#1"},
				"west": {"uv": [1.25, 0.25, 1.75, 0.75], "rotation": 90, "texture": "#1"},
				"up": {"uv": [1.25, 0.25, 1.75, 0.75], "rotation": 90, "texture": "#1"},
				"down": {"uv": [1.25, 0.25, 1.75, 0.75], "rotation": 90, "texture": "#1"}
			}
		},
		{
			"name": "voxel",
			"from": [8.4, 1.76667, 7.9],
			"to": [8.53333, 4.16667, 8.03333],
			"faces": {
				"north": {"uv": [2.25, 0.25, 2.75, 0.75], "rotation": 270, "texture": "#1"},
				"east": {"uv": [2.25, 0.25, 2.75, 0.75], "rotation": 90, "texture": "#1"},
				"south": {"uv": [2.25, 0.25, 2.75, 0.75], "rotation": 90, "texture": "#1"},
				"west": {"uv": [2.25, 0.25, 2.75, 0.75], "rotation": 90, "texture": "#1"},
				"up": {"uv": [2.25, 0.25, 2.75, 0.75], "rotation": 90, "texture": "#1"},
				"down": {"uv": [2.25, 0.25, 2.75, 0.75], "rotation": 90, "texture": "#1"}
			}
		},
		{
			"name": "voxel",
			"from": [8.4, 4.16667, 7.9],
			"to": [8.66667, 4.43333, 8.43333],
			"faces": {
				"north": {"uv": [0.25, 0.25, 0.75, 0.75], "rotation": 270, "texture": "#1"},
				"east": {"uv": [0.25, 0.25, 0.75, 0.75], "rotation": 90, "texture": "#1"},
				"south": {"uv": [0.25, 0.25, 0.75, 0.75], "rotation": 90, "texture": "#1"},
				"west": {"uv": [0.25, 0.25, 0.75, 0.75], "rotation": 90, "texture": "#1"},
				"up": {"uv": [0.25, 0.25, 0.75, 0.75], "rotation": 90, "texture": "#1"},
				"down": {"uv": [0.25, 0.25, 0.75, 0.75], "rotation": 90, "texture": "#1"}
			}
		},
		{
			"name": "voxel",
			"from": [8.4, 0.96667, 7.76667],
			"to": [8.53333, 1.23333, 8.56667],
			"faces": {
				"north": {"uv": [0.25, 0.25, 0.75, 0.75], "rotation": 270, "texture": "#1"},
				"east": {"uv": [0.25, 0.25, 0.75, 0.75], "rotation": 90, "texture": "#1"},
				"south": {"uv": [0.25, 0.25, 0.75, 0.75], "rotation": 90, "texture": "#1"},
				"west": {"uv": [0.25, 0.25, 0.75, 0.75], "rotation": 90, "texture": "#1"},
				"up": {"uv": [0.25, 0.25, 0.75, 0.75], "rotation": 90, "texture": "#1"},
				"down": {"uv": [0.25, 0.25, 0.75, 0.75], "rotation": 90, "texture": "#1"}
			}
		},
		{
			"name": "voxel",
			"from": [8.4, 4.43333, 7.76667],
			"to": [8.66667, 5.23333, 8.03333],
			"faces": {
				"north": {"uv": [1.25, 0.25, 1.75, 0.75], "rotation": 270, "texture": "#1"},
				"east": {"uv": [1.25, 0.25, 1.75, 0.75], "rotation": 90, "texture": "#1"},
				"south": {"uv": [1.25, 0.25, 1.75, 0.75], "rotation": 90, "texture": "#1"},
				"west": {"uv": [1.25, 0.25, 1.75, 0.75], "rotation": 90, "texture": "#1"},
				"up": {"uv": [1.25, 0.25, 1.75, 0.75], "rotation": 90, "texture": "#1"},
				"down": {"uv": [1.25, 0.25, 1.75, 0.75], "rotation": 90, "texture": "#1"}
			}
		},
		{
			"name": "voxel",
			"from": [8.4, 5.23333, 7.76667],
			"to": [8.66667, 5.5, 8.56667],
			"faces": {
				"north": {"uv": [0.25, 0.25, 0.75, 0.75], "rotation": 270, "texture": "#1"},
				"east": {"uv": [0.25, 0.25, 0.75, 0.75], "rotation": 90, "texture": "#1"},
				"south": {"uv": [0.25, 0.25, 0.75, 0.75], "rotation": 90, "texture": "#1"},
				"west": {"uv": [0.25, 0.25, 0.75, 0.75], "rotation": 90, "texture": "#1"},
				"up": {"uv": [0.25, 0.25, 0.75, 0.75], "rotation": 90, "texture": "#1"},
				"down": {"uv": [0.25, 0.25, 0.75, 0.75], "rotation": 90, "texture": "#1"}
			}
		},
		{
			"name": "voxel",
			"from": [8.4, 4.43333, 7.5],
			"to": [8.66667, 5.23333, 7.76667],
			"faces": {
				"north": {"uv": [0.25, 0.25, 0.75, 0.75], "rotation": 270, "texture": "#1"},
				"east": {"uv": [0.25, 0.25, 0.75, 0.75], "rotation": 90, "texture": "#1"},
				"south": {"uv": [0.25, 0.25, 0.75, 0.75], "rotation": 90, "texture": "#1"},
				"west": {"uv": [0.25, 0.25, 0.75, 0.75], "rotation": 90, "texture": "#1"},
				"up": {"uv": [0.25, 0.25, 0.75, 0.75], "rotation": 90, "texture": "#1"},
				"down": {"uv": [0.25, 0.25, 0.75, 0.75], "rotation": 90, "texture": "#1"}
			}
		},
		{
			"name": "voxel",
			"from": [8.26667, 1.23333, 8.43333],
			"to": [8.53333, 4.16667, 8.7],
			"faces": {
				"north": {"uv": [0.25, 0.25, 0.75, 0.75], "rotation": 270, "texture": "#1"},
				"east": {"uv": [0.25, 0.25, 0.75, 0.75], "rotation": 90, "texture": "#1"},
				"south": {"uv": [0.25, 0.25, 0.75, 0.75], "rotation": 90, "texture": "#1"},
				"west": {"uv": [0.25, 0.25, 0.75, 0.75], "rotation": 90, "texture": "#1"},
				"up": {"uv": [0.25, 0.25, 0.75, 0.75], "rotation": 90, "texture": "#1"},
				"down": {"uv": [0.25, 0.25, 0.75, 0.75], "rotation": 90, "texture": "#1"}
			}
		},
		{
			"name": "voxel",
			"from": [8.26667, 1.36667, 8.03333],
			"to": [8.4, 2.83333, 8.3],
			"faces": {
				"north": {"uv": [1.25, 0.25, 1.75, 0.75], "rotation": 270, "texture": "#1"},
				"east": {"uv": [1.25, 0.25, 1.75, 0.75], "rotation": 90, "texture": "#1"},
				"south": {"uv": [1.25, 0.25, 1.75, 0.75], "rotation": 90, "texture": "#1"},
				"west": {"uv": [1.25, 0.25, 1.75, 0.75], "rotation": 90, "texture": "#1"},
				"up": {"uv": [1.25, 0.25, 1.75, 0.75], "rotation": 90, "texture": "#1"},
				"down": {"uv": [1.25, 0.25, 1.75, 0.75], "rotation": 90, "texture": "#1"}
			}
		},
		{
			"name": "voxel",
			"from": [8.26667, 2.83333, 8.03333],
			"to": [8.4, 4.03333, 8.3],
			"faces": {
				"north": {"uv": [2.25, 0.25, 2.75, 0.75], "rotation": 270, "texture": "#1"},
				"east": {"uv": [2.25, 0.25, 2.75, 0.75], "rotation": 90, "texture": "#1"},
				"south": {"uv": [2.25, 0.25, 2.75, 0.75], "rotation": 90, "texture": "#1"},
				"west": {"uv": [2.25, 0.25, 2.75, 0.75], "rotation": 90, "texture": "#1"},
				"up": {"uv": [2.25, 0.25, 2.75, 0.75], "rotation": 90, "texture": "#1"},
				"down": {"uv": [2.25, 0.25, 2.75, 0.75], "rotation": 90, "texture": "#1"}
			}
		},
		{
			"name": "voxel",
			"from": [8.26667, 1.23333, 7.63333],
			"to": [8.53333, 4.16667, 7.9],
			"faces": {
				"north": {"uv": [0.25, 0.25, 0.75, 0.75], "rotation": 270, "texture": "#1"},
				"east": {"uv": [0.25, 0.25, 0.75, 0.75], "rotation": 90, "texture": "#1"},
				"south": {"uv": [0.25, 0.25, 0.75, 0.75], "rotation": 90, "texture": "#1"},
				"west": {"uv": [0.25, 0.25, 0.75, 0.75], "rotation": 90, "texture": "#1"},
				"up": {"uv": [0.25, 0.25, 0.75, 0.75], "rotation": 90, "texture": "#1"},
				"down": {"uv": [0.25, 0.25, 0.75, 0.75], "rotation": 90, "texture": "#1"}
			}
		},
		{
			"name": "voxel",
			"from": [8.13333, 1.36667, 8.56667],
			"to": [8.26667, 1.5, 8.7],
			"faces": {
				"north": {"uv": [2.25, 0.25, 2.75, 0.75], "rotation": 270, "texture": "#1"},
				"east": {"uv": [2.25, 0.25, 2.75, 0.75], "rotation": 90, "texture": "#1"},
				"south": {"uv": [2.25, 0.25, 2.75, 0.75], "rotation": 90, "texture": "#1"},
				"west": {"uv": [2.25, 0.25, 2.75, 0.75], "rotation": 90, "texture": "#1"},
				"up": {"uv": [2.25, 0.25, 2.75, 0.75], "rotation": 90, "texture": "#1"},
				"down": {"uv": [2.25, 0.25, 2.75, 0.75], "rotation": 90, "texture": "#1"}
			}
		},
		{
			"name": "voxel",
			"from": [8.13333, 1.5, 8.56667],
			"to": [8.26667, 4.03333, 8.7],
			"faces": {
				"north": {"uv": [1.25, 0.25, 1.75, 0.75], "rotation": 270, "texture": "#1"},
				"east": {"uv": [1.25, 0.25, 1.75, 0.75], "rotation": 90, "texture": "#1"},
				"south": {"uv": [1.25, 0.25, 1.75, 0.75], "rotation": 90, "texture": "#1"},
				"west": {"uv": [1.25, 0.25, 1.75, 0.75], "rotation": 90, "texture": "#1"},
				"up": {"uv": [1.25, 0.25, 1.75, 0.75], "rotation": 90, "texture": "#1"},
				"down": {"uv": [1.25, 0.25, 1.75, 0.75], "rotation": 90, "texture": "#1"}
			}
		},
		{
			"name": "voxel",
			"from": [8.13333, 4.96667, 8.56667],
			"to": [8.4, 5.23333, 8.83333],
			"faces": {
				"north": {"uv": [1.25, 0.25, 1.75, 0.75], "rotation": 270, "texture": "#1"},
				"east": {"uv": [1.25, 0.25, 1.75, 0.75], "rotation": 90, "texture": "#1"},
				"south": {"uv": [1.25, 0.25, 1.75, 0.75], "rotation": 90, "texture": "#1"},
				"west": {"uv": [1.25, 0.25, 1.75, 0.75], "rotation": 90, "texture": "#1"},
				"up": {"uv": [1.25, 0.25, 1.75, 0.75], "rotation": 90, "texture": "#1"},
				"down": {"uv": [1.25, 0.25, 1.75, 0.75], "rotation": 90, "texture": "#1"}
			}
		},
		{
			"name": "voxel",
			"from": [8.13333, 5.23333, 8.03333],
			"to": [8.4, 5.5, 8.56667],
			"faces": {
				"north": {"uv": [2.25, 0.25, 2.75, 0.75], "rotation": 270, "texture": "#1"},
				"east": {"uv": [2.25, 0.25, 2.75, 0.75], "rotation": 90, "texture": "#1"},
				"south": {"uv": [2.25, 0.25, 2.75, 0.75], "rotation": 90, "texture": "#1"},
				"west": {"uv": [2.25, 0.25, 2.75, 0.75], "rotation": 90, "texture": "#1"},
				"up": {"uv": [2.25, 0.25, 2.75, 0.75], "rotation": 90, "texture": "#1"},
				"down": {"uv": [2.25, 0.25, 2.75, 0.75], "rotation": 90, "texture": "#1"}
			}
		},
		{
			"name": "voxel",
			"from": [8.13333, 0.96667, 7.76667],
			"to": [8.4, 1.23333, 8.3],
			"faces": {
				"north": {"uv": [1.25, 0.25, 1.75, 0.75], "rotation": 270, "texture": "#1"},
				"east": {"uv": [1.25, 0.25, 1.75, 0.75], "rotation": 90, "texture": "#1"},
				"south": {"uv": [1.25, 0.25, 1.75, 0.75], "rotation": 90, "texture": "#1"},
				"west": {"uv": [1.25, 0.25, 1.75, 0.75], "rotation": 90, "texture": "#1"},
				"up": {"uv": [1.25, 0.25, 1.75, 0.75], "rotation": 90, "texture": "#1"},
				"down": {"uv": [1.25, 0.25, 1.75, 0.75], "rotation": 90, "texture": "#1"}
			}
		},
		{
			"name": "voxel",
			"from": [8.13333, 1.36667, 7.63333],
			"to": [8.26667, 3.9, 7.76667],
			"faces": {
				"north": {"uv": [1.25, 0.25, 1.75, 0.75], "rotation": 270, "texture": "#1"},
				"east": {"uv": [1.25, 0.25, 1.75, 0.75], "rotation": 90, "texture": "#1"},
				"south": {"uv": [1.25, 0.25, 1.75, 0.75], "rotation": 90, "texture": "#1"},
				"west": {"uv": [1.25, 0.25, 1.75, 0.75], "rotation": 90, "texture": "#1"},
				"up": {"uv": [1.25, 0.25, 1.75, 0.75], "rotation": 90, "texture": "#1"},
				"down": {"uv": [1.25, 0.25, 1.75, 0.75], "rotation": 90, "texture": "#1"}
			}
		},
		{
			"name": "voxel",
			"from": [8.13333, 3.9, 7.63333],
			"to": [8.26667, 4.03333, 7.76667],
			"faces": {
				"north": {"uv": [2.25, 0.25, 2.75, 0.75], "rotation": 270, "texture": "#1"},
				"east": {"uv": [2.25, 0.25, 2.75, 0.75], "rotation": 90, "texture": "#1"},
				"south": {"uv": [2.25, 0.25, 2.75, 0.75], "rotation": 90, "texture": "#1"},
				"west": {"uv": [2.25, 0.25, 2.75, 0.75], "rotation": 90, "texture": "#1"},
				"up": {"uv": [2.25, 0.25, 2.75, 0.75], "rotation": 90, "texture": "#1"},
				"down": {"uv": [2.25, 0.25, 2.75, 0.75], "rotation": 90, "texture": "#1"}
			}
		},
		{
			"name": "voxel",
			"from": [8.13333, 4.96667, 7.5],
			"to": [8.4, 5.23333, 7.76667],
			"faces": {
				"north": {"uv": [1.25, 0.25, 1.75, 0.75], "rotation": 270, "texture": "#1"},
				"east": {"uv": [1.25, 0.25, 1.75, 0.75], "rotation": 90, "texture": "#1"},
				"south": {"uv": [1.25, 0.25, 1.75, 0.75], "rotation": 90, "texture": "#1"},
				"west": {"uv": [1.25, 0.25, 1.75, 0.75], "rotation": 90, "texture": "#1"},
				"up": {"uv": [1.25, 0.25, 1.75, 0.75], "rotation": 90, "texture": "#1"},
				"down": {"uv": [1.25, 0.25, 1.75, 0.75], "rotation": 90, "texture": "#1"}
			}
		},
		{
			"name": "voxel",
			"from": [7.86667, 1.23333, 8.56667],
			"to": [8.26667, 1.36667, 8.7],
			"faces": {
				"north": {"uv": [2.25, 0.25, 2.75, 0.75], "rotation": 270, "texture": "#1"},
				"east": {"uv": [2.25, 0.25, 2.75, 0.75], "rotation": 90, "texture": "#1"},
				"south": {"uv": [2.25, 0.25, 2.75, 0.75], "rotation": 90, "texture": "#1"},
				"west": {"uv": [2.25, 0.25, 2.75, 0.75], "rotation": 90, "texture": "#1"},
				"up": {"uv": [2.25, 0.25, 2.75, 0.75], "rotation": 90, "texture": "#1"},
				"down": {"uv": [2.25, 0.25, 2.75, 0.75], "rotation": 90, "texture": "#1"}
			}
		},
		{
			"name": "voxel",
			"from": [7.86667, 4.03333, 8.56667],
			"to": [8.26667, 4.16667, 8.7],
			"faces": {
				"north": {"uv": [1.25, 0.25, 1.75, 0.75], "rotation": 270, "texture": "#1"},
				"east": {"uv": [1.25, 0.25, 1.75, 0.75], "rotation": 90, "texture": "#1"},
				"south": {"uv": [1.25, 0.25, 1.75, 0.75], "rotation": 90, "texture": "#1"},
				"west": {"uv": [1.25, 0.25, 1.75, 0.75], "rotation": 90, "texture": "#1"},
				"up": {"uv": [1.25, 0.25, 1.75, 0.75], "rotation": 90, "texture": "#1"},
				"down": {"uv": [1.25, 0.25, 1.75, 0.75], "rotation": 90, "texture": "#1"}
			}
		},
		{
			"name": "voxel",
			"from": [7.86667, 4.43333, 8.56667],
			"to": [8.4, 4.96667, 8.83333],
			"faces": {
				"north": {"uv": [1.25, 0.25, 1.75, 0.75], "rotation": 270, "texture": "#1"},
				"east": {"uv": [1.25, 0.25, 1.75, 0.75], "rotation": 90, "texture": "#1"},
				"south": {"uv": [1.25, 0.25, 1.75, 0.75], "rotation": 90, "texture": "#1"},
				"west": {"uv": [1.25, 0.25, 1.75, 0.75], "rotation": 90, "texture": "#1"},
				"up": {"uv": [1.25, 0.25, 1.75, 0.75], "rotation": 90, "texture": "#1"},
				"down": {"uv": [1.25, 0.25, 1.75, 0.75], "rotation": 90, "texture": "#1"}
			}
		},
		{
			"name": "voxel",
			"from": [7.86667, 4.96667, 8.56667],
			"to": [8.13333, 5.23333, 8.83333],
			"faces": {
				"north": {"uv": [2.25, 0.25, 2.75, 0.75], "rotation": 270, "texture": "#1"},
				"east": {"uv": [2.25, 0.25, 2.75, 0.75], "rotation": 90, "texture": "#1"},
				"south": {"uv": [2.25, 0.25, 2.75, 0.75], "rotation": 90, "texture": "#1"},
				"west": {"uv": [2.25, 0.25, 2.75, 0.75], "rotation": 90, "texture": "#1"},
				"up": {"uv": [2.25, 0.25, 2.75, 0.75], "rotation": 90, "texture": "#1"},
				"down": {"uv": [2.25, 0.25, 2.75, 0.75], "rotation": 90, "texture": "#1"}
			}
		},
		{
			"name": "voxel",
			"from": [7.86667, 1.36667, 8.43333],
			"to": [8.13333, 2.56667, 8.56667],
			"faces": {
				"north": {"uv": [2.25, 0.25, 2.75, 0.75], "rotation": 270, "texture": "#1"},
				"east": {"uv": [2.25, 0.25, 2.75, 0.75], "rotation": 90, "texture": "#1"},
				"south": {"uv": [2.25, 0.25, 2.75, 0.75], "rotation": 90, "texture": "#1"},
				"west": {"uv": [2.25, 0.25, 2.75, 0.75], "rotation": 90, "texture": "#1"},
				"up": {"uv": [2.25, 0.25, 2.75, 0.75], "rotation": 90, "texture": "#1"},
				"down": {"uv": [2.25, 0.25, 2.75, 0.75], "rotation": 90, "texture": "#1"}
			}
		},
		{
			"name": "voxel",
			"from": [7.86667, 2.56667, 8.43333],
			"to": [8.13333, 4.03333, 8.56667],
			"faces": {
				"north": {"uv": [1.25, 0.25, 1.75, 0.75], "rotation": 270, "texture": "#1"},
				"east": {"uv": [1.25, 0.25, 1.75, 0.75], "rotation": 90, "texture": "#1"},
				"south": {"uv": [1.25, 0.25, 1.75, 0.75], "rotation": 90, "texture": "#1"},
				"west": {"uv": [1.25, 0.25, 1.75, 0.75], "rotation": 90, "texture": "#1"},
				"up": {"uv": [1.25, 0.25, 1.75, 0.75], "rotation": 90, "texture": "#1"},
				"down": {"uv": [1.25, 0.25, 1.75, 0.75], "rotation": 90, "texture": "#1"}
			}
		},
		{
			"name": "voxel",
			"from": [7.86667, 0.96667, 8.3],
			"to": [8.4, 1.23333, 8.56667],
			"faces": {
				"north": {"uv": [1.25, 0.25, 1.75, 0.75], "rotation": 270, "texture": "#1"},
				"east": {"uv": [1.25, 0.25, 1.75, 0.75], "rotation": 90, "texture": "#1"},
				"south": {"uv": [1.25, 0.25, 1.75, 0.75], "rotation": 90, "texture": "#1"},
				"west": {"uv": [1.25, 0.25, 1.75, 0.75], "rotation": 90, "texture": "#1"},
				"up": {"uv": [1.25, 0.25, 1.75, 0.75], "rotation": 90, "texture": "#1"},
				"down": {"uv": [1.25, 0.25, 1.75, 0.75], "rotation": 90, "texture": "#1"}
			}
		},
		{
			"name": "voxel",
			"from": [7.86667, 5.23333, 8.3],
			"to": [8.13333, 5.5, 8.56667],
			"faces": {
				"north": {"uv": [1.25, 0.25, 1.75, 0.75], "rotation": 270, "texture": "#1"},
				"east": {"uv": [1.25, 0.25, 1.75, 0.75], "rotation": 90, "texture": "#1"},
				"south": {"uv": [1.25, 0.25, 1.75, 0.75], "rotation": 90, "texture": "#1"},
				"west": {"uv": [1.25, 0.25, 1.75, 0.75], "rotation": 90, "texture": "#1"},
				"up": {"uv": [1.25, 0.25, 1.75, 0.75], "rotation": 90, "texture": "#1"},
				"down": {"uv": [1.25, 0.25, 1.75, 0.75], "rotation": 90, "texture": "#1"}
			}
		},
		{
			"name": "voxel",
			"from": [7.86667, 1.1, 8.03333],
			"to": [8.13333, 1.23333, 8.3],
			"faces": {
				"north": {"uv": [0.25, 0.25, 0.75, 0.75], "rotation": 270, "texture": "#1"},
				"east": {"uv": [0.25, 0.25, 0.75, 0.75], "rotation": 90, "texture": "#1"},
				"south": {"uv": [0.25, 0.25, 0.75, 0.75], "rotation": 90, "texture": "#1"},
				"west": {"uv": [0.25, 0.25, 0.75, 0.75], "rotation": 90, "texture": "#1"},
				"up": {"uv": [0.25, 0.25, 0.75, 0.75], "rotation": 90, "texture": "#1"},
				"down": {"uv": [0.25, 0.25, 0.75, 0.75], "rotation": 90, "texture": "#1"}
			}
		},
		{
			"name": "voxel",
			"from": [7.86667, 5.23333, 8.03333],
			"to": [8.13333, 5.5, 8.3],
			"faces": {
				"north": {"uv": [0.25, 0.25, 0.75, 0.75], "rotation": 270, "texture": "#1"},
				"east": {"uv": [0.25, 0.25, 0.75, 0.75], "rotation": 90, "texture": "#1"},
				"south": {"uv": [0.25, 0.25, 0.75, 0.75], "rotation": 90, "texture": "#1"},
				"west": {"uv": [0.25, 0.25, 0.75, 0.75], "rotation": 90, "texture": "#1"},
				"up": {"uv": [0.25, 0.25, 0.75, 0.75], "rotation": 90, "texture": "#1"},
				"down": {"uv": [0.25, 0.25, 0.75, 0.75], "rotation": 90, "texture": "#1"}
			}
		},
		{
			"name": "voxel",
			"from": [7.86667, 0.96667, 7.76667],
			"to": [8.13333, 1.23333, 8.03333],
			"faces": {
				"north": {"uv": [2.25, 0.25, 2.75, 0.75], "rotation": 270, "texture": "#1"},
				"east": {"uv": [2.25, 0.25, 2.75, 0.75], "rotation": 90, "texture": "#1"},
				"south": {"uv": [2.25, 0.25, 2.75, 0.75], "rotation": 90, "texture": "#1"},
				"west": {"uv": [2.25, 0.25, 2.75, 0.75], "rotation": 90, "texture": "#1"},
				"up": {"uv": [2.25, 0.25, 2.75, 0.75], "rotation": 90, "texture": "#1"},
				"down": {"uv": [2.25, 0.25, 2.75, 0.75], "rotation": 90, "texture": "#1"}
			}
		},
		{
			"name": "voxel",
			"from": [7.86667, 1.36667, 7.76667],
			"to": [8.13333, 2.83333, 7.9],
			"faces": {
				"north": {"uv": [1.25, 0.25, 1.75, 0.75], "rotation": 270, "texture": "#1"},
				"east": {"uv": [1.25, 0.25, 1.75, 0.75], "rotation": 90, "texture": "#1"},
				"south": {"uv": [1.25, 0.25, 1.75, 0.75], "rotation": 90, "texture": "#1"},
				"west": {"uv": [1.25, 0.25, 1.75, 0.75], "rotation": 90, "texture": "#1"},
				"up": {"uv": [1.25, 0.25, 1.75, 0.75], "rotation": 90, "texture": "#1"},
				"down": {"uv": [1.25, 0.25, 1.75, 0.75], "rotation": 90, "texture": "#1"}
			}
		},
		{
			"name": "voxel",
			"from": [7.86667, 2.83333, 7.76667],
			"to": [8.13333, 4.03333, 7.9],
			"faces": {
				"north": {"uv": [2.25, 0.25, 2.75, 0.75], "rotation": 270, "texture": "#1"},
				"east": {"uv": [2.25, 0.25, 2.75, 0.75], "rotation": 90, "texture": "#1"},
				"south": {"uv": [2.25, 0.25, 2.75, 0.75], "rotation": 90, "texture": "#1"},
				"west": {"uv": [2.25, 0.25, 2.75, 0.75], "rotation": 90, "texture": "#1"},
				"up": {"uv": [2.25, 0.25, 2.75, 0.75], "rotation": 90, "texture": "#1"},
				"down": {"uv": [2.25, 0.25, 2.75, 0.75], "rotation": 90, "texture": "#1"}
			}
		},
		{
			"name": "voxel",
			"from": [7.86667, 5.23333, 7.76667],
			"to": [8.4, 5.5, 8.03333],
			"faces": {
				"north": {"uv": [2.25, 0.25, 2.75, 0.75], "rotation": 270, "texture": "#1"},
				"east": {"uv": [2.25, 0.25, 2.75, 0.75], "rotation": 90, "texture": "#1"},
				"south": {"uv": [2.25, 0.25, 2.75, 0.75], "rotation": 90, "texture": "#1"},
				"west": {"uv": [2.25, 0.25, 2.75, 0.75], "rotation": 90, "texture": "#1"},
				"up": {"uv": [2.25, 0.25, 2.75, 0.75], "rotation": 90, "texture": "#1"},
				"down": {"uv": [2.25, 0.25, 2.75, 0.75], "rotation": 90, "texture": "#1"}
			}
		},
		{
			"name": "voxel",
			"from": [7.86667, 1.23333, 7.63333],
			"to": [8.26667, 1.36667, 7.76667],
			"faces": {
				"north": {"uv": [1.25, 0.25, 1.75, 0.75], "rotation": 270, "texture": "#1"},
				"east": {"uv": [1.25, 0.25, 1.75, 0.75], "rotation": 90, "texture": "#1"},
				"south": {"uv": [1.25, 0.25, 1.75, 0.75], "rotation": 90, "texture": "#1"},
				"west": {"uv": [1.25, 0.25, 1.75, 0.75], "rotation": 90, "texture": "#1"},
				"up": {"uv": [1.25, 0.25, 1.75, 0.75], "rotation": 90, "texture": "#1"},
				"down": {"uv": [1.25, 0.25, 1.75, 0.75], "rotation": 90, "texture": "#1"}
			}
		},
		{
			"name": "voxel",
			"from": [7.86667, 4.03333, 7.63333],
			"to": [8.26667, 4.16667, 7.76667],
			"faces": {
				"north": {"uv": [2.25, 0.25, 2.75, 0.75], "rotation": 270, "texture": "#1"},
				"east": {"uv": [2.25, 0.25, 2.75, 0.75], "rotation": 90, "texture": "#1"},
				"south": {"uv": [2.25, 0.25, 2.75, 0.75], "rotation": 90, "texture": "#1"},
				"west": {"uv": [2.25, 0.25, 2.75, 0.75], "rotation": 90, "texture": "#1"},
				"up": {"uv": [2.25, 0.25, 2.75, 0.75], "rotation": 90, "texture": "#1"},
				"down": {"uv": [2.25, 0.25, 2.75, 0.75], "rotation": 90, "texture": "#1"}
			}
		},
		{
			"name": "voxel",
			"from": [7.86667, 4.43333, 7.5],
			"to": [8.4, 4.96667, 7.76667],
			"faces": {
				"north": {"uv": [1.25, 0.25, 1.75, 0.75], "rotation": 270, "texture": "#1"},
				"east": {"uv": [1.25, 0.25, 1.75, 0.75], "rotation": 90, "texture": "#1"},
				"south": {"uv": [1.25, 0.25, 1.75, 0.75], "rotation": 90, "texture": "#1"},
				"west": {"uv": [1.25, 0.25, 1.75, 0.75], "rotation": 90, "texture": "#1"},
				"up": {"uv": [1.25, 0.25, 1.75, 0.75], "rotation": 90, "texture": "#1"},
				"down": {"uv": [1.25, 0.25, 1.75, 0.75], "rotation": 90, "texture": "#1"}
			}
		},
		{
			"name": "voxel",
			"from": [7.86667, 4.96667, 7.5],
			"to": [8.13333, 5.23333, 7.76667],
			"faces": {
				"north": {"uv": [2.25, 0.25, 2.75, 0.75], "rotation": 270, "texture": "#1"},
				"east": {"uv": [2.25, 0.25, 2.75, 0.75], "rotation": 90, "texture": "#1"},
				"south": {"uv": [2.25, 0.25, 2.75, 0.75], "rotation": 90, "texture": "#1"},
				"west": {"uv": [2.25, 0.25, 2.75, 0.75], "rotation": 90, "texture": "#1"},
				"up": {"uv": [2.25, 0.25, 2.75, 0.75], "rotation": 90, "texture": "#1"},
				"down": {"uv": [2.25, 0.25, 2.75, 0.75], "rotation": 90, "texture": "#1"}
			}
		},
		{
			"name": "voxel",
			"from": [7.73333, 1.23333, 8.56667],
			"to": [7.86667, 3.63333, 8.7],
			"faces": {
				"north": {"uv": [2.25, 0.25, 2.75, 0.75], "rotation": 270, "texture": "#1"},
				"east": {"uv": [2.25, 0.25, 2.75, 0.75], "rotation": 90, "texture": "#1"},
				"south": {"uv": [2.25, 0.25, 2.75, 0.75], "rotation": 90, "texture": "#1"},
				"west": {"uv": [2.25, 0.25, 2.75, 0.75], "rotation": 90, "texture": "#1"},
				"up": {"uv": [2.25, 0.25, 2.75, 0.75], "rotation": 90, "texture": "#1"},
				"down": {"uv": [2.25, 0.25, 2.75, 0.75], "rotation": 90, "texture": "#1"}
			}
		},
		{
			"name": "voxel",
			"from": [7.73333, 3.63333, 8.56667],
			"to": [7.86667, 4.16667, 8.7],
			"faces": {
				"north": {"uv": [1.25, 0.25, 1.75, 0.75], "rotation": 270, "texture": "#1"},
				"east": {"uv": [1.25, 0.25, 1.75, 0.75], "rotation": 90, "texture": "#1"},
				"south": {"uv": [1.25, 0.25, 1.75, 0.75], "rotation": 90, "texture": "#1"},
				"west": {"uv": [1.25, 0.25, 1.75, 0.75], "rotation": 90, "texture": "#1"},
				"up": {"uv": [1.25, 0.25, 1.75, 0.75], "rotation": 90, "texture": "#1"},
				"down": {"uv": [1.25, 0.25, 1.75, 0.75], "rotation": 90, "texture": "#1"}
			}
		},
		{
			"name": "voxel",
			"from": [7.73333, 1.23333, 7.63333],
			"to": [7.86667, 1.76667, 7.76667],
			"faces": {
				"north": {"uv": [1.25, 0.25, 1.75, 0.75], "rotation": 270, "texture": "#1"},
				"east": {"uv": [1.25, 0.25, 1.75, 0.75], "rotation": 90, "texture": "#1"},
				"south": {"uv": [1.25, 0.25, 1.75, 0.75], "rotation": 90, "texture": "#1"},
				"west": {"uv": [1.25, 0.25, 1.75, 0.75], "rotation": 90, "texture": "#1"},
				"up": {"uv": [1.25, 0.25, 1.75, 0.75], "rotation": 90, "texture": "#1"},
				"down": {"uv": [1.25, 0.25, 1.75, 0.75], "rotation": 90, "texture": "#1"}
			}
		},
		{
			"name": "voxel",
			"from": [7.73333, 1.76667, 7.63333],
			"to": [7.86667, 4.16667, 7.76667],
			"faces": {
				"north": {"uv": [2.25, 0.25, 2.75, 0.75], "rotation": 270, "texture": "#1"},
				"east": {"uv": [2.25, 0.25, 2.75, 0.75], "rotation": 90, "texture": "#1"},
				"south": {"uv": [2.25, 0.25, 2.75, 0.75], "rotation": 90, "texture": "#1"},
				"west": {"uv": [2.25, 0.25, 2.75, 0.75], "rotation": 90, "texture": "#1"},
				"up": {"uv": [2.25, 0.25, 2.75, 0.75], "rotation": 90, "texture": "#1"},
				"down": {"uv": [2.25, 0.25, 2.75, 0.75], "rotation": 90, "texture": "#1"}
			}
		},
		{
			"name": "voxel",
			"from": [7.6, 0.96667, 8.56667],
			"to": [8.53333, 1.23333, 8.7],
			"faces": {
				"north": {"uv": [0.25, 0.25, 0.75, 0.75], "rotation": 270, "texture": "#1"},
				"east": {"uv": [0.25, 0.25, 0.75, 0.75], "rotation": 90, "texture": "#1"},
				"south": {"uv": [0.25, 0.25, 0.75, 0.75], "rotation": 90, "texture": "#1"},
				"west": {"uv": [0.25, 0.25, 0.75, 0.75], "rotation": 90, "texture": "#1"},
				"up": {"uv": [0.25, 0.25, 0.75, 0.75], "rotation": 90, "texture": "#1"},
				"down": {"uv": [0.25, 0.25, 0.75, 0.75], "rotation": 90, "texture": "#1"}
			}
		},
		{
			"name": "voxel",
			"from": [7.6, 4.43333, 8.56667],
			"to": [7.86667, 5.23333, 8.83333],
			"faces": {
				"north": {"uv": [2.25, 0.25, 2.75, 0.75], "rotation": 270, "texture": "#1"},
				"east": {"uv": [2.25, 0.25, 2.75, 0.75], "rotation": 90, "texture": "#1"},
				"south": {"uv": [2.25, 0.25, 2.75, 0.75], "rotation": 90, "texture": "#1"},
				"west": {"uv": [2.25, 0.25, 2.75, 0.75], "rotation": 90, "texture": "#1"},
				"up": {"uv": [2.25, 0.25, 2.75, 0.75], "rotation": 90, "texture": "#1"},
				"down": {"uv": [2.25, 0.25, 2.75, 0.75], "rotation": 90, "texture": "#1"}
			}
		},
		{
			"name": "voxel",
			"from": [7.6, 5.23333, 8.56667],
			"to": [8.66667, 5.5, 8.83333],
			"faces": {
				"north": {"uv": [0.25, 0.25, 0.75, 0.75], "rotation": 270, "texture": "#1"},
				"east": {"uv": [0.25, 0.25, 0.75, 0.75], "rotation": 90, "texture": "#1"},
				"south": {"uv": [0.25, 0.25, 0.75, 0.75], "rotation": 90, "texture": "#1"},
				"west": {"uv": [0.25, 0.25, 0.75, 0.75], "rotation": 90, "texture": "#1"},
				"up": {"uv": [0.25, 0.25, 0.75, 0.75], "rotation": 90, "texture": "#1"},
				"down": {"uv": [0.25, 0.25, 0.75, 0.75], "rotation": 90, "texture": "#1"}
			}
		},
		{
			"name": "voxel",
			"from": [7.6, 4.16667, 8.43333],
			"to": [8.66667, 4.43333, 8.83333],
			"faces": {
				"north": {"uv": [0.25, 0.25, 0.75, 0.75], "rotation": 270, "texture": "#1"},
				"east": {"uv": [0.25, 0.25, 0.75, 0.75], "rotation": 90, "texture": "#1"},
				"south": {"uv": [0.25, 0.25, 0.75, 0.75], "rotation": 90, "texture": "#1"},
				"west": {"uv": [0.25, 0.25, 0.75, 0.75], "rotation": 90, "texture": "#1"},
				"up": {"uv": [0.25, 0.25, 0.75, 0.75], "rotation": 90, "texture": "#1"},
				"down": {"uv": [0.25, 0.25, 0.75, 0.75], "rotation": 90, "texture": "#1"}
			}
		},
		{
			"name": "voxel",
			"from": [7.6, 1.36667, 8.03333],
			"to": [7.73333, 2.83333, 8.3],
			"faces": {
				"north": {"uv": [1.25, 0.25, 1.75, 0.75], "rotation": 270, "texture": "#1"},
				"east": {"uv": [1.25, 0.25, 1.75, 0.75], "rotation": 90, "texture": "#1"},
				"south": {"uv": [1.25, 0.25, 1.75, 0.75], "rotation": 90, "texture": "#1"},
				"west": {"uv": [1.25, 0.25, 1.75, 0.75], "rotation": 90, "texture": "#1"},
				"up": {"uv": [1.25, 0.25, 1.75, 0.75], "rotation": 90, "texture": "#1"},
				"down": {"uv": [1.25, 0.25, 1.75, 0.75], "rotation": 90, "texture": "#1"}
			}
		},
		{
			"name": "voxel",
			"from": [7.6, 2.83333, 8.03333],
			"to": [7.73333, 4.03333, 8.3],
			"faces": {
				"north": {"uv": [2.25, 0.25, 2.75, 0.75], "rotation": 270, "texture": "#1"},
				"east": {"uv": [2.25, 0.25, 2.75, 0.75], "rotation": 90, "texture": "#1"},
				"south": {"uv": [2.25, 0.25, 2.75, 0.75], "rotation": 90, "texture": "#1"},
				"west": {"uv": [2.25, 0.25, 2.75, 0.75], "rotation": 90, "texture": "#1"},
				"up": {"uv": [2.25, 0.25, 2.75, 0.75], "rotation": 90, "texture": "#1"},
				"down": {"uv": [2.25, 0.25, 2.75, 0.75], "rotation": 90, "texture": "#1"}
			}
		},
		{
			"name": "voxel",
			"from": [7.6, 0.96667, 7.76667],
			"to": [7.86667, 1.23333, 8.56667],
			"faces": {
				"north": {"uv": [2.25, 0.25, 2.75, 0.75], "rotation": 270, "texture": "#1"},
				"east": {"uv": [2.25, 0.25, 2.75, 0.75], "rotation": 90, "texture": "#1"},
				"south": {"uv": [2.25, 0.25, 2.75, 0.75], "rotation": 90, "texture": "#1"},
				"west": {"uv": [2.25, 0.25, 2.75, 0.75], "rotation": 90, "texture": "#1"},
				"up": {"uv": [2.25, 0.25, 2.75, 0.75], "rotation": 90, "texture": "#1"},
				"down": {"uv": [2.25, 0.25, 2.75, 0.75], "rotation": 90, "texture": "#1"}
			}
		},
		{
			"name": "voxel",
			"from": [7.6, 5.23333, 7.76667],
			"to": [7.86667, 5.5, 8.56667],
			"faces": {
				"north": {"uv": [1.25, 0.25, 1.75, 0.75], "rotation": 270, "texture": "#1"},
				"east": {"uv": [1.25, 0.25, 1.75, 0.75], "rotation": 90, "texture": "#1"},
				"south": {"uv": [1.25, 0.25, 1.75, 0.75], "rotation": 90, "texture": "#1"},
				"west": {"uv": [1.25, 0.25, 1.75, 0.75], "rotation": 90, "texture": "#1"},
				"up": {"uv": [1.25, 0.25, 1.75, 0.75], "rotation": 90, "texture": "#1"},
				"down": {"uv": [1.25, 0.25, 1.75, 0.75], "rotation": 90, "texture": "#1"}
			}
		},
		{
			"name": "voxel",
			"from": [7.6, 0.96667, 7.63333],
			"to": [8.53333, 1.23333, 7.76667],
			"faces": {
				"north": {"uv": [0.25, 0.25, 0.75, 0.75], "rotation": 270, "texture": "#1"},
				"east": {"uv": [0.25, 0.25, 0.75, 0.75], "rotation": 90, "texture": "#1"},
				"south": {"uv": [0.25, 0.25, 0.75, 0.75], "rotation": 90, "texture": "#1"},
				"west": {"uv": [0.25, 0.25, 0.75, 0.75], "rotation": 90, "texture": "#1"},
				"up": {"uv": [0.25, 0.25, 0.75, 0.75], "rotation": 90, "texture": "#1"},
				"down": {"uv": [0.25, 0.25, 0.75, 0.75], "rotation": 90, "texture": "#1"}
			}
		},
		{
			"name": "voxel",
			"from": [7.6, 4.16667, 7.5],
			"to": [8.66667, 4.43333, 7.9],
			"faces": {
				"north": {"uv": [0.25, 0.25, 0.75, 0.75], "rotation": 270, "texture": "#1"},
				"east": {"uv": [0.25, 0.25, 0.75, 0.75], "rotation": 90, "texture": "#1"},
				"south": {"uv": [0.25, 0.25, 0.75, 0.75], "rotation": 90, "texture": "#1"},
				"west": {"uv": [0.25, 0.25, 0.75, 0.75], "rotation": 90, "texture": "#1"},
				"up": {"uv": [0.25, 0.25, 0.75, 0.75], "rotation": 90, "texture": "#1"},
				"down": {"uv": [0.25, 0.25, 0.75, 0.75], "rotation": 90, "texture": "#1"}
			}
		},
		{
			"name": "voxel",
			"from": [7.6, 4.43333, 7.5],
			"to": [7.86667, 5.23333, 7.76667],
			"faces": {
				"north": {"uv": [2.25, 0.25, 2.75, 0.75], "rotation": 270, "texture": "#1"},
				"east": {"uv": [2.25, 0.25, 2.75, 0.75], "rotation": 90, "texture": "#1"},
				"south": {"uv": [2.25, 0.25, 2.75, 0.75], "rotation": 90, "texture": "#1"},
				"west": {"uv": [2.25, 0.25, 2.75, 0.75], "rotation": 90, "texture": "#1"},
				"up": {"uv": [2.25, 0.25, 2.75, 0.75], "rotation": 90, "texture": "#1"},
				"down": {"uv": [2.25, 0.25, 2.75, 0.75], "rotation": 90, "texture": "#1"}
			}
		},
		{
			"name": "voxel",
			"from": [7.6, 5.23333, 7.5],
			"to": [8.66667, 5.5, 7.76667],
			"faces": {
				"north": {"uv": [0.25, 0.25, 0.75, 0.75], "rotation": 270, "texture": "#1"},
				"east": {"uv": [0.25, 0.25, 0.75, 0.75], "rotation": 90, "texture": "#1"},
				"south": {"uv": [0.25, 0.25, 0.75, 0.75], "rotation": 90, "texture": "#1"},
				"west": {"uv": [0.25, 0.25, 0.75, 0.75], "rotation": 90, "texture": "#1"},
				"up": {"uv": [0.25, 0.25, 0.75, 0.75], "rotation": 90, "texture": "#1"},
				"down": {"uv": [0.25, 0.25, 0.75, 0.75], "rotation": 90, "texture": "#1"}
			}
		},
		{
			"name": "voxel",
			"from": [7.46667, 1.23333, 8.43333],
			"to": [7.73333, 4.16667, 8.7],
			"faces": {
				"north": {"uv": [0.25, 0.25, 0.75, 0.75], "rotation": 270, "texture": "#1"},
				"east": {"uv": [0.25, 0.25, 0.75, 0.75], "rotation": 90, "texture": "#1"},
				"south": {"uv": [0.25, 0.25, 0.75, 0.75], "rotation": 90, "texture": "#1"},
				"west": {"uv": [0.25, 0.25, 0.75, 0.75], "rotation": 90, "texture": "#1"},
				"up": {"uv": [0.25, 0.25, 0.75, 0.75], "rotation": 90, "texture": "#1"},
				"down": {"uv": [0.25, 0.25, 0.75, 0.75], "rotation": 90, "texture": "#1"}
			}
		},
		{
			"name": "voxel",
			"from": [7.46667, 1.36667, 8.3],
			"to": [7.6, 1.76667, 8.43333],
			"faces": {
				"north": {"uv": [1.25, 0.25, 1.75, 0.75], "rotation": 270, "texture": "#1"},
				"east": {"uv": [1.25, 0.25, 1.75, 0.75], "rotation": 90, "texture": "#1"},
				"south": {"uv": [1.25, 0.25, 1.75, 0.75], "rotation": 90, "texture": "#1"},
				"west": {"uv": [1.25, 0.25, 1.75, 0.75], "rotation": 90, "texture": "#1"},
				"up": {"uv": [1.25, 0.25, 1.75, 0.75], "rotation": 90, "texture": "#1"},
				"down": {"uv": [1.25, 0.25, 1.75, 0.75], "rotation": 90, "texture": "#1"}
			}
		},
		{
			"name": "voxel",
			"from": [7.46667, 1.76667, 8.3],
			"to": [7.6, 4.03333, 8.43333],
			"faces": {
				"north": {"uv": [2.25, 0.25, 2.75, 0.75], "rotation": 270, "texture": "#1"},
				"east": {"uv": [2.25, 0.25, 2.75, 0.75], "rotation": 90, "texture": "#1"},
				"south": {"uv": [2.25, 0.25, 2.75, 0.75], "rotation": 90, "texture": "#1"},
				"west": {"uv": [2.25, 0.25, 2.75, 0.75], "rotation": 90, "texture": "#1"},
				"up": {"uv": [2.25, 0.25, 2.75, 0.75], "rotation": 90, "texture": "#1"},
				"down": {"uv": [2.25, 0.25, 2.75, 0.75], "rotation": 90, "texture": "#1"}
			}
		},
		{
			"name": "voxel",
			"from": [7.46667, 1.23333, 8.03333],
			"to": [7.6, 1.36667, 8.43333],
			"faces": {
				"north": {"uv": [1.25, 0.25, 1.75, 0.75], "rotation": 270, "texture": "#1"},
				"east": {"uv": [1.25, 0.25, 1.75, 0.75], "rotation": 90, "texture": "#1"},
				"south": {"uv": [1.25, 0.25, 1.75, 0.75], "rotation": 90, "texture": "#1"},
				"west": {"uv": [1.25, 0.25, 1.75, 0.75], "rotation": 90, "texture": "#1"},
				"up": {"uv": [1.25, 0.25, 1.75, 0.75], "rotation": 90, "texture": "#1"},
				"down": {"uv": [1.25, 0.25, 1.75, 0.75], "rotation": 90, "texture": "#1"}
			}
		},
		{
			"name": "voxel",
			"from": [7.46667, 4.03333, 8.03333],
			"to": [7.6, 4.16667, 8.43333],
			"faces": {
				"north": {"uv": [2.25, 0.25, 2.75, 0.75], "rotation": 270, "texture": "#1"},
				"east": {"uv": [2.25, 0.25, 2.75, 0.75], "rotation": 90, "texture": "#1"},
				"south": {"uv": [2.25, 0.25, 2.75, 0.75], "rotation": 90, "texture": "#1"},
				"west": {"uv": [2.25, 0.25, 2.75, 0.75], "rotation": 90, "texture": "#1"},
				"up": {"uv": [2.25, 0.25, 2.75, 0.75], "rotation": 90, "texture": "#1"},
				"down": {"uv": [2.25, 0.25, 2.75, 0.75], "rotation": 90, "texture": "#1"}
			}
		},
		{
			"name": "voxel",
			"from": [7.46667, 1.23333, 7.9],
			"to": [7.6, 3.9, 8.03333],
			"faces": {
				"north": {"uv": [1.25, 0.25, 1.75, 0.75], "rotation": 270, "texture": "#1"},
				"east": {"uv": [1.25, 0.25, 1.75, 0.75], "rotation": 90, "texture": "#1"},
				"south": {"uv": [1.25, 0.25, 1.75, 0.75], "rotation": 90, "texture": "#1"},
				"west": {"uv": [1.25, 0.25, 1.75, 0.75], "rotation": 90, "texture": "#1"},
				"up": {"uv": [1.25, 0.25, 1.75, 0.75], "rotation": 90, "texture": "#1"},
				"down": {"uv": [1.25, 0.25, 1.75, 0.75], "rotation": 90, "texture": "#1"}
			}
		},
		{
			"name": "voxel",
			"from": [7.46667, 3.9, 7.9],
			"to": [7.6, 4.16667, 8.03333],
			"faces": {
				"north": {"uv": [2.25, 0.25, 2.75, 0.75], "rotation": 270, "texture": "#1"},
				"east": {"uv": [2.25, 0.25, 2.75, 0.75], "rotation": 90, "texture": "#1"},
				"south": {"uv": [2.25, 0.25, 2.75, 0.75], "rotation": 90, "texture": "#1"},
				"west": {"uv": [2.25, 0.25, 2.75, 0.75], "rotation": 90, "texture": "#1"},
				"up": {"uv": [2.25, 0.25, 2.75, 0.75], "rotation": 90, "texture": "#1"},
				"down": {"uv": [2.25, 0.25, 2.75, 0.75], "rotation": 90, "texture": "#1"}
			}
		},
		{
			"name": "voxel",
			"from": [7.46667, 0.96667, 7.63333],
			"to": [7.6, 1.23333, 8.7],
			"faces": {
				"north": {"uv": [0.25, 0.25, 0.75, 0.75], "rotation": 270, "texture": "#1"},
				"east": {"uv": [0.25, 0.25, 0.75, 0.75], "rotation": 90, "texture": "#1"},
				"south": {"uv": [0.25, 0.25, 0.75, 0.75], "rotation": 90, "texture": "#1"},
				"west": {"uv": [0.25, 0.25, 0.75, 0.75], "rotation": 90, "texture": "#1"},
				"up": {"uv": [0.25, 0.25, 0.75, 0.75], "rotation": 90, "texture": "#1"},
				"down": {"uv": [0.25, 0.25, 0.75, 0.75], "rotation": 90, "texture": "#1"}
			}
		},
		{
			"name": "voxel",
			"from": [7.46667, 1.23333, 7.63333],
			"to": [7.73333, 4.16667, 7.9],
			"faces": {
				"north": {"uv": [0.25, 0.25, 0.75, 0.75], "rotation": 270, "texture": "#1"},
				"east": {"uv": [0.25, 0.25, 0.75, 0.75], "rotation": 90, "texture": "#1"},
				"south": {"uv": [0.25, 0.25, 0.75, 0.75], "rotation": 90, "texture": "#1"},
				"west": {"uv": [0.25, 0.25, 0.75, 0.75], "rotation": 90, "texture": "#1"},
				"up": {"uv": [0.25, 0.25, 0.75, 0.75], "rotation": 90, "texture": "#1"},
				"down": {"uv": [0.25, 0.25, 0.75, 0.75], "rotation": 90, "texture": "#1"}
			}
		},
		{
			"name": "voxel",
			"from": [7.33333, 4.43333, 8.56667],
			"to": [7.6, 5.23333, 8.83333],
			"faces": {
				"north": {"uv": [0.25, 0.25, 0.75, 0.75], "rotation": 270, "texture": "#1"},
				"east": {"uv": [0.25, 0.25, 0.75, 0.75], "rotation": 90, "texture": "#1"},
				"south": {"uv": [0.25, 0.25, 0.75, 0.75], "rotation": 90, "texture": "#1"},
				"west": {"uv": [0.25, 0.25, 0.75, 0.75], "rotation": 90, "texture": "#1"},
				"up": {"uv": [0.25, 0.25, 0.75, 0.75], "rotation": 90, "texture": "#1"},
				"down": {"uv": [0.25, 0.25, 0.75, 0.75], "rotation": 90, "texture": "#1"}
			}
		},
		{
			"name": "voxel",
			"from": [7.33333, 4.43333, 8.3],
			"to": [7.6, 4.96667, 8.56667],
			"faces": {
				"north": {"uv": [2.25, 0.25, 2.75, 0.75], "rotation": 270, "texture": "#1"},
				"east": {"uv": [2.25, 0.25, 2.75, 0.75], "rotation": 90, "texture": "#1"},
				"south": {"uv": [2.25, 0.25, 2.75, 0.75], "rotation": 90, "texture": "#1"},
				"west": {"uv": [2.25, 0.25, 2.75, 0.75], "rotation": 90, "texture": "#1"},
				"up": {"uv": [2.25, 0.25, 2.75, 0.75], "rotation": 90, "texture": "#1"},
				"down": {"uv": [2.25, 0.25, 2.75, 0.75], "rotation": 90, "texture": "#1"}
			}
		},
		{
			"name": "voxel",
			"from": [7.33333, 4.43333, 8.03333],
			"to": [7.6, 4.96667, 8.3],
			"faces": {
				"north": {"uv": [1.25, 0.25, 1.75, 0.75], "rotation": 270, "texture": "#1"},
				"east": {"uv": [1.25, 0.25, 1.75, 0.75], "rotation": 90, "texture": "#1"},
				"south": {"uv": [1.25, 0.25, 1.75, 0.75], "rotation": 90, "texture": "#1"},
				"west": {"uv": [1.25, 0.25, 1.75, 0.75], "rotation": 90, "texture": "#1"},
				"up": {"uv": [1.25, 0.25, 1.75, 0.75], "rotation": 90, "texture": "#1"},
				"down": {"uv": [1.25, 0.25, 1.75, 0.75], "rotation": 90, "texture": "#1"}
			}
		},
		{
			"name": "voxel",
			"from": [7.33333, 4.96667, 8.03333],
			"to": [7.6, 5.23333, 8.56667],
			"faces": {
				"north": {"uv": [2.25, 0.25, 2.75, 0.75], "rotation": 270, "texture": "#1"},
				"east": {"uv": [2.25, 0.25, 2.75, 0.75], "rotation": 90, "texture": "#1"},
				"south": {"uv": [2.25, 0.25, 2.75, 0.75], "rotation": 90, "texture": "#1"},
				"west": {"uv": [2.25, 0.25, 2.75, 0.75], "rotation": 90, "texture": "#1"},
				"up": {"uv": [2.25, 0.25, 2.75, 0.75], "rotation": 90, "texture": "#1"},
				"down": {"uv": [2.25, 0.25, 2.75, 0.75], "rotation": 90, "texture": "#1"}
			}
		},
		{
			"name": "voxel",
			"from": [7.33333, 4.16667, 7.76667],
			"to": [7.6, 4.43333, 8.83333],
			"faces": {
				"north": {"uv": [0.25, 0.25, 0.75, 0.75], "rotation": 270, "texture": "#1"},
				"east": {"uv": [0.25, 0.25, 0.75, 0.75], "rotation": 90, "texture": "#1"},
				"south": {"uv": [0.25, 0.25, 0.75, 0.75], "rotation": 90, "texture": "#1"},
				"west": {"uv": [0.25, 0.25, 0.75, 0.75], "rotation": 90, "texture": "#1"},
				"up": {"uv": [0.25, 0.25, 0.75, 0.75], "rotation": 90, "texture": "#1"},
				"down": {"uv": [0.25, 0.25, 0.75, 0.75], "rotation": 90, "texture": "#1"}
			}
		},
		{
			"name": "voxel",
			"from": [7.33333, 4.43333, 7.76667],
			"to": [7.6, 5.23333, 8.03333],
			"faces": {
				"north": {"uv": [1.25, 0.25, 1.75, 0.75], "rotation": 270, "texture": "#1"},
				"east": {"uv": [1.25, 0.25, 1.75, 0.75], "rotation": 90, "texture": "#1"},
				"south": {"uv": [1.25, 0.25, 1.75, 0.75], "rotation": 90, "texture": "#1"},
				"west": {"uv": [1.25, 0.25, 1.75, 0.75], "rotation": 90, "texture": "#1"},
				"up": {"uv": [1.25, 0.25, 1.75, 0.75], "rotation": 90, "texture": "#1"},
				"down": {"uv": [1.25, 0.25, 1.75, 0.75], "rotation": 90, "texture": "#1"}
			}
		},
		{
			"name": "voxel",
			"from": [7.33333, 5.23333, 7.76667],
			"to": [7.6, 5.5, 8.83333],
			"faces": {
				"north": {"uv": [0.25, 0.25, 0.75, 0.75], "rotation": 270, "texture": "#1"},
				"east": {"uv": [0.25, 0.25, 0.75, 0.75], "rotation": 90, "texture": "#1"},
				"south": {"uv": [0.25, 0.25, 0.75, 0.75], "rotation": 90, "texture": "#1"},
				"west": {"uv": [0.25, 0.25, 0.75, 0.75], "rotation": 90, "texture": "#1"},
				"up": {"uv": [0.25, 0.25, 0.75, 0.75], "rotation": 90, "texture": "#1"},
				"down": {"uv": [0.25, 0.25, 0.75, 0.75], "rotation": 90, "texture": "#1"}
			}
		},
		{
			"name": "voxel",
			"from": [7.33333, 4.16667, 7.5],
			"to": [7.6, 5.5, 7.76667],
			"faces": {
				"north": {"uv": [0.25, 0.25, 0.75, 0.75], "rotation": 270, "texture": "#1"},
				"east": {"uv": [0.25, 0.25, 0.75, 0.75], "rotation": 90, "texture": "#1"},
				"south": {"uv": [0.25, 0.25, 0.75, 0.75], "rotation": 90, "texture": "#1"},
				"west": {"uv": [0.25, 0.25, 0.75, 0.75], "rotation": 90, "texture": "#1"},
				"up": {"uv": [0.25, 0.25, 0.75, 0.75], "rotation": 90, "texture": "#1"},
				"down": {"uv": [0.25, 0.25, 0.75, 0.75], "rotation": 90, "texture": "#1"}
			}
		}
	],
	"display": {
		"thirdperson_righthand": {
			"translation": [-0.75, 5.25, 0.5],
			"scale": [1, 1, 1]
		},
		"firstperson_righthand": {
			"rotation": [-21.25, 0, 0],
			"translation": [2.75, 9.25, -2.5],
			"scale": [1, 1, 1]
		},
		"firstperson_lefthand": {
			"rotation": [-21.25, 0, 0],
			"translation": [2.75, 9.25, -2.5],
			"scale": [1.5, 1.5, 1.5]
		},
		"ground": {
			"rotation": [0, 0, 90],
			"translation": [-7, -1, -0.25],
			"scale": [1.25, 1.25, 1.25]
		},
		"gui": {
			"rotation": [0, 0, -45],
			"translation": [10.25, 10, 0],
			"scale": [3, 3, 3]
		},
		"fixed": {
			"rotation": [0, 90, 0],
			"translation": [0, 10.25, 0],
			"scale": [2, 2, 2]
		}
	},
	"groups": [
		{
			"name": "voxel_file",
			"origin": [8, 8, 8],
			"color": 0,
			"children": [0, 1, 2, 3, 4, 5, 6, 7, 8, 9, 10, 11, 12, 13, 14, 15, 16, 17, 18, 19, 20, 21, 22, 23, 24, 25, 26, 27, 28, 29, 30, 31, 32, 33, 34, 35, 36, 37, 38, 39, 40, 41, 42, 43, 44, 45, 46, 47, 48, 49, 50, 51, 52, 53, 54, 55, 56, 57, 58, 59, 60, 61, 62, 63, 64, 65, 66, 67, 68, 69, 70, 71, 72, 73, 74, 75, 76, 77]
		}
	]
}