{
 "parent": "item/generated",
 "textures": {
  "layer0": "item/iron_sword"
 },
 
 "overrides": [
  {"predicate": {"custom_model_data":1}, "model": "item/tactical_knife_1"},
  {"predicate": {"custom_model_data":2}, "model": "item/tactical_knife_2"},
  {"predicate": {"custom_model_data":3}, "model": "item/tactical_knife_3"},
  {"predicate": {"custom_model_data":4}, "model": "item/tactical_knife_4"},
  {"predicate": {"custom_model_data":5}, "model": "item/tactical_knife_5"},
  {"predicate": {"custom_model_data":6}, "model": "item/tactical_knife_6"}
 ]
}