{
	"credit": "Made with Blockbench",
	"textures": {
		"0": "block/muffler",
		"particle": "block/muffler"
	},
	"elements": [
		{
			"name": "voxel",
			"from": [7.36667, 0.73333, 8.45],
			"to": [7.63333, 4.73333, 8.71667],
			"rotation": {"angle": 0, "axis": "y", "origin": [8, 0, 8]},
			"faces": {
				"north": {"uv": [0.25, 0.25, 0.75, 0.75], "rotation": 90, "texture": "#0"},
				"east": {"uv": [0.25, 0.25, 0.75, 0.75], "rotation": 270, "texture": "#0"},
				"south": {"uv": [0.25, 0.25, 0.75, 0.75], "rotation": 90, "texture": "#0"},
				"west": {"uv": [0.25, 0.25, 0.75, 0.75], "rotation": 90, "texture": "#0"},
				"up": {"uv": [0.25, 0.25, 0.75, 0.75], "rotation": 180, "texture": "#0"},
				"down": {"uv": [0.25, 0.25, 0.75, 0.75], "texture": "#0"}
			}
		},
		{
			"name": "voxel",
			"from": [7.63333, 0.73333, 8.45],
			"to": [7.9, 2.86667, 8.71667],
			"rotation": {"angle": 0, "axis": "y", "origin": [8, 0, 8]},
			"faces": {
				"north": {"uv": [1.25, 0.25, 1.75, 0.75], "rotation": 90, "texture": "#0"},
				"east": {"uv": [1.25, 0.25, 1.75, 0.75], "rotation": 270, "texture": "#0"},
				"south": {"uv": [1.25, 0.25, 1.75, 0.75], "rotation": 90, "texture": "#0"},
				"west": {"uv": [1.25, 0.25, 1.75, 0.75], "rotation": 90, "texture": "#0"},
				"up": {"uv": [1.25, 0.25, 1.75, 0.75], "rotation": 180, "texture": "#0"},
				"down": {"uv": [1.25, 0.25, 1.75, 0.75], "texture": "#0"}
			}
		},
		{
			"name": "voxel",
			"from": [7.63333, 3.4, 8.45],
			"to": [7.9, 3.66667, 8.71667],
			"rotation": {"angle": 0, "axis": "y", "origin": [8, 0, 8]},
			"faces": {
				"north": {"uv": [1.25, 0.25, 1.75, 0.75], "rotation": 90, "texture": "#0"},
				"east": {"uv": [1.25, 0.25, 1.75, 0.75], "rotation": 270, "texture": "#0"},
				"south": {"uv": [1.25, 0.25, 1.75, 0.75], "rotation": 90, "texture": "#0"},
				"west": {"uv": [1.25, 0.25, 1.75, 0.75], "rotation": 90, "texture": "#0"},
				"up": {"uv": [1.25, 0.25, 1.75, 0.75], "rotation": 180, "texture": "#0"},
				"down": {"uv": [1.25, 0.25, 1.75, 0.75], "texture": "#0"}
			}
		},
		{
			"name": "voxel",
			"from": [7.63333, 4.2, 8.45],
			"to": [7.9, 4.46667, 8.71667],
			"rotation": {"angle": 0, "axis": "y", "origin": [8, 0, 8]},
			"faces": {
				"north": {"uv": [1.25, 0.25, 1.75, 0.75], "rotation": 90, "texture": "#0"},
				"east": {"uv": [1.25, 0.25, 1.75, 0.75], "rotation": 270, "texture": "#0"},
				"south": {"uv": [1.25, 0.25, 1.75, 0.75], "rotation": 90, "texture": "#0"},
				"west": {"uv": [1.25, 0.25, 1.75, 0.75], "rotation": 90, "texture": "#0"},
				"up": {"uv": [1.25, 0.25, 1.75, 0.75], "rotation": 180, "texture": "#0"},
				"down": {"uv": [1.25, 0.25, 1.75, 0.75], "texture": "#0"}
			}
		},
		{
			"name": "voxel",
			"from": [7.9, 0.73333, 8.45],
			"to": [8.16667, 1, 8.71667],
			"rotation": {"angle": 0, "axis": "y", "origin": [8, 0, 8]},
			"faces": {
				"north": {"uv": [2.25, 0.25, 2.75, 0.75], "rotation": 90, "texture": "#0"},
				"east": {"uv": [2.25, 0.25, 2.75, 0.75], "rotation": 270, "texture": "#0"},
				"south": {"uv": [2.25, 0.25, 2.75, 0.75], "rotation": 90, "texture": "#0"},
				"west": {"uv": [2.25, 0.25, 2.75, 0.75], "rotation": 90, "texture": "#0"},
				"up": {"uv": [2.25, 0.25, 2.75, 0.75], "rotation": 180, "texture": "#0"},
				"down": {"uv": [2.25, 0.25, 2.75, 0.75], "texture": "#0"}
			}
		},
		{
			"name": "voxel",
			"from": [7.9, 1.26667, 8.45],
			"to": [8.16667, 1.8, 8.71667],
			"rotation": {"angle": 0, "axis": "y", "origin": [8, 0, 8]},
			"faces": {
				"north": {"uv": [2.25, 0.25, 2.75, 0.75], "rotation": 90, "texture": "#0"},
				"east": {"uv": [2.25, 0.25, 2.75, 0.75], "rotation": 270, "texture": "#0"},
				"south": {"uv": [2.25, 0.25, 2.75, 0.75], "rotation": 90, "texture": "#0"},
				"west": {"uv": [2.25, 0.25, 2.75, 0.75], "rotation": 90, "texture": "#0"},
				"up": {"uv": [2.25, 0.25, 2.75, 0.75], "rotation": 180, "texture": "#0"},
				"down": {"uv": [2.25, 0.25, 2.75, 0.75], "texture": "#0"}
			}
		},
		{
			"name": "voxel",
			"from": [7.9, 2.06667, 8.45],
			"to": [8.16667, 2.6, 8.71667],
			"rotation": {"angle": 0, "axis": "y", "origin": [8, 0, 8]},
			"faces": {
				"north": {"uv": [2.25, 0.25, 2.75, 0.75], "rotation": 90, "texture": "#0"},
				"east": {"uv": [2.25, 0.25, 2.75, 0.75], "rotation": 270, "texture": "#0"},
				"south": {"uv": [2.25, 0.25, 2.75, 0.75], "rotation": 90, "texture": "#0"},
				"west": {"uv": [2.25, 0.25, 2.75, 0.75], "rotation": 90, "texture": "#0"},
				"up": {"uv": [2.25, 0.25, 2.75, 0.75], "rotation": 180, "texture": "#0"},
				"down": {"uv": [2.25, 0.25, 2.75, 0.75], "texture": "#0"}
			}
		},
		{
			"name": "voxel",
			"from": [7.63333, 2.86667, 8.45],
			"to": [8.16667, 3.4, 8.71667],
			"rotation": {"angle": 0, "axis": "y", "origin": [8, 0, 8]},
			"faces": {
				"north": {"uv": [1.25, 0.25, 1.75, 0.75], "rotation": 90, "texture": "#0"},
				"east": {"uv": [1.25, 0.25, 1.75, 0.75], "rotation": 270, "texture": "#0"},
				"south": {"uv": [1.25, 0.25, 1.75, 0.75], "rotation": 90, "texture": "#0"},
				"west": {"uv": [1.25, 0.25, 1.75, 0.75], "rotation": 90, "texture": "#0"},
				"up": {"uv": [1.25, 0.25, 1.75, 0.75], "rotation": 180, "texture": "#0"},
				"down": {"uv": [1.25, 0.25, 1.75, 0.75], "texture": "#0"}
			}
		},
		{
			"name": "voxel",
			"from": [7.63333, 3.66667, 8.45],
			"to": [8.16667, 4.2, 8.71667],
			"rotation": {"angle": 0, "axis": "y", "origin": [8, 0, 8]},
			"faces": {
				"north": {"uv": [1.25, 0.25, 1.75, 0.75], "rotation": 90, "texture": "#0"},
				"east": {"uv": [1.25, 0.25, 1.75, 0.75], "rotation": 270, "texture": "#0"},
				"south": {"uv": [1.25, 0.25, 1.75, 0.75], "rotation": 90, "texture": "#0"},
				"west": {"uv": [1.25, 0.25, 1.75, 0.75], "rotation": 90, "texture": "#0"},
				"up": {"uv": [1.25, 0.25, 1.75, 0.75], "rotation": 180, "texture": "#0"},
				"down": {"uv": [1.25, 0.25, 1.75, 0.75], "texture": "#0"}
			}
		},
		{
			"name": "voxel",
			"from": [7.63333, 4.46667, 8.45],
			"to": [8.16667, 4.73333, 8.71667],
			"rotation": {"angle": 0, "axis": "y", "origin": [8, 0, 8]},
			"faces": {
				"north": {"uv": [1.25, 0.25, 1.75, 0.75], "rotation": 90, "texture": "#0"},
				"east": {"uv": [1.25, 0.25, 1.75, 0.75], "rotation": 270, "texture": "#0"},
				"south": {"uv": [1.25, 0.25, 1.75, 0.75], "rotation": 90, "texture": "#0"},
				"west": {"uv": [1.25, 0.25, 1.75, 0.75], "rotation": 90, "texture": "#0"},
				"up": {"uv": [1.25, 0.25, 1.75, 0.75], "rotation": 180, "texture": "#0"},
				"down": {"uv": [1.25, 0.25, 1.75, 0.75], "texture": "#0"}
			}
		},
		{
			"name": "voxel",
			"from": [7.63333, 0.46667, 8.45],
			"to": [8.43333, 0.73333, 8.71667],
			"rotation": {"angle": 0, "axis": "y", "origin": [8, 0, 8]},
			"faces": {
				"north": {"uv": [0.25, 0.25, 0.75, 0.75], "rotation": 90, "texture": "#0"},
				"east": {"uv": [0.25, 0.25, 0.75, 0.75], "rotation": 270, "texture": "#0"},
				"south": {"uv": [0.25, 0.25, 0.75, 0.75], "rotation": 90, "texture": "#0"},
				"west": {"uv": [0.25, 0.25, 0.75, 0.75], "rotation": 90, "texture": "#0"},
				"up": {"uv": [0.25, 0.25, 0.75, 0.75], "rotation": 180, "texture": "#0"},
				"down": {"uv": [0.25, 0.25, 0.75, 0.75], "texture": "#0"}
			}
		},
		{
			"name": "voxel",
			"from": [8.16667, 0.73333, 8.45],
			"to": [8.43333, 3.93333, 8.71667],
			"rotation": {"angle": 0, "axis": "y", "origin": [8, 0, 8]},
			"faces": {
				"north": {"uv": [2.25, 0.25, 2.75, 0.75], "rotation": 90, "texture": "#0"},
				"east": {"uv": [2.25, 0.25, 2.75, 0.75], "rotation": 270, "texture": "#0"},
				"south": {"uv": [2.25, 0.25, 2.75, 0.75], "rotation": 90, "texture": "#0"},
				"west": {"uv": [2.25, 0.25, 2.75, 0.75], "rotation": 90, "texture": "#0"},
				"up": {"uv": [2.25, 0.25, 2.75, 0.75], "rotation": 180, "texture": "#0"},
				"down": {"uv": [2.25, 0.25, 2.75, 0.75], "texture": "#0"}
			}
		},
		{
			"name": "voxel",
			"from": [8.16667, 3.93333, 8.45],
			"to": [8.43333, 4.73333, 8.71667],
			"rotation": {"angle": 0, "axis": "y", "origin": [8, 0, 8]},
			"faces": {
				"north": {"uv": [1.25, 0.25, 1.75, 0.75], "rotation": 90, "texture": "#0"},
				"east": {"uv": [1.25, 0.25, 1.75, 0.75], "rotation": 270, "texture": "#0"},
				"south": {"uv": [1.25, 0.25, 1.75, 0.75], "rotation": 90, "texture": "#0"},
				"west": {"uv": [1.25, 0.25, 1.75, 0.75], "rotation": 90, "texture": "#0"},
				"up": {"uv": [1.25, 0.25, 1.75, 0.75], "rotation": 180, "texture": "#0"},
				"down": {"uv": [1.25, 0.25, 1.75, 0.75], "texture": "#0"}
			}
		},
		{
			"name": "voxel",
			"from": [7.63333, 4.73333, 8.45],
			"to": [8.43333, 5, 8.71667],
			"rotation": {"angle": 0, "axis": "y", "origin": [8, 0, 8]},
			"faces": {
				"north": {"uv": [0.25, 0.25, 0.75, 0.75], "rotation": 90, "texture": "#0"},
				"east": {"uv": [0.25, 0.25, 0.75, 0.75], "rotation": 270, "texture": "#0"},
				"south": {"uv": [0.25, 0.25, 0.75, 0.75], "rotation": 90, "texture": "#0"},
				"west": {"uv": [0.25, 0.25, 0.75, 0.75], "rotation": 90, "texture": "#0"},
				"up": {"uv": [0.25, 0.25, 0.75, 0.75], "rotation": 180, "texture": "#0"},
				"down": {"uv": [0.25, 0.25, 0.75, 0.75], "texture": "#0"}
			}
		},
		{
			"name": "voxel",
			"from": [8.43333, 0.73333, 8.45],
			"to": [8.7, 4.73333, 8.71667],
			"rotation": {"angle": 0, "axis": "y", "origin": [8, 0, 8]},
			"faces": {
				"north": {"uv": [0.25, 0.25, 0.75, 0.75], "rotation": 90, "texture": "#0"},
				"east": {"uv": [0.25, 0.25, 0.75, 0.75], "rotation": 270, "texture": "#0"},
				"south": {"uv": [0.25, 0.25, 0.75, 0.75], "rotation": 90, "texture": "#0"},
				"west": {"uv": [0.25, 0.25, 0.75, 0.75], "rotation": 90, "texture": "#0"},
				"up": {"uv": [0.25, 0.25, 0.75, 0.75], "rotation": 180, "texture": "#0"},
				"down": {"uv": [0.25, 0.25, 0.75, 0.75], "texture": "#0"}
			}
		},
		{
			"name": "voxel",
			"from": [7.36667, 1, 8.18333],
			"to": [7.63333, 1.26667, 8.45],
			"rotation": {"angle": 0, "axis": "y", "origin": [8, 0, 8]},
			"faces": {
				"north": {"uv": [2.25, 0.25, 2.75, 0.75], "rotation": 90, "texture": "#0"},
				"east": {"uv": [2.25, 0.25, 2.75, 0.75], "rotation": 270, "texture": "#0"},
				"south": {"uv": [2.25, 0.25, 2.75, 0.75], "rotation": 90, "texture": "#0"},
				"west": {"uv": [2.25, 0.25, 2.75, 0.75], "rotation": 90, "texture": "#0"},
				"up": {"uv": [2.25, 0.25, 2.75, 0.75], "rotation": 180, "texture": "#0"},
				"down": {"uv": [2.25, 0.25, 2.75, 0.75], "texture": "#0"}
			}
		},
		{
			"name": "voxel",
			"from": [7.36667, 1.8, 8.18333],
			"to": [7.63333, 2.06667, 8.45],
			"rotation": {"angle": 0, "axis": "y", "origin": [8, 0, 8]},
			"faces": {
				"north": {"uv": [2.25, 0.25, 2.75, 0.75], "rotation": 90, "texture": "#0"},
				"east": {"uv": [2.25, 0.25, 2.75, 0.75], "rotation": 270, "texture": "#0"},
				"south": {"uv": [2.25, 0.25, 2.75, 0.75], "rotation": 90, "texture": "#0"},
				"west": {"uv": [2.25, 0.25, 2.75, 0.75], "rotation": 90, "texture": "#0"},
				"up": {"uv": [2.25, 0.25, 2.75, 0.75], "rotation": 180, "texture": "#0"},
				"down": {"uv": [2.25, 0.25, 2.75, 0.75], "texture": "#0"}
			}
		},
		{
			"name": "voxel",
			"from": [7.36667, 2.6, 8.18333],
			"to": [7.63333, 3.93333, 8.45],
			"rotation": {"angle": 0, "axis": "y", "origin": [8, 0, 8]},
			"faces": {
				"north": {"uv": [2.25, 0.25, 2.75, 0.75], "rotation": 90, "texture": "#0"},
				"east": {"uv": [2.25, 0.25, 2.75, 0.75], "rotation": 270, "texture": "#0"},
				"south": {"uv": [2.25, 0.25, 2.75, 0.75], "rotation": 90, "texture": "#0"},
				"west": {"uv": [2.25, 0.25, 2.75, 0.75], "rotation": 90, "texture": "#0"},
				"up": {"uv": [2.25, 0.25, 2.75, 0.75], "rotation": 180, "texture": "#0"},
				"down": {"uv": [2.25, 0.25, 2.75, 0.75], "texture": "#0"}
			}
		},
		{
			"name": "voxel",
			"from": [7.36667, 3.93333, 8.18333],
			"to": [7.63333, 4.46667, 8.45],
			"rotation": {"angle": 0, "axis": "y", "origin": [8, 0, 8]},
			"faces": {
				"north": {"uv": [1.25, 0.25, 1.75, 0.75], "rotation": 90, "texture": "#0"},
				"east": {"uv": [1.25, 0.25, 1.75, 0.75], "rotation": 270, "texture": "#0"},
				"south": {"uv": [1.25, 0.25, 1.75, 0.75], "rotation": 90, "texture": "#0"},
				"west": {"uv": [1.25, 0.25, 1.75, 0.75], "rotation": 90, "texture": "#0"},
				"up": {"uv": [1.25, 0.25, 1.75, 0.75], "rotation": 180, "texture": "#0"},
				"down": {"uv": [1.25, 0.25, 1.75, 0.75], "texture": "#0"}
			}
		},
		{
			"name": "voxel",
			"from": [7.63333, 4.73333, 8.18333],
			"to": [8.16667, 5, 8.45],
			"rotation": {"angle": 0, "axis": "y", "origin": [8, 0, 8]},
			"faces": {
				"north": {"uv": [1.25, 0.25, 1.75, 0.75], "rotation": 90, "texture": "#0"},
				"east": {"uv": [1.25, 0.25, 1.75, 0.75], "rotation": 270, "texture": "#0"},
				"south": {"uv": [1.25, 0.25, 1.75, 0.75], "rotation": 90, "texture": "#0"},
				"west": {"uv": [1.25, 0.25, 1.75, 0.75], "rotation": 90, "texture": "#0"},
				"up": {"uv": [1.25, 0.25, 1.75, 0.75], "rotation": 180, "texture": "#0"},
				"down": {"uv": [1.25, 0.25, 1.75, 0.75], "texture": "#0"}
			}
		},
		{
			"name": "voxel",
			"from": [7.9, 0.46667, 8.18333],
			"to": [8.43333, 0.73333, 8.45],
			"rotation": {"angle": 0, "axis": "y", "origin": [8, 0, 8]},
			"faces": {
				"north": {"uv": [2.25, 0.25, 2.75, 0.75], "rotation": 90, "texture": "#0"},
				"east": {"uv": [2.25, 0.25, 2.75, 0.75], "rotation": 270, "texture": "#0"},
				"south": {"uv": [2.25, 0.25, 2.75, 0.75], "rotation": 90, "texture": "#0"},
				"west": {"uv": [2.25, 0.25, 2.75, 0.75], "rotation": 90, "texture": "#0"},
				"up": {"uv": [2.25, 0.25, 2.75, 0.75], "rotation": 180, "texture": "#0"},
				"down": {"uv": [2.25, 0.25, 2.75, 0.75], "texture": "#0"}
			}
		},
		{
			"name": "voxel",
			"from": [8.43333, 1, 8.18333],
			"to": [8.7, 1.26667, 8.45],
			"rotation": {"angle": 0, "axis": "y", "origin": [8, 0, 8]},
			"faces": {
				"north": {"uv": [2.25, 0.25, 2.75, 0.75], "rotation": 90, "texture": "#0"},
				"east": {"uv": [2.25, 0.25, 2.75, 0.75], "rotation": 270, "texture": "#0"},
				"south": {"uv": [2.25, 0.25, 2.75, 0.75], "rotation": 90, "texture": "#0"},
				"west": {"uv": [2.25, 0.25, 2.75, 0.75], "rotation": 90, "texture": "#0"},
				"up": {"uv": [2.25, 0.25, 2.75, 0.75], "rotation": 180, "texture": "#0"},
				"down": {"uv": [2.25, 0.25, 2.75, 0.75], "texture": "#0"}
			}
		},
		{
			"name": "voxel",
			"from": [8.43333, 1.8, 8.18333],
			"to": [8.7, 2.06667, 8.45],
			"rotation": {"angle": 0, "axis": "y", "origin": [8, 0, 8]},
			"faces": {
				"north": {"uv": [2.25, 0.25, 2.75, 0.75], "rotation": 90, "texture": "#0"},
				"east": {"uv": [2.25, 0.25, 2.75, 0.75], "rotation": 270, "texture": "#0"},
				"south": {"uv": [2.25, 0.25, 2.75, 0.75], "rotation": 90, "texture": "#0"},
				"west": {"uv": [2.25, 0.25, 2.75, 0.75], "rotation": 90, "texture": "#0"},
				"up": {"uv": [2.25, 0.25, 2.75, 0.75], "rotation": 180, "texture": "#0"},
				"down": {"uv": [2.25, 0.25, 2.75, 0.75], "texture": "#0"}
			}
		},
		{
			"name": "voxel",
			"from": [8.43333, 2.6, 8.18333],
			"to": [8.7, 3.93333, 8.45],
			"rotation": {"angle": 0, "axis": "y", "origin": [8, 0, 8]},
			"faces": {
				"north": {"uv": [2.25, 0.25, 2.75, 0.75], "rotation": 90, "texture": "#0"},
				"east": {"uv": [2.25, 0.25, 2.75, 0.75], "rotation": 270, "texture": "#0"},
				"south": {"uv": [2.25, 0.25, 2.75, 0.75], "rotation": 90, "texture": "#0"},
				"west": {"uv": [2.25, 0.25, 2.75, 0.75], "rotation": 90, "texture": "#0"},
				"up": {"uv": [2.25, 0.25, 2.75, 0.75], "rotation": 180, "texture": "#0"},
				"down": {"uv": [2.25, 0.25, 2.75, 0.75], "texture": "#0"}
			}
		},
		{
			"name": "voxel",
			"from": [8.43333, 3.93333, 8.18333],
			"to": [8.7, 4.46667, 8.45],
			"rotation": {"angle": 0, "axis": "y", "origin": [8, 0, 8]},
			"faces": {
				"north": {"uv": [1.25, 0.25, 1.75, 0.75], "rotation": 90, "texture": "#0"},
				"east": {"uv": [1.25, 0.25, 1.75, 0.75], "rotation": 270, "texture": "#0"},
				"south": {"uv": [1.25, 0.25, 1.75, 0.75], "rotation": 90, "texture": "#0"},
				"west": {"uv": [1.25, 0.25, 1.75, 0.75], "rotation": 90, "texture": "#0"},
				"up": {"uv": [1.25, 0.25, 1.75, 0.75], "rotation": 180, "texture": "#0"},
				"down": {"uv": [1.25, 0.25, 1.75, 0.75], "texture": "#0"}
			}
		},
		{
			"name": "voxel",
			"from": [7.36667, 0.73333, 7.91667],
			"to": [7.63333, 1, 8.45],
			"rotation": {"angle": 0, "axis": "y", "origin": [8, 0, 8]},
			"faces": {
				"north": {"uv": [2.25, 0.25, 2.75, 0.75], "rotation": 90, "texture": "#0"},
				"east": {"uv": [2.25, 0.25, 2.75, 0.75], "rotation": 270, "texture": "#0"},
				"south": {"uv": [2.25, 0.25, 2.75, 0.75], "rotation": 90, "texture": "#0"},
				"west": {"uv": [2.25, 0.25, 2.75, 0.75], "rotation": 90, "texture": "#0"},
				"up": {"uv": [2.25, 0.25, 2.75, 0.75], "rotation": 180, "texture": "#0"},
				"down": {"uv": [2.25, 0.25, 2.75, 0.75], "texture": "#0"}
			}
		},
		{
			"name": "voxel",
			"from": [7.5, 1, 7.91667],
			"to": [7.63333, 1.26667, 8.18333],
			"rotation": {"angle": 0, "axis": "y", "origin": [8, 0, 8]},
			"faces": {
				"north": {"uv": [0.25, 0.25, 0.75, 0.75], "rotation": 90, "texture": "#0"},
				"east": {"uv": [0.25, 0.25, 0.75, 0.75], "rotation": 270, "texture": "#0"},
				"south": {"uv": [0.25, 0.25, 0.75, 0.75], "rotation": 90, "texture": "#0"},
				"west": {"uv": [0.25, 0.25, 0.75, 0.75], "rotation": 90, "texture": "#0"},
				"up": {"uv": [0.25, 0.25, 0.75, 0.75], "rotation": 180, "texture": "#0"},
				"down": {"uv": [0.25, 0.25, 0.75, 0.75], "texture": "#0"}
			}
		},
		{
			"name": "voxel",
			"from": [7.36667, 1.26667, 7.91667],
			"to": [7.63333, 1.8, 8.45],
			"rotation": {"angle": 0, "axis": "y", "origin": [8, 0, 8]},
			"faces": {
				"north": {"uv": [2.25, 0.25, 2.75, 0.75], "rotation": 90, "texture": "#0"},
				"east": {"uv": [2.25, 0.25, 2.75, 0.75], "rotation": 270, "texture": "#0"},
				"south": {"uv": [2.25, 0.25, 2.75, 0.75], "rotation": 90, "texture": "#0"},
				"west": {"uv": [2.25, 0.25, 2.75, 0.75], "rotation": 90, "texture": "#0"},
				"up": {"uv": [2.25, 0.25, 2.75, 0.75], "rotation": 180, "texture": "#0"},
				"down": {"uv": [2.25, 0.25, 2.75, 0.75], "texture": "#0"}
			}
		},
		{
			"name": "voxel",
			"from": [7.5, 1.8, 7.91667],
			"to": [7.63333, 2.06667, 8.18333],
			"rotation": {"angle": 0, "axis": "y", "origin": [8, 0, 8]},
			"faces": {
				"north": {"uv": [0.25, 0.25, 0.75, 0.75], "rotation": 90, "texture": "#0"},
				"east": {"uv": [0.25, 0.25, 0.75, 0.75], "rotation": 270, "texture": "#0"},
				"south": {"uv": [0.25, 0.25, 0.75, 0.75], "rotation": 90, "texture": "#0"},
				"west": {"uv": [0.25, 0.25, 0.75, 0.75], "rotation": 90, "texture": "#0"},
				"up": {"uv": [0.25, 0.25, 0.75, 0.75], "rotation": 180, "texture": "#0"},
				"down": {"uv": [0.25, 0.25, 0.75, 0.75], "texture": "#0"}
			}
		},
		{
			"name": "voxel",
			"from": [7.36667, 2.06667, 7.91667],
			"to": [7.63333, 2.6, 8.45],
			"rotation": {"angle": 0, "axis": "y", "origin": [8, 0, 8]},
			"faces": {
				"north": {"uv": [2.25, 0.25, 2.75, 0.75], "rotation": 90, "texture": "#0"},
				"east": {"uv": [2.25, 0.25, 2.75, 0.75], "rotation": 270, "texture": "#0"},
				"south": {"uv": [2.25, 0.25, 2.75, 0.75], "rotation": 90, "texture": "#0"},
				"west": {"uv": [2.25, 0.25, 2.75, 0.75], "rotation": 90, "texture": "#0"},
				"up": {"uv": [2.25, 0.25, 2.75, 0.75], "rotation": 180, "texture": "#0"},
				"down": {"uv": [2.25, 0.25, 2.75, 0.75], "texture": "#0"}
			}
		},
		{
			"name": "voxel",
			"from": [7.5, 2.6, 7.91667],
			"to": [7.63333, 2.86667, 8.18333],
			"rotation": {"angle": 0, "axis": "y", "origin": [8, 0, 8]},
			"faces": {
				"north": {"uv": [0.25, 0.25, 0.75, 0.75], "rotation": 90, "texture": "#0"},
				"east": {"uv": [0.25, 0.25, 0.75, 0.75], "rotation": 270, "texture": "#0"},
				"south": {"uv": [0.25, 0.25, 0.75, 0.75], "rotation": 90, "texture": "#0"},
				"west": {"uv": [0.25, 0.25, 0.75, 0.75], "rotation": 90, "texture": "#0"},
				"up": {"uv": [0.25, 0.25, 0.75, 0.75], "rotation": 180, "texture": "#0"},
				"down": {"uv": [0.25, 0.25, 0.75, 0.75], "texture": "#0"}
			}
		},
		{
			"name": "voxel",
			"from": [7.36667, 2.86667, 7.91667],
			"to": [7.63333, 3.4, 8.18333],
			"rotation": {"angle": 0, "axis": "y", "origin": [8, 0, 8]},
			"faces": {
				"north": {"uv": [1.25, 0.25, 1.75, 0.75], "rotation": 90, "texture": "#0"},
				"east": {"uv": [1.25, 0.25, 1.75, 0.75], "rotation": 270, "texture": "#0"},
				"south": {"uv": [1.25, 0.25, 1.75, 0.75], "rotation": 90, "texture": "#0"},
				"west": {"uv": [1.25, 0.25, 1.75, 0.75], "rotation": 90, "texture": "#0"},
				"up": {"uv": [1.25, 0.25, 1.75, 0.75], "rotation": 180, "texture": "#0"},
				"down": {"uv": [1.25, 0.25, 1.75, 0.75], "texture": "#0"}
			}
		},
		{
			"name": "voxel",
			"from": [7.5, 3.4, 7.91667],
			"to": [7.63333, 3.66667, 8.18333],
			"rotation": {"angle": 0, "axis": "y", "origin": [8, 0, 8]},
			"faces": {
				"north": {"uv": [0.25, 0.25, 0.75, 0.75], "rotation": 90, "texture": "#0"},
				"east": {"uv": [0.25, 0.25, 0.75, 0.75], "rotation": 270, "texture": "#0"},
				"south": {"uv": [0.25, 0.25, 0.75, 0.75], "rotation": 90, "texture": "#0"},
				"west": {"uv": [0.25, 0.25, 0.75, 0.75], "rotation": 90, "texture": "#0"},
				"up": {"uv": [0.25, 0.25, 0.75, 0.75], "rotation": 180, "texture": "#0"},
				"down": {"uv": [0.25, 0.25, 0.75, 0.75], "texture": "#0"}
			}
		},
		{
			"name": "voxel",
			"from": [7.36667, 3.66667, 7.91667],
			"to": [7.63333, 4.2, 8.18333],
			"rotation": {"angle": 0, "axis": "y", "origin": [8, 0, 8]},
			"faces": {
				"north": {"uv": [1.25, 0.25, 1.75, 0.75], "rotation": 90, "texture": "#0"},
				"east": {"uv": [1.25, 0.25, 1.75, 0.75], "rotation": 270, "texture": "#0"},
				"south": {"uv": [1.25, 0.25, 1.75, 0.75], "rotation": 90, "texture": "#0"},
				"west": {"uv": [1.25, 0.25, 1.75, 0.75], "rotation": 90, "texture": "#0"},
				"up": {"uv": [1.25, 0.25, 1.75, 0.75], "rotation": 180, "texture": "#0"},
				"down": {"uv": [1.25, 0.25, 1.75, 0.75], "texture": "#0"}
			}
		},
		{
			"name": "voxel",
			"from": [7.5, 4.2, 7.91667],
			"to": [7.63333, 4.46667, 8.18333],
			"rotation": {"angle": 0, "axis": "y", "origin": [8, 0, 8]},
			"faces": {
				"north": {"uv": [0.25, 0.25, 0.75, 0.75], "rotation": 90, "texture": "#0"},
				"east": {"uv": [0.25, 0.25, 0.75, 0.75], "rotation": 270, "texture": "#0"},
				"south": {"uv": [0.25, 0.25, 0.75, 0.75], "rotation": 90, "texture": "#0"},
				"west": {"uv": [0.25, 0.25, 0.75, 0.75], "rotation": 90, "texture": "#0"},
				"up": {"uv": [0.25, 0.25, 0.75, 0.75], "rotation": 180, "texture": "#0"},
				"down": {"uv": [0.25, 0.25, 0.75, 0.75], "texture": "#0"}
			}
		},
		{
			"name": "voxel",
			"from": [7.36667, 4.46667, 7.91667],
			"to": [7.63333, 4.73333, 8.45],
			"rotation": {"angle": 0, "axis": "y", "origin": [8, 0, 8]},
			"faces": {
				"north": {"uv": [1.25, 0.25, 1.75, 0.75], "rotation": 90, "texture": "#0"},
				"east": {"uv": [1.25, 0.25, 1.75, 0.75], "rotation": 270, "texture": "#0"},
				"south": {"uv": [1.25, 0.25, 1.75, 0.75], "rotation": 90, "texture": "#0"},
				"west": {"uv": [1.25, 0.25, 1.75, 0.75], "rotation": 90, "texture": "#0"},
				"up": {"uv": [1.25, 0.25, 1.75, 0.75], "rotation": 180, "texture": "#0"},
				"down": {"uv": [1.25, 0.25, 1.75, 0.75], "texture": "#0"}
			}
		},
		{
			"name": "voxel",
			"from": [7.63333, 0.46667, 7.91667],
			"to": [7.9, 0.73333, 8.45],
			"rotation": {"angle": 0, "axis": "y", "origin": [8, 0, 8]},
			"faces": {
				"north": {"uv": [2.25, 0.25, 2.75, 0.75], "rotation": 90, "texture": "#0"},
				"east": {"uv": [2.25, 0.25, 2.75, 0.75], "rotation": 270, "texture": "#0"},
				"south": {"uv": [2.25, 0.25, 2.75, 0.75], "rotation": 90, "texture": "#0"},
				"west": {"uv": [2.25, 0.25, 2.75, 0.75], "rotation": 90, "texture": "#0"},
				"up": {"uv": [2.25, 0.25, 2.75, 0.75], "rotation": 180, "texture": "#0"},
				"down": {"uv": [2.25, 0.25, 2.75, 0.75], "texture": "#0"}
			}
		},
		{
			"name": "voxel",
			"from": [7.63333, 4.73333, 7.91667],
			"to": [7.9, 5, 8.18333],
			"rotation": {"angle": 0, "axis": "y", "origin": [8, 0, 8]},
			"faces": {
				"north": {"uv": [2.25, 0.25, 2.75, 0.75], "rotation": 90, "texture": "#0"},
				"east": {"uv": [2.25, 0.25, 2.75, 0.75], "rotation": 270, "texture": "#0"},
				"south": {"uv": [2.25, 0.25, 2.75, 0.75], "rotation": 90, "texture": "#0"},
				"west": {"uv": [2.25, 0.25, 2.75, 0.75], "rotation": 90, "texture": "#0"},
				"up": {"uv": [2.25, 0.25, 2.75, 0.75], "rotation": 180, "texture": "#0"},
				"down": {"uv": [2.25, 0.25, 2.75, 0.75], "texture": "#0"}
			}
		},
		{
			"name": "voxel",
			"from": [7.9, 0.6, 7.91667],
			"to": [8.16667, 0.73333, 8.18333],
			"rotation": {"angle": 0, "axis": "y", "origin": [8, 0, 8]},
			"faces": {
				"north": {"uv": [0.25, 0.25, 0.75, 0.75], "rotation": 90, "texture": "#0"},
				"east": {"uv": [0.25, 0.25, 0.75, 0.75], "rotation": 270, "texture": "#0"},
				"south": {"uv": [0.25, 0.25, 0.75, 0.75], "rotation": 90, "texture": "#0"},
				"west": {"uv": [0.25, 0.25, 0.75, 0.75], "rotation": 90, "texture": "#0"},
				"up": {"uv": [0.25, 0.25, 0.75, 0.75], "rotation": 180, "texture": "#0"},
				"down": {"uv": [0.25, 0.25, 0.75, 0.75], "texture": "#0"}
			}
		},
		{
			"name": "voxel",
			"from": [7.9, 4.73333, 7.91667],
			"to": [8.16667, 4.86667, 8.18333],
			"rotation": {"angle": 0, "axis": "y", "origin": [8, 0, 8]},
			"faces": {
				"north": {"uv": [0.25, 0.25, 0.75, 0.75], "rotation": 90, "texture": "#0"},
				"east": {"uv": [0.25, 0.25, 0.75, 0.75], "rotation": 270, "texture": "#0"},
				"south": {"uv": [0.25, 0.25, 0.75, 0.75], "rotation": 90, "texture": "#0"},
				"west": {"uv": [0.25, 0.25, 0.75, 0.75], "rotation": 90, "texture": "#0"},
				"up": {"uv": [0.25, 0.25, 0.75, 0.75], "rotation": 180, "texture": "#0"},
				"down": {"uv": [0.25, 0.25, 0.75, 0.75], "texture": "#0"}
			}
		},
		{
			"name": "voxel",
			"from": [8.16667, 0.46667, 7.91667],
			"to": [8.43333, 0.73333, 8.18333],
			"rotation": {"angle": 0, "axis": "y", "origin": [8, 0, 8]},
			"faces": {
				"north": {"uv": [1.25, 0.25, 1.75, 0.75], "rotation": 90, "texture": "#0"},
				"east": {"uv": [1.25, 0.25, 1.75, 0.75], "rotation": 270, "texture": "#0"},
				"south": {"uv": [1.25, 0.25, 1.75, 0.75], "rotation": 90, "texture": "#0"},
				"west": {"uv": [1.25, 0.25, 1.75, 0.75], "rotation": 90, "texture": "#0"},
				"up": {"uv": [1.25, 0.25, 1.75, 0.75], "rotation": 180, "texture": "#0"},
				"down": {"uv": [1.25, 0.25, 1.75, 0.75], "texture": "#0"}
			}
		},
		{
			"name": "voxel",
			"from": [8.16667, 4.73333, 7.91667],
			"to": [8.43333, 5, 8.45],
			"rotation": {"angle": 0, "axis": "y", "origin": [8, 0, 8]},
			"faces": {
				"north": {"uv": [1.25, 0.25, 1.75, 0.75], "rotation": 90, "texture": "#0"},
				"east": {"uv": [1.25, 0.25, 1.75, 0.75], "rotation": 270, "texture": "#0"},
				"south": {"uv": [1.25, 0.25, 1.75, 0.75], "rotation": 90, "texture": "#0"},
				"west": {"uv": [1.25, 0.25, 1.75, 0.75], "rotation": 90, "texture": "#0"},
				"up": {"uv": [1.25, 0.25, 1.75, 0.75], "rotation": 180, "texture": "#0"},
				"down": {"uv": [1.25, 0.25, 1.75, 0.75], "texture": "#0"}
			}
		},
		{
			"name": "voxel",
			"from": [8.43333, 1, 7.91667],
			"to": [8.56667, 1.26667, 8.18333],
			"rotation": {"angle": 0, "axis": "y", "origin": [8, 0, 8]},
			"faces": {
				"north": {"uv": [0.25, 0.25, 0.75, 0.75], "rotation": 90, "texture": "#0"},
				"east": {"uv": [0.25, 0.25, 0.75, 0.75], "rotation": 270, "texture": "#0"},
				"south": {"uv": [0.25, 0.25, 0.75, 0.75], "rotation": 90, "texture": "#0"},
				"west": {"uv": [0.25, 0.25, 0.75, 0.75], "rotation": 90, "texture": "#0"},
				"up": {"uv": [0.25, 0.25, 0.75, 0.75], "rotation": 180, "texture": "#0"},
				"down": {"uv": [0.25, 0.25, 0.75, 0.75], "texture": "#0"}
			}
		},
		{
			"name": "voxel",
			"from": [8.43333, 1.8, 7.91667],
			"to": [8.56667, 2.06667, 8.18333],
			"rotation": {"angle": 0, "axis": "y", "origin": [8, 0, 8]},
			"faces": {
				"north": {"uv": [0.25, 0.25, 0.75, 0.75], "rotation": 90, "texture": "#0"},
				"east": {"uv": [0.25, 0.25, 0.75, 0.75], "rotation": 270, "texture": "#0"},
				"south": {"uv": [0.25, 0.25, 0.75, 0.75], "rotation": 90, "texture": "#0"},
				"west": {"uv": [0.25, 0.25, 0.75, 0.75], "rotation": 90, "texture": "#0"},
				"up": {"uv": [0.25, 0.25, 0.75, 0.75], "rotation": 180, "texture": "#0"},
				"down": {"uv": [0.25, 0.25, 0.75, 0.75], "texture": "#0"}
			}
		},
		{
			"name": "voxel",
			"from": [8.43333, 2.6, 7.91667],
			"to": [8.56667, 2.86667, 8.18333],
			"rotation": {"angle": 0, "axis": "y", "origin": [8, 0, 8]},
			"faces": {
				"north": {"uv": [0.25, 0.25, 0.75, 0.75], "rotation": 90, "texture": "#0"},
				"east": {"uv": [0.25, 0.25, 0.75, 0.75], "rotation": 270, "texture": "#0"},
				"south": {"uv": [0.25, 0.25, 0.75, 0.75], "rotation": 90, "texture": "#0"},
				"west": {"uv": [0.25, 0.25, 0.75, 0.75], "rotation": 90, "texture": "#0"},
				"up": {"uv": [0.25, 0.25, 0.75, 0.75], "rotation": 180, "texture": "#0"},
				"down": {"uv": [0.25, 0.25, 0.75, 0.75], "texture": "#0"}
			}
		},
		{
			"name": "voxel",
			"from": [8.43333, 3.4, 7.91667],
			"to": [8.56667, 3.66667, 8.18333],
			"rotation": {"angle": 0, "axis": "y", "origin": [8, 0, 8]},
			"faces": {
				"north": {"uv": [0.25, 0.25, 0.75, 0.75], "rotation": 90, "texture": "#0"},
				"east": {"uv": [0.25, 0.25, 0.75, 0.75], "rotation": 270, "texture": "#0"},
				"south": {"uv": [0.25, 0.25, 0.75, 0.75], "rotation": 90, "texture": "#0"},
				"west": {"uv": [0.25, 0.25, 0.75, 0.75], "rotation": 90, "texture": "#0"},
				"up": {"uv": [0.25, 0.25, 0.75, 0.75], "rotation": 180, "texture": "#0"},
				"down": {"uv": [0.25, 0.25, 0.75, 0.75], "texture": "#0"}
			}
		},
		{
			"name": "voxel",
			"from": [8.43333, 4.2, 7.91667],
			"to": [8.56667, 4.46667, 8.18333],
			"rotation": {"angle": 0, "axis": "y", "origin": [8, 0, 8]},
			"faces": {
				"north": {"uv": [0.25, 0.25, 0.75, 0.75], "rotation": 90, "texture": "#0"},
				"east": {"uv": [0.25, 0.25, 0.75, 0.75], "rotation": 270, "texture": "#0"},
				"south": {"uv": [0.25, 0.25, 0.75, 0.75], "rotation": 90, "texture": "#0"},
				"west": {"uv": [0.25, 0.25, 0.75, 0.75], "rotation": 90, "texture": "#0"},
				"up": {"uv": [0.25, 0.25, 0.75, 0.75], "rotation": 180, "texture": "#0"},
				"down": {"uv": [0.25, 0.25, 0.75, 0.75], "texture": "#0"}
			}
		},
		{
			"name": "voxel",
			"from": [8.43333, 0.73333, 7.91667],
			"to": [8.7, 1, 8.45],
			"rotation": {"angle": 0, "axis": "y", "origin": [8, 0, 8]},
			"faces": {
				"north": {"uv": [2.25, 0.25, 2.75, 0.75], "rotation": 90, "texture": "#0"},
				"east": {"uv": [2.25, 0.25, 2.75, 0.75], "rotation": 270, "texture": "#0"},
				"south": {"uv": [2.25, 0.25, 2.75, 0.75], "rotation": 90, "texture": "#0"},
				"west": {"uv": [2.25, 0.25, 2.75, 0.75], "rotation": 90, "texture": "#0"},
				"up": {"uv": [2.25, 0.25, 2.75, 0.75], "rotation": 180, "texture": "#0"},
				"down": {"uv": [2.25, 0.25, 2.75, 0.75], "texture": "#0"}
			}
		},
		{
			"name": "voxel",
			"from": [8.43333, 1.26667, 7.91667],
			"to": [8.7, 1.8, 8.45],
			"rotation": {"angle": 0, "axis": "y", "origin": [8, 0, 8]},
			"faces": {
				"north": {"uv": [2.25, 0.25, 2.75, 0.75], "rotation": 90, "texture": "#0"},
				"east": {"uv": [2.25, 0.25, 2.75, 0.75], "rotation": 270, "texture": "#0"},
				"south": {"uv": [2.25, 0.25, 2.75, 0.75], "rotation": 90, "texture": "#0"},
				"west": {"uv": [2.25, 0.25, 2.75, 0.75], "rotation": 90, "texture": "#0"},
				"up": {"uv": [2.25, 0.25, 2.75, 0.75], "rotation": 180, "texture": "#0"},
				"down": {"uv": [2.25, 0.25, 2.75, 0.75], "texture": "#0"}
			}
		},
		{
			"name": "voxel",
			"from": [8.43333, 2.06667, 7.91667],
			"to": [8.7, 2.6, 8.45],
			"rotation": {"angle": 0, "axis": "y", "origin": [8, 0, 8]},
			"faces": {
				"north": {"uv": [2.25, 0.25, 2.75, 0.75], "rotation": 90, "texture": "#0"},
				"east": {"uv": [2.25, 0.25, 2.75, 0.75], "rotation": 270, "texture": "#0"},
				"south": {"uv": [2.25, 0.25, 2.75, 0.75], "rotation": 90, "texture": "#0"},
				"west": {"uv": [2.25, 0.25, 2.75, 0.75], "rotation": 90, "texture": "#0"},
				"up": {"uv": [2.25, 0.25, 2.75, 0.75], "rotation": 180, "texture": "#0"},
				"down": {"uv": [2.25, 0.25, 2.75, 0.75], "texture": "#0"}
			}
		},
		{
			"name": "voxel",
			"from": [8.43333, 2.86667, 7.91667],
			"to": [8.7, 3.4, 8.18333],
			"rotation": {"angle": 0, "axis": "y", "origin": [8, 0, 8]},
			"faces": {
				"north": {"uv": [1.25, 0.25, 1.75, 0.75], "rotation": 90, "texture": "#0"},
				"east": {"uv": [1.25, 0.25, 1.75, 0.75], "rotation": 270, "texture": "#0"},
				"south": {"uv": [1.25, 0.25, 1.75, 0.75], "rotation": 90, "texture": "#0"},
				"west": {"uv": [1.25, 0.25, 1.75, 0.75], "rotation": 90, "texture": "#0"},
				"up": {"uv": [1.25, 0.25, 1.75, 0.75], "rotation": 180, "texture": "#0"},
				"down": {"uv": [1.25, 0.25, 1.75, 0.75], "texture": "#0"}
			}
		},
		{
			"name": "voxel",
			"from": [8.43333, 3.66667, 7.91667],
			"to": [8.7, 4.2, 8.18333],
			"rotation": {"angle": 0, "axis": "y", "origin": [8, 0, 8]},
			"faces": {
				"north": {"uv": [1.25, 0.25, 1.75, 0.75], "rotation": 90, "texture": "#0"},
				"east": {"uv": [1.25, 0.25, 1.75, 0.75], "rotation": 270, "texture": "#0"},
				"south": {"uv": [1.25, 0.25, 1.75, 0.75], "rotation": 90, "texture": "#0"},
				"west": {"uv": [1.25, 0.25, 1.75, 0.75], "rotation": 90, "texture": "#0"},
				"up": {"uv": [1.25, 0.25, 1.75, 0.75], "rotation": 180, "texture": "#0"},
				"down": {"uv": [1.25, 0.25, 1.75, 0.75], "texture": "#0"}
			}
		},
		{
			"name": "voxel",
			"from": [8.43333, 4.46667, 7.91667],
			"to": [8.7, 4.73333, 8.45],
			"rotation": {"angle": 0, "axis": "y", "origin": [8, 0, 8]},
			"faces": {
				"north": {"uv": [1.25, 0.25, 1.75, 0.75], "rotation": 90, "texture": "#0"},
				"east": {"uv": [1.25, 0.25, 1.75, 0.75], "rotation": 270, "texture": "#0"},
				"south": {"uv": [1.25, 0.25, 1.75, 0.75], "rotation": 90, "texture": "#0"},
				"west": {"uv": [1.25, 0.25, 1.75, 0.75], "rotation": 90, "texture": "#0"},
				"up": {"uv": [1.25, 0.25, 1.75, 0.75], "rotation": 180, "texture": "#0"},
				"down": {"uv": [1.25, 0.25, 1.75, 0.75], "texture": "#0"}
			}
		},
		{
			"name": "voxel",
			"from": [7.36667, 0.46667, 7.65],
			"to": [7.63333, 0.73333, 8.71667],
			"rotation": {"angle": 0, "axis": "y", "origin": [8, 0, 8]},
			"faces": {
				"north": {"uv": [0.25, 0.25, 0.75, 0.75], "rotation": 90, "texture": "#0"},
				"east": {"uv": [0.25, 0.25, 0.75, 0.75], "rotation": 270, "texture": "#0"},
				"south": {"uv": [0.25, 0.25, 0.75, 0.75], "rotation": 90, "texture": "#0"},
				"west": {"uv": [0.25, 0.25, 0.75, 0.75], "rotation": 90, "texture": "#0"},
				"up": {"uv": [0.25, 0.25, 0.75, 0.75], "rotation": 180, "texture": "#0"},
				"down": {"uv": [0.25, 0.25, 0.75, 0.75], "texture": "#0"}
			}
		},
		{
			"name": "voxel",
			"from": [7.36667, 0.73333, 7.65],
			"to": [7.63333, 4.73333, 7.91667],
			"rotation": {"angle": 0, "axis": "y", "origin": [8, 0, 8]},
			"faces": {
				"north": {"uv": [1.25, 0.25, 1.75, 0.75], "rotation": 90, "texture": "#0"},
				"east": {"uv": [1.25, 0.25, 1.75, 0.75], "rotation": 270, "texture": "#0"},
				"south": {"uv": [1.25, 0.25, 1.75, 0.75], "rotation": 90, "texture": "#0"},
				"west": {"uv": [1.25, 0.25, 1.75, 0.75], "rotation": 90, "texture": "#0"},
				"up": {"uv": [1.25, 0.25, 1.75, 0.75], "rotation": 180, "texture": "#0"},
				"down": {"uv": [1.25, 0.25, 1.75, 0.75], "texture": "#0"}
			}
		},
		{
			"name": "voxel",
			"from": [7.36667, 4.73333, 7.65],
			"to": [7.63333, 5, 8.71667],
			"rotation": {"angle": 0, "axis": "y", "origin": [8, 0, 8]},
			"faces": {
				"north": {"uv": [0.25, 0.25, 0.75, 0.75], "rotation": 90, "texture": "#0"},
				"east": {"uv": [0.25, 0.25, 0.75, 0.75], "rotation": 270, "texture": "#0"},
				"south": {"uv": [0.25, 0.25, 0.75, 0.75], "rotation": 90, "texture": "#0"},
				"west": {"uv": [0.25, 0.25, 0.75, 0.75], "rotation": 90, "texture": "#0"},
				"up": {"uv": [0.25, 0.25, 0.75, 0.75], "rotation": 180, "texture": "#0"},
				"down": {"uv": [0.25, 0.25, 0.75, 0.75], "texture": "#0"}
			}
		},
		{
			"name": "voxel",
			"from": [7.63333, 0.46667, 7.65],
			"to": [8.43333, 0.73333, 7.91667],
			"rotation": {"angle": 0, "axis": "y", "origin": [8, 0, 8]},
			"faces": {
				"north": {"uv": [1.25, 0.25, 1.75, 0.75], "rotation": 90, "texture": "#0"},
				"east": {"uv": [1.25, 0.25, 1.75, 0.75], "rotation": 270, "texture": "#0"},
				"south": {"uv": [1.25, 0.25, 1.75, 0.75], "rotation": 90, "texture": "#0"},
				"west": {"uv": [1.25, 0.25, 1.75, 0.75], "rotation": 90, "texture": "#0"},
				"up": {"uv": [1.25, 0.25, 1.75, 0.75], "rotation": 180, "texture": "#0"},
				"down": {"uv": [1.25, 0.25, 1.75, 0.75], "texture": "#0"}
			}
		},
		{
			"name": "voxel",
			"from": [7.63333, 4.73333, 7.65],
			"to": [8.43333, 5, 7.91667],
			"rotation": {"angle": 0, "axis": "y", "origin": [8, 0, 8]},
			"faces": {
				"north": {"uv": [2.25, 0.25, 2.75, 0.75], "rotation": 90, "texture": "#0"},
				"east": {"uv": [2.25, 0.25, 2.75, 0.75], "rotation": 270, "texture": "#0"},
				"south": {"uv": [2.25, 0.25, 2.75, 0.75], "rotation": 90, "texture": "#0"},
				"west": {"uv": [2.25, 0.25, 2.75, 0.75], "rotation": 90, "texture": "#0"},
				"up": {"uv": [2.25, 0.25, 2.75, 0.75], "rotation": 180, "texture": "#0"},
				"down": {"uv": [2.25, 0.25, 2.75, 0.75], "texture": "#0"}
			}
		},
		{
			"name": "voxel",
			"from": [8.43333, 0.46667, 7.65],
			"to": [8.7, 0.73333, 8.71667],
			"rotation": {"angle": 0, "axis": "y", "origin": [8, 0, 8]},
			"faces": {
				"north": {"uv": [0.25, 0.25, 0.75, 0.75], "rotation": 90, "texture": "#0"},
				"east": {"uv": [0.25, 0.25, 0.75, 0.75], "rotation": 270, "texture": "#0"},
				"south": {"uv": [0.25, 0.25, 0.75, 0.75], "rotation": 90, "texture": "#0"},
				"west": {"uv": [0.25, 0.25, 0.75, 0.75], "rotation": 90, "texture": "#0"},
				"up": {"uv": [0.25, 0.25, 0.75, 0.75], "rotation": 180, "texture": "#0"},
				"down": {"uv": [0.25, 0.25, 0.75, 0.75], "texture": "#0"}
			}
		},
		{
			"name": "voxel",
			"from": [8.43333, 0.73333, 7.65],
			"to": [8.7, 4.73333, 7.91667],
			"rotation": {"angle": 0, "axis": "y", "origin": [8, 0, 8]},
			"faces": {
				"north": {"uv": [1.25, 0.25, 1.75, 0.75], "rotation": 90, "texture": "#0"},
				"east": {"uv": [1.25, 0.25, 1.75, 0.75], "rotation": 270, "texture": "#0"},
				"south": {"uv": [1.25, 0.25, 1.75, 0.75], "rotation": 90, "texture": "#0"},
				"west": {"uv": [1.25, 0.25, 1.75, 0.75], "rotation": 90, "texture": "#0"},
				"up": {"uv": [1.25, 0.25, 1.75, 0.75], "rotation": 180, "texture": "#0"},
				"down": {"uv": [1.25, 0.25, 1.75, 0.75], "texture": "#0"}
			}
		},
		{
			"name": "voxel",
			"from": [8.43333, 4.73333, 7.65],
			"to": [8.7, 5, 8.71667],
			"rotation": {"angle": 0, "axis": "y", "origin": [8, 0, 8]},
			"faces": {
				"north": {"uv": [0.25, 0.25, 0.75, 0.75], "rotation": 90, "texture": "#0"},
				"east": {"uv": [0.25, 0.25, 0.75, 0.75], "rotation": 270, "texture": "#0"},
				"south": {"uv": [0.25, 0.25, 0.75, 0.75], "rotation": 90, "texture": "#0"},
				"west": {"uv": [0.25, 0.25, 0.75, 0.75], "rotation": 90, "texture": "#0"},
				"up": {"uv": [0.25, 0.25, 0.75, 0.75], "rotation": 180, "texture": "#0"},
				"down": {"uv": [0.25, 0.25, 0.75, 0.75], "texture": "#0"}
			}
		},
		{
			"name": "voxel",
			"from": [7.36667, 0.73333, 7.38333],
			"to": [7.63333, 4.73333, 7.65],
			"rotation": {"angle": 0, "axis": "y", "origin": [8, 0, 8]},
			"faces": {
				"north": {"uv": [0.25, 0.25, 0.75, 0.75], "rotation": 90, "texture": "#0"},
				"east": {"uv": [0.25, 0.25, 0.75, 0.75], "rotation": 270, "texture": "#0"},
				"south": {"uv": [0.25, 0.25, 0.75, 0.75], "rotation": 90, "texture": "#0"},
				"west": {"uv": [0.25, 0.25, 0.75, 0.75], "rotation": 90, "texture": "#0"},
				"up": {"uv": [0.25, 0.25, 0.75, 0.75], "rotation": 180, "texture": "#0"},
				"down": {"uv": [0.25, 0.25, 0.75, 0.75], "texture": "#0"}
			}
		},
		{
			"name": "voxel",
			"from": [7.63333, 0.73333, 7.38333],
			"to": [7.9, 2.86667, 7.65],
			"rotation": {"angle": 0, "axis": "y", "origin": [8, 0, 8]},
			"faces": {
				"north": {"uv": [1.25, 0.25, 1.75, 0.75], "rotation": 90, "texture": "#0"},
				"east": {"uv": [1.25, 0.25, 1.75, 0.75], "rotation": 270, "texture": "#0"},
				"south": {"uv": [1.25, 0.25, 1.75, 0.75], "rotation": 90, "texture": "#0"},
				"west": {"uv": [1.25, 0.25, 1.75, 0.75], "rotation": 90, "texture": "#0"},
				"up": {"uv": [1.25, 0.25, 1.75, 0.75], "rotation": 180, "texture": "#0"},
				"down": {"uv": [1.25, 0.25, 1.75, 0.75], "texture": "#0"}
			}
		},
		{
			"name": "voxel",
			"from": [7.63333, 3.4, 7.38333],
			"to": [7.9, 3.66667, 7.65],
			"rotation": {"angle": 0, "axis": "y", "origin": [8, 0, 8]},
			"faces": {
				"north": {"uv": [1.25, 0.25, 1.75, 0.75], "rotation": 90, "texture": "#0"},
				"east": {"uv": [1.25, 0.25, 1.75, 0.75], "rotation": 270, "texture": "#0"},
				"south": {"uv": [1.25, 0.25, 1.75, 0.75], "rotation": 90, "texture": "#0"},
				"west": {"uv": [1.25, 0.25, 1.75, 0.75], "rotation": 90, "texture": "#0"},
				"up": {"uv": [1.25, 0.25, 1.75, 0.75], "rotation": 180, "texture": "#0"},
				"down": {"uv": [1.25, 0.25, 1.75, 0.75], "texture": "#0"}
			}
		},
		{
			"name": "voxel",
			"from": [7.63333, 4.2, 7.38333],
			"to": [7.9, 4.46667, 7.65],
			"rotation": {"angle": 0, "axis": "y", "origin": [8, 0, 8]},
			"faces": {
				"north": {"uv": [1.25, 0.25, 1.75, 0.75], "rotation": 90, "texture": "#0"},
				"east": {"uv": [1.25, 0.25, 1.75, 0.75], "rotation": 270, "texture": "#0"},
				"south": {"uv": [1.25, 0.25, 1.75, 0.75], "rotation": 90, "texture": "#0"},
				"west": {"uv": [1.25, 0.25, 1.75, 0.75], "rotation": 90, "texture": "#0"},
				"up": {"uv": [1.25, 0.25, 1.75, 0.75], "rotation": 180, "texture": "#0"},
				"down": {"uv": [1.25, 0.25, 1.75, 0.75], "texture": "#0"}
			}
		},
		{
			"name": "voxel",
			"from": [7.9, 0.73333, 7.38333],
			"to": [8.16667, 1, 7.65],
			"rotation": {"angle": 0, "axis": "y", "origin": [8, 0, 8]},
			"faces": {
				"north": {"uv": [2.25, 0.25, 2.75, 0.75], "rotation": 90, "texture": "#0"},
				"east": {"uv": [2.25, 0.25, 2.75, 0.75], "rotation": 270, "texture": "#0"},
				"south": {"uv": [2.25, 0.25, 2.75, 0.75], "rotation": 90, "texture": "#0"},
				"west": {"uv": [2.25, 0.25, 2.75, 0.75], "rotation": 90, "texture": "#0"},
				"up": {"uv": [2.25, 0.25, 2.75, 0.75], "rotation": 180, "texture": "#0"},
				"down": {"uv": [2.25, 0.25, 2.75, 0.75], "texture": "#0"}
			}
		},
		{
			"name": "voxel",
			"from": [7.9, 1.26667, 7.38333],
			"to": [8.16667, 1.8, 7.65],
			"rotation": {"angle": 0, "axis": "y", "origin": [8, 0, 8]},
			"faces": {
				"north": {"uv": [2.25, 0.25, 2.75, 0.75], "rotation": 90, "texture": "#0"},
				"east": {"uv": [2.25, 0.25, 2.75, 0.75], "rotation": 270, "texture": "#0"},
				"south": {"uv": [2.25, 0.25, 2.75, 0.75], "rotation": 90, "texture": "#0"},
				"west": {"uv": [2.25, 0.25, 2.75, 0.75], "rotation": 90, "texture": "#0"},
				"up": {"uv": [2.25, 0.25, 2.75, 0.75], "rotation": 180, "texture": "#0"},
				"down": {"uv": [2.25, 0.25, 2.75, 0.75], "texture": "#0"}
			}
		},
		{
			"name": "voxel",
			"from": [7.9, 2.06667, 7.38333],
			"to": [8.16667, 2.6, 7.65],
			"rotation": {"angle": 0, "axis": "y", "origin": [8, 0, 8]},
			"faces": {
				"north": {"uv": [2.25, 0.25, 2.75, 0.75], "rotation": 90, "texture": "#0"},
				"east": {"uv": [2.25, 0.25, 2.75, 0.75], "rotation": 270, "texture": "#0"},
				"south": {"uv": [2.25, 0.25, 2.75, 0.75], "rotation": 90, "texture": "#0"},
				"west": {"uv": [2.25, 0.25, 2.75, 0.75], "rotation": 90, "texture": "#0"},
				"up": {"uv": [2.25, 0.25, 2.75, 0.75], "rotation": 180, "texture": "#0"},
				"down": {"uv": [2.25, 0.25, 2.75, 0.75], "texture": "#0"}
			}
		},
		{
			"name": "voxel",
			"from": [7.63333, 2.86667, 7.38333],
			"to": [8.16667, 3.4, 7.65],
			"rotation": {"angle": 0, "axis": "y", "origin": [8, 0, 8]},
			"faces": {
				"north": {"uv": [1.25, 0.25, 1.75, 0.75], "rotation": 90, "texture": "#0"},
				"east": {"uv": [1.25, 0.25, 1.75, 0.75], "rotation": 270, "texture": "#0"},
				"south": {"uv": [1.25, 0.25, 1.75, 0.75], "rotation": 90, "texture": "#0"},
				"west": {"uv": [1.25, 0.25, 1.75, 0.75], "rotation": 90, "texture": "#0"},
				"up": {"uv": [1.25, 0.25, 1.75, 0.75], "rotation": 180, "texture": "#0"},
				"down": {"uv": [1.25, 0.25, 1.75, 0.75], "texture": "#0"}
			}
		},
		{
			"name": "voxel",
			"from": [7.63333, 3.66667, 7.38333],
			"to": [8.16667, 4.2, 7.65],
			"rotation": {"angle": 0, "axis": "y", "origin": [8, 0, 8]},
			"faces": {
				"north": {"uv": [1.25, 0.25, 1.75, 0.75], "rotation": 90, "texture": "#0"},
				"east": {"uv": [1.25, 0.25, 1.75, 0.75], "rotation": 270, "texture": "#0"},
				"south": {"uv": [1.25, 0.25, 1.75, 0.75], "rotation": 90, "texture": "#0"},
				"west": {"uv": [1.25, 0.25, 1.75, 0.75], "rotation": 90, "texture": "#0"},
				"up": {"uv": [1.25, 0.25, 1.75, 0.75], "rotation": 180, "texture": "#0"},
				"down": {"uv": [1.25, 0.25, 1.75, 0.75], "texture": "#0"}
			}
		},
		{
			"name": "voxel",
			"from": [7.63333, 4.46667, 7.38333],
			"to": [8.16667, 4.73333, 7.65],
			"rotation": {"angle": 0, "axis": "y", "origin": [8, 0, 8]},
			"faces": {
				"north": {"uv": [1.25, 0.25, 1.75, 0.75], "rotation": 90, "texture": "#0"},
				"east": {"uv": [1.25, 0.25, 1.75, 0.75], "rotation": 270, "texture": "#0"},
				"south": {"uv": [1.25, 0.25, 1.75, 0.75], "rotation": 90, "texture": "#0"},
				"west": {"uv": [1.25, 0.25, 1.75, 0.75], "rotation": 90, "texture": "#0"},
				"up": {"uv": [1.25, 0.25, 1.75, 0.75], "rotation": 180, "texture": "#0"},
				"down": {"uv": [1.25, 0.25, 1.75, 0.75], "texture": "#0"}
			}
		},
		{
			"name": "voxel",
			"from": [7.36667, 0.46667, 7.38333],
			"to": [8.43333, 0.73333, 7.65],
			"rotation": {"angle": 0, "axis": "y", "origin": [8, 0, 8]},
			"faces": {
				"north": {"uv": [0.25, 0.25, 0.75, 0.75], "rotation": 90, "texture": "#0"},
				"east": {"uv": [0.25, 0.25, 0.75, 0.75], "rotation": 270, "texture": "#0"},
				"south": {"uv": [0.25, 0.25, 0.75, 0.75], "rotation": 90, "texture": "#0"},
				"west": {"uv": [0.25, 0.25, 0.75, 0.75], "rotation": 90, "texture": "#0"},
				"up": {"uv": [0.25, 0.25, 0.75, 0.75], "rotation": 180, "texture": "#0"},
				"down": {"uv": [0.25, 0.25, 0.75, 0.75], "texture": "#0"}
			}
		},
		{
			"name": "voxel",
			"from": [8.16667, 0.73333, 7.38333],
			"to": [8.43333, 3.93333, 7.65],
			"rotation": {"angle": 0, "axis": "y", "origin": [8, 0, 8]},
			"faces": {
				"north": {"uv": [2.25, 0.25, 2.75, 0.75], "rotation": 90, "texture": "#0"},
				"east": {"uv": [2.25, 0.25, 2.75, 0.75], "rotation": 270, "texture": "#0"},
				"south": {"uv": [2.25, 0.25, 2.75, 0.75], "rotation": 90, "texture": "#0"},
				"west": {"uv": [2.25, 0.25, 2.75, 0.75], "rotation": 90, "texture": "#0"},
				"up": {"uv": [2.25, 0.25, 2.75, 0.75], "rotation": 180, "texture": "#0"},
				"down": {"uv": [2.25, 0.25, 2.75, 0.75], "texture": "#0"}
			}
		},
		{
			"name": "voxel",
			"from": [8.16667, 3.93333, 7.38333],
			"to": [8.43333, 4.73333, 7.65],
			"rotation": {"angle": 0, "axis": "y", "origin": [8, 0, 8]},
			"faces": {
				"north": {"uv": [1.25, 0.25, 1.75, 0.75], "rotation": 90, "texture": "#0"},
				"east": {"uv": [1.25, 0.25, 1.75, 0.75], "rotation": 270, "texture": "#0"},
				"south": {"uv": [1.25, 0.25, 1.75, 0.75], "rotation": 90, "texture": "#0"},
				"west": {"uv": [1.25, 0.25, 1.75, 0.75], "rotation": 90, "texture": "#0"},
				"up": {"uv": [1.25, 0.25, 1.75, 0.75], "rotation": 180, "texture": "#0"},
				"down": {"uv": [1.25, 0.25, 1.75, 0.75], "texture": "#0"}
			}
		},
		{
			"name": "voxel",
			"from": [7.36667, 4.73333, 7.38333],
			"to": [8.43333, 5, 7.65],
			"rotation": {"angle": 0, "axis": "y", "origin": [8, 0, 8]},
			"faces": {
				"north": {"uv": [0.25, 0.25, 0.75, 0.75], "rotation": 90, "texture": "#0"},
				"east": {"uv": [0.25, 0.25, 0.75, 0.75], "rotation": 270, "texture": "#0"},
				"south": {"uv": [0.25, 0.25, 0.75, 0.75], "rotation": 90, "texture": "#0"},
				"west": {"uv": [0.25, 0.25, 0.75, 0.75], "rotation": 90, "texture": "#0"},
				"up": {"uv": [0.25, 0.25, 0.75, 0.75], "rotation": 180, "texture": "#0"},
				"down": {"uv": [0.25, 0.25, 0.75, 0.75], "texture": "#0"}
			}
		},
		{
			"name": "voxel",
			"from": [8.43333, 0.46667, 7.38333],
			"to": [8.7, 5, 7.65],
			"rotation": {"angle": 0, "axis": "y", "origin": [8, 0, 8]},
			"faces": {
				"north": {"uv": [0.25, 0.25, 0.75, 0.75], "rotation": 90, "texture": "#0"},
				"east": {"uv": [0.25, 0.25, 0.75, 0.75], "rotation": 270, "texture": "#0"},
				"south": {"uv": [0.25, 0.25, 0.75, 0.75], "rotation": 90, "texture": "#0"},
				"west": {"uv": [0.25, 0.25, 0.75, 0.75], "rotation": 90, "texture": "#0"},
				"up": {"uv": [0.25, 0.25, 0.75, 0.75], "rotation": 180, "texture": "#0"},
				"down": {"uv": [0.25, 0.25, 0.75, 0.75], "texture": "#0"}
			}
		}
	],
	"display": {
		"thirdperson_righthand": {
			"translation": [-0.75, 5.25, 0.5],
			"scale": [1, 1, 1]
		},
		"firstperson_righthand": {
			"rotation": [-21.25, 0, 0],
			"translation": [2.75, 9.25, -2.5],
			"scale": [1, 1, 1]
		},
		"firstperson_lefthand": {
			"rotation": [-21.25, 0, 0],
			"translation": [2.75, 9.25, -2.5],
			"scale": [1.5, 1.5, 1.5]
		},
		"ground": {
			"rotation": [0, 0, 90],
			"translation": [-7, -1, -0.25],
			"scale": [1.25, 1.25, 1.25]
		},
		"gui": {
			"rotation": [0, 0, -45],
			"translation": [11, 11, 0],
			"scale": [3, 3, 3]
		},
		"fixed": {
			"rotation": [0, 90, 0],
			"translation": [0, 10.25, 0],
			"scale": [2, 2, 2]
		}
	},
	"groups": [
		{
			"name": "voxel_file",
			"origin": [8, 8, 8],
			"color": 0,
			"children": [0, 1, 2, 3, 4, 5, 6, 7, 8, 9, 10, 11, 12, 13, 14, 15, 16, 17, 18, 19, 20, 21, 22, 23, 24, 25, 26, 27, 28, 29, 30, 31, 32, 33, 34, 35, 36, 37, 38, 39, 40, 41, 42, 43, 44, 45, 46, 47, 48, 49, 50, 51, 52, 53, 54, 55, 56, 57, 58, 59, 60, 61, 62, 63, 64, 65, 66, 67, 68, 69, 70, 71, 72, 73, 74, 75]
		}
	]
}