{
	"parent": "item/generated",
	"textures": {
		"spyglass": "item/spyglass_model"
	},
	"overrides" : [
		{"predicate": {"custom_model_data":1}, "model":"item/mammoth0"},
		{"predicate": {"custom_model_data":2}, "model":"item/mammoth1"},
		{"predicate": {"custom_model_data":3}, "model":"item/mammoth2"},
		{"predicate": {"custom_model_data":4}, "model":"item/mammoth3"},
		{"predicate": {"custom_model_data":5}, "model":"item/mammoth4"},
		{"predicate": {"custom_model_data":6}, "model":"item/mammoth5"},
		{"predicate": {"custom_model_data":7}, "model":"item/mammoth6"},
		{"predicate": {"custom_model_data":8}, "model":"item/mammoth7"},
		{"predicate": {"custom_model_data":9}, "model":"item/mammoth8"},
		{"predicate": {"custom_model_data":10}, "model":"item/mammoth9"},
		{"predicate": {"custom_model_data":1850}, "model":"item/vrg"},
		{"predicate": {"custom_model_data":18501}, "model":"item/vrg_reloading"}
	],
    "elements": [
        {
            "from": [7, 8.5, 7],
            "to": [9, 13.5, 9],
            "faces": {
                "north": {"uv": [0, 2, 2, 7], "texture": "#spyglass"},
                "east": {"uv": [0, 2, 2, 7], "texture": "#spyglass"},
                "south": {"uv": [0, 2, 2, 7], "texture": "#spyglass"},
                "west": {"uv": [0, 2, 2, 7], "texture": "#spyglass"},
                "up": {"uv": [0, 0, 2, 2], "texture": "#spyglass"}
            }
        },
        {
            "from": [6.9, 2.4, 6.9],
            "to": [9.1, 8.6, 9.1],
            "faces": {
                "north": {"uv": [0, 7, 2, 13], "texture": "#spyglass"},
                "east": {"uv": [0, 7, 2, 13], "texture": "#spyglass"},
                "south": {"uv": [0, 7, 2, 13], "texture": "#spyglass"},
                "west": {"uv": [0, 7, 2, 13], "texture": "#spyglass"},
                "up": {"uv": [0, 5, 2, 7], "texture": "#spyglass"},
                "down": {"uv": [0, 13, 2, 15], "texture": "#spyglass"}
            }
        }
    ],
    "gui_light": "front",
    "display": {
        "thirdperson_righthand": {
            "translation": [0, -2, 0]
        },
        "ground": {
            "rotation": [90, 0, 0]
        },
        "gui": {
            "rotation": [-67.5, 0, 45],
            "scale": [1.5, 1.5, 1.5]
        },
        "head": {
            "rotation": [90, 0, 0],
            "translation": [0, 0, -16],
            "scale": [4.0, 4.0, 4.0]
        },
        "fixed": {
            "translation": [0, 0, -1.5],
            "scale": [1.5, 1.5, 1.5]
        }
    }
}