{
	"parent": "item/generated",
	"textures": {
		"layer0": "item/spyglass"
		
	},
	
	"overrides": [
		{"predicate": {"custom_model_data":1}, "model":"item/mammoth_as_item"},
		{"predicate": {"custom_model_data":2}, "model":"item/mammoth_as_item"},
		{"predicate": {"custom_model_data":3}, "model":"item/mammoth_as_item"},
		{"predicate": {"custom_model_data":4}, "model":"item/mammoth_as_item"},
		{"predicate": {"custom_model_data":5}, "model":"item/mammoth_as_item"},
		{"predicate": {"custom_model_data":6}, "model":"item/mammoth_as_item"},
		{"predicate": {"custom_model_data":7}, "model":"item/mammoth_as_item"},
		{"predicate": {"custom_model_data":8}, "model":"item/mammoth_as_item"},
		{"predicate": {"custom_model_data":9}, "model":"item/mammoth_as_item"},
		{"predicate": {"custom_model_data":10}, "model":"item/mammoth_as_item"},
		{"predicate": {"custom_model_data":1850}, "model":"item/vrg"},
		{"predicate": {"custom_model_data":18501}, "model":"item/vrg_reloading"}
	]
}