{
	"credit": "Made with Blockbench",
	"parent": "item/handheld",
	"textures": {
		"layer0": "item/bedrock_creeper_spawn_egg"
	},
	"display": {
		"thirdperson_righthand": {
			"translation": [0, 2.75, 0.75],
			"scale": [0.5, 0.5, 0.5]
		},
		"thirdperson_lefthand": {
			"translation": [0, 2.25, 1],
			"scale": [0.5, 0.5, 0.5]
		},
		"ground": {
			"translation": [0, 0.75, 0],
			"scale": [0.8, 0.8, 0.8]
		},
		"gui": {
			"scale": [0.9, 0.9, 0.9]
		},
		"fixed": {
			"scale": [0.8, 0.8, 0.8]
		}
	}
}