{
	"parent": "item/generated",
	"textures": {
		"layer0": "item/carrot_on_a_stick"
	},
	
	"overrides": [
		{"predicate": {"custom_model_data":1}, "model": "item/oak_heart_of_the_sea"},
		{"predicate": {"custom_model_data":2}, "model": "item/stone_heart_of_the_sea"},
		{"predicate": {"custom_model_data":3}, "model": "item/iron_heart_of_the_sea"},
		{"predicate": {"custom_model_data":4}, "model": "item/gold_heart_of_the_sea"},
		{"predicate": {"custom_model_data":5}, "model": "item/diamond_heart_of_the_sea"},
		{"predicate": {"custom_model_data":6}, "model": "item/oak_star"},
		{"predicate": {"custom_model_data":102}, "model": "item/stone_star"},
		{"predicate": {"custom_model_data":103}, "model": "item/iron_star"},
		{"predicate": {"custom_model_data":104}, "model": "item/gold_star"},
		{"predicate": {"custom_model_data":105}, "model": "item/diamond_star"}
	]
}