{
	"parent": "item/generated",
	"textures": {
		"layer0": "item/creeper_spawn_egg"
	},
	
	"overrides": [
		{"predicate": {"custom_model_data":0},"model": "item/creeper_spawn_egg"},
		{"predicate": {"custom_model_data":1},"model": "item/bedrock_creeper_spawn_egg"},
		{"predicate": {"custom_model_data":2},"model": "item/bedrock_creeper_spawn_egg"}
	]                                                    
}                                                        
                                                         