{
	"credit": "Made with Blockbench",
	"parent": "item/handheld",
	"textures": {
		"layer0": "item/diamond_heart_of_the_sea"
	},
	"display": {
		"thirdperson_righthand": {
			"rotation": [0, 90, 0],
			"translation": [0.25, 2, -2.75]
		},
		"thirdperson_lefthand": {
			"rotation": [0, -90, 0],
			"translation": [0, 3, -3]
		},
		"firstperson_righthand": {
			"rotation": [24, 87, 0],
			"translation": [0, 0.75, 0.5],
			"scale": [0.8, 0.8, 0.8]
		},
		"firstperson_lefthand": {
			"rotation": [0, -77, 0],
			"translation": [0, 4.75, 0]
		},
		"ground": {
			"translation": [0, 3.25, 0],
			"scale": [0.4, 0.4, 0.4]
		}
	}
}