{
	"parent": "item/generated",
	"textures": {
		"layer0": "item/warped_fungus_on_a_stick"
	},
	
	"overrides": [
		{"predicate": {"custom_model_data":1}, "model": "item/warped_fungus_on_a_stick1"},
		{"predicate": {"custom_model_data":2}, "model": "item/warped_fungus_on_a_stick2"},
		{"predicate": {"custom_model_data":3}, "model": "item/warped_fungus_on_a_stick3"},
		{"predicate": {"custom_model_data":4}, "model": "item/warped_fungus_on_a_stick4"},
		{"predicate": {"custom_model_data":5}, "model": "item/warped_fungus_on_a_stick5"}
		
	]                                                    
}                                                        
                                                         