{
	"parent": "item/generated",
	"textures": {
		"layer0": "item/tnt"
	},
	
	"overrides": [
		{"predicate": {"custom_model_data":0}, "model": "item/egg_tnt"}, 
		{"predicate": {"custom_model_data":1}, "model": "item/stone_tnt"},
		{"predicate": {"custom_model_data":2}, "model": "item/copper_tnt"},
		{"predicate": {"custom_model_data":3}, "model": "item/iron_tnt"},
		{"predicate": {"custom_model_data":4}, "model": "item/gold_tnt"},
		{"predicate": {"custom_model_data":5}, "model": "item/diamond_tnt"}
	]
}